Copyright 1986-2022 Xilinx, Inc. All Rights Reserved. Copyright 2022-2025 Advanced Micro Devices, Inc. All Rights Reserved.
---------------------------------------------------------------------------------------------------------------------------------------------------------------------------------------------------------------------------
| Tool Version : Vivado v.2025.2 (win64) Build 6299465 Fri Nov 14 19:35:11 GMT 2025
| Date         : Sun Jan 11 13:03:33 2026
| Host         : Alexgh running 64-bit major release  (build 9200)
| Command      : report_timing_summary -max_paths 10 -routable_nets -report_unconstrained -file blink_timing_summary_routed.rpt -pb blink_timing_summary_routed.pb -rpx blink_timing_summary_routed.rpx -warn_on_violation
| Design       : blink
| Device       : 7a200t-sbg484
| Speed File   : -1  PRODUCTION 1.23 2018-06-13
| Design State : Routed
---------------------------------------------------------------------------------------------------------------------------------------------------------------------------------------------------------------------------

Timing Summary Report

------------------------------------------------------------------------------------------------
| Timer Settings
| --------------
------------------------------------------------------------------------------------------------

  Enable Multi Corner Analysis               :  Yes
  Enable Pessimism Removal                   :  Yes
  Pessimism Removal Resolution               :  Nearest Common Node
  Enable Input Delay Default Clock           :  No
  Enable Preset / Clear Arcs                 :  No
  Disable Flight Delays                      :  No
  Ignore I/O Paths                           :  No
  Timing Early Launch at Borrowing Latches   :  No
  Borrow Time for Max Delay Exceptions       :  Yes
  Merge Timing Exceptions                    :  Yes
  Inter-SLR Compensation                     :  Conservative

  Corner  Analyze    Analyze    
  Name    Max Paths  Min Paths  
  ------  ---------  ---------  
  Slow    Yes        Yes        
  Fast    Yes        Yes        


------------------------------------------------------------------------------------------------
| Report Methodology
| ------------------
------------------------------------------------------------------------------------------------

Rule       Severity  Description                    Violations  
---------  --------  -----------------------------  ----------  
TIMING-18  Warning   Missing input or output delay  1           

Note: This report is based on the most recent report_methodology run and may not be up-to-date. Run report_methodology on the current design for the latest report.



check_timing report

Table of Contents
-----------------
1. checking no_clock (0)
2. checking constant_clock (0)
3. checking pulse_width_clock (0)
4. checking unconstrained_internal_endpoints (0)
5. checking no_input_delay (0)
6. checking no_output_delay (1)
7. checking multiple_clock (0)
8. checking generated_clocks (0)
9. checking loops (0)
10. checking partial_input_delay (0)
11. checking partial_output_delay (0)
12. checking latch_loops (0)

1. checking no_clock (0)
------------------------
 There are 0 register/latch pins with no clock.


2. checking constant_clock (0)
------------------------------
 There are 0 register/latch pins with constant_clock.


3. checking pulse_width_clock (0)
---------------------------------
 There are 0 register/latch pins which need pulse_width check


4. checking unconstrained_internal_endpoints (0)
------------------------------------------------
 There are 0 pins that are not constrained for maximum delay.

 There are 0 pins that are not constrained for maximum delay due to constant clock.


5. checking no_input_delay (0)
------------------------------
 There are 0 input ports with no input delay specified.

 There are 0 input ports with no input delay but user has a false path constraint.


6. checking no_output_delay (1)
-------------------------------
 There is 1 port with no output delay specified. (HIGH)

 There are 0 ports with no output delay but user has a false path constraint

 There are 0 ports with no output delay but with a timing clock defined on it or propagating through it


7. checking multiple_clock (0)
------------------------------
 There are 0 register/latch pins with multiple clocks.


8. checking generated_clocks (0)
--------------------------------
 There are 0 generated clocks that are not connected to a clock source.


9. checking loops (0)
---------------------
 There are 0 combinational loops in the design.


10. checking partial_input_delay (0)
------------------------------------
 There are 0 input ports with partial input delay specified.


11. checking partial_output_delay (0)
-------------------------------------
 There are 0 ports with partial output delay specified.


12. checking latch_loops (0)
----------------------------
 There are 0 combinational latch loops in the design through latch input



------------------------------------------------------------------------------------------------
| Design Timing Summary
| ---------------------
------------------------------------------------------------------------------------------------

    WNS(ns)      TNS(ns)  TNS Failing Endpoints  TNS Total Endpoints      WHS(ns)      THS(ns)  THS Failing Endpoints  THS Total Endpoints     WPWS(ns)     TPWS(ns)  TPWS Failing Endpoints  TPWS Total Endpoints  
    -------      -------  ---------------------  -------------------      -------      -------  ---------------------  -------------------     --------     --------  ----------------------  --------------------  
      5.978        0.000                      0                   65        0.245        0.000                      0                   65        4.500        0.000                       0                    34  


All user specified timing constraints are met.


------------------------------------------------------------------------------------------------
| Clock Summary
| -------------
------------------------------------------------------------------------------------------------

Clock        Waveform(ns)       Period(ns)      Frequency(MHz)
-----        ------------       ----------      --------------
sys_clk_pin  {0.000 5.000}      10.000          100.000         


------------------------------------------------------------------------------------------------
| Intra Clock Table
| -----------------
------------------------------------------------------------------------------------------------

Clock             WNS(ns)      TNS(ns)  TNS Failing Endpoints  TNS Total Endpoints      WHS(ns)      THS(ns)  THS Failing Endpoints  THS Total Endpoints     WPWS(ns)     TPWS(ns)  TPWS Failing Endpoints  TPWS Total Endpoints  
-----             -------      -------  ---------------------  -------------------      -------      -------  ---------------------  -------------------     --------     --------  ----------------------  --------------------  
sys_clk_pin         5.978        0.000                      0                   65        0.245        0.000                      0                   65        4.500        0.000                       0                    34  


------------------------------------------------------------------------------------------------
| Inter Clock Table
| -----------------
------------------------------------------------------------------------------------------------

From Clock    To Clock          WNS(ns)      TNS(ns)  TNS Failing Endpoints  TNS Total Endpoints      WHS(ns)      THS(ns)  THS Failing Endpoints  THS Total Endpoints  
----------    --------          -------      -------  ---------------------  -------------------      -------      -------  ---------------------  -------------------  


------------------------------------------------------------------------------------------------
| Other Path Groups Table
| -----------------------
------------------------------------------------------------------------------------------------

Path Group    From Clock    To Clock          WNS(ns)      TNS(ns)  TNS Failing Endpoints  TNS Total Endpoints      WHS(ns)      THS(ns)  THS Failing Endpoints  THS Total Endpoints  
----------    ----------    --------          -------      -------  ---------------------  -------------------      -------      -------  ---------------------  -------------------  


------------------------------------------------------------------------------------------------
| User Ignored Path Table
| -----------------------
------------------------------------------------------------------------------------------------

Path Group    From Clock    To Clock    
----------    ----------    --------    


------------------------------------------------------------------------------------------------
| Unconstrained Path Table
| ------------------------
------------------------------------------------------------------------------------------------

Path Group    From Clock    To Clock    
----------    ----------    --------    
(none)                                    
(none)        sys_clk_pin                 


------------------------------------------------------------------------------------------------
| Timing Details
| --------------
------------------------------------------------------------------------------------------------


---------------------------------------------------------------------------------------------------
From Clock:  sys_clk_pin
  To Clock:  sys_clk_pin

Setup :            0  Failing Endpoints,  Worst Slack        5.978ns,  Total Violation        0.000ns
Hold  :            0  Failing Endpoints,  Worst Slack        0.245ns,  Total Violation        0.000ns
PW    :            0  Failing Endpoints,  Worst Slack        4.500ns,  Total Violation        0.000ns
---------------------------------------------------------------------------------------------------


Max Delay Paths
--------------------------------------------------------------------------------------
Slack (MET) :             5.978ns  (required time - arrival time)
  Source:                 counter_reg[5]/C
                            (rising edge-triggered cell FDRE clocked by sys_clk_pin  {rise@0.000ns fall@5.000ns period=10.000ns})
  Destination:            counter_reg[29]/R
                            (rising edge-triggered cell FDRE clocked by sys_clk_pin  {rise@0.000ns fall@5.000ns period=10.000ns})
  Path Group:             sys_clk_pin
  Path Type:              Setup (Max at Slow Process Corner)
  Requirement:            10.000ns  (sys_clk_pin rise@10.000ns - sys_clk_pin rise@0.000ns)
  Data Path Delay:        3.526ns  (logic 0.704ns (19.965%)  route 2.822ns (80.035%))
  Logic Levels:           2  (LUT6=2)
  Clock Path Skew:        -0.031ns (DCD - SCD + CPR)
    Destination Clock Delay (DCD):    5.383ns = ( 15.383 - 10.000 ) 
    Source Clock Delay      (SCD):    5.701ns
    Clock Pessimism Removal (CPR):    0.287ns
  Clock Uncertainty:      0.035ns  ((TSJ^2 + TIJ^2)^1/2 + DJ) / 2 + PE
    Total System Jitter     (TSJ):    0.071ns
    Total Input Jitter      (TIJ):    0.000ns
    Discrete Jitter          (DJ):    0.000ns
    Phase Error              (PE):    0.000ns

    Location             Delay type                Incr(ns)  Path(ns)    Netlist Resource(s)
  -------------------------------------------------------------------    -------------------
                         (clock sys_clk_pin rise edge)
                                                      0.000     0.000 r  
    R4                                                0.000     0.000 r  clk (IN)
                         net (fo=0)                   0.000     0.000    clk
    R4                   IBUF (Prop_ibuf_I_O)         1.475     1.475 r  clk_IBUF_inst/O
                         net (fo=1, routed)           2.114     3.589    clk_IBUF
    BUFGCTRL_X0Y0        BUFG (Prop_bufg_I_O)         0.096     3.685 r  clk_IBUF_BUFG_inst/O
                         net (fo=33, routed)          2.016     5.701    clk_IBUF_BUFG
    SLICE_X0Y67          FDRE                                         r  counter_reg[5]/C
  -------------------------------------------------------------------    -------------------
    SLICE_X0Y67          FDRE (Prop_fdre_C_Q)         0.456     6.157 f  counter_reg[5]/Q
                         net (fo=2, routed)           0.819     6.976    counter[5]
    SLICE_X1Y67          LUT6 (Prop_lut6_I1_O)        0.124     7.100 r  counter[31]_i_4/O
                         net (fo=1, routed)           0.949     8.049    counter[31]_i_4_n_0
    SLICE_X1Y69          LUT6 (Prop_lut6_I1_O)        0.124     8.173 r  counter[31]_i_1/O
                         net (fo=33, routed)          1.054     9.227    led_0_state
    SLICE_X0Y73          FDRE                                         r  counter_reg[29]/R
  -------------------------------------------------------------------    -------------------

                         (clock sys_clk_pin rise edge)
                                                     10.000    10.000 r  
    R4                                                0.000    10.000 r  clk (IN)
                         net (fo=0)                   0.000    10.000    clk
    R4                   IBUF (Prop_ibuf_I_O)         1.405    11.405 r  clk_IBUF_inst/O
                         net (fo=1, routed)           2.004    13.409    clk_IBUF
    BUFGCTRL_X0Y0        BUFG (Prop_bufg_I_O)         0.091    13.500 r  clk_IBUF_BUFG_inst/O
                         net (fo=33, routed)          1.883    15.383    clk_IBUF_BUFG
    SLICE_X0Y73          FDRE                                         r  counter_reg[29]/C
                         clock pessimism              0.287    15.670    
                         clock uncertainty           -0.035    15.635    
    SLICE_X0Y73          FDRE (Setup_fdre_C_R)       -0.429    15.206    counter_reg[29]
  -------------------------------------------------------------------
                         required time                         15.206    
                         arrival time                          -9.227    
  -------------------------------------------------------------------
                         slack                                  5.978    

Slack (MET) :             5.978ns  (required time - arrival time)
  Source:                 counter_reg[5]/C
                            (rising edge-triggered cell FDRE clocked by sys_clk_pin  {rise@0.000ns fall@5.000ns period=10.000ns})
  Destination:            counter_reg[30]/R
                            (rising edge-triggered cell FDRE clocked by sys_clk_pin  {rise@0.000ns fall@5.000ns period=10.000ns})
  Path Group:             sys_clk_pin
  Path Type:              Setup (Max at Slow Process Corner)
  Requirement:            10.000ns  (sys_clk_pin rise@10.000ns - sys_clk_pin rise@0.000ns)
  Data Path Delay:        3.526ns  (logic 0.704ns (19.965%)  route 2.822ns (80.035%))
  Logic Levels:           2  (LUT6=2)
  Clock Path Skew:        -0.031ns (DCD - SCD + CPR)
    Destination Clock Delay (DCD):    5.383ns = ( 15.383 - 10.000 ) 
    Source Clock Delay      (SCD):    5.701ns
    Clock Pessimism Removal (CPR):    0.287ns
  Clock Uncertainty:      0.035ns  ((TSJ^2 + TIJ^2)^1/2 + DJ) / 2 + PE
    Total System Jitter     (TSJ):    0.071ns
    Total Input Jitter      (TIJ):    0.000ns
    Discrete Jitter          (DJ):    0.000ns
    Phase Error              (PE):    0.000ns

    Location             Delay type                Incr(ns)  Path(ns)    Netlist Resource(s)
  -------------------------------------------------------------------    -------------------
                         (clock sys_clk_pin rise edge)
                                                      0.000     0.000 r  
    R4                                                0.000     0.000 r  clk (IN)
                         net (fo=0)                   0.000     0.000    clk
    R4                   IBUF (Prop_ibuf_I_O)         1.475     1.475 r  clk_IBUF_inst/O
                         net (fo=1, routed)           2.114     3.589    clk_IBUF
    BUFGCTRL_X0Y0        BUFG (Prop_bufg_I_O)         0.096     3.685 r  clk_IBUF_BUFG_inst/O
                         net (fo=33, routed)          2.016     5.701    clk_IBUF_BUFG
    SLICE_X0Y67          FDRE                                         r  counter_reg[5]/C
  -------------------------------------------------------------------    -------------------
    SLICE_X0Y67          FDRE (Prop_fdre_C_Q)         0.456     6.157 f  counter_reg[5]/Q
                         net (fo=2, routed)           0.819     6.976    counter[5]
    SLICE_X1Y67          LUT6 (Prop_lut6_I1_O)        0.124     7.100 r  counter[31]_i_4/O
                         net (fo=1, routed)           0.949     8.049    counter[31]_i_4_n_0
    SLICE_X1Y69          LUT6 (Prop_lut6_I1_O)        0.124     8.173 r  counter[31]_i_1/O
                         net (fo=33, routed)          1.054     9.227    led_0_state
    SLICE_X0Y73          FDRE                                         r  counter_reg[30]/R
  -------------------------------------------------------------------    -------------------

                         (clock sys_clk_pin rise edge)
                                                     10.000    10.000 r  
    R4                                                0.000    10.000 r  clk (IN)
                         net (fo=0)                   0.000    10.000    clk
    R4                   IBUF (Prop_ibuf_I_O)         1.405    11.405 r  clk_IBUF_inst/O
                         net (fo=1, routed)           2.004    13.409    clk_IBUF
    BUFGCTRL_X0Y0        BUFG (Prop_bufg_I_O)         0.091    13.500 r  clk_IBUF_BUFG_inst/O
                         net (fo=33, routed)          1.883    15.383    clk_IBUF_BUFG
    SLICE_X0Y73          FDRE                                         r  counter_reg[30]/C
                         clock pessimism              0.287    15.670    
                         clock uncertainty           -0.035    15.635    
    SLICE_X0Y73          FDRE (Setup_fdre_C_R)       -0.429    15.206    counter_reg[30]
  -------------------------------------------------------------------
                         required time                         15.206    
                         arrival time                          -9.227    
  -------------------------------------------------------------------
                         slack                                  5.978    

Slack (MET) :             5.978ns  (required time - arrival time)
  Source:                 counter_reg[5]/C
                            (rising edge-triggered cell FDRE clocked by sys_clk_pin  {rise@0.000ns fall@5.000ns period=10.000ns})
  Destination:            counter_reg[31]/R
                            (rising edge-triggered cell FDRE clocked by sys_clk_pin  {rise@0.000ns fall@5.000ns period=10.000ns})
  Path Group:             sys_clk_pin
  Path Type:              Setup (Max at Slow Process Corner)
  Requirement:            10.000ns  (sys_clk_pin rise@10.000ns - sys_clk_pin rise@0.000ns)
  Data Path Delay:        3.526ns  (logic 0.704ns (19.965%)  route 2.822ns (80.035%))
  Logic Levels:           2  (LUT6=2)
  Clock Path Skew:        -0.031ns (DCD - SCD + CPR)
    Destination Clock Delay (DCD):    5.383ns = ( 15.383 - 10.000 ) 
    Source Clock Delay      (SCD):    5.701ns
    Clock Pessimism Removal (CPR):    0.287ns
  Clock Uncertainty:      0.035ns  ((TSJ^2 + TIJ^2)^1/2 + DJ) / 2 + PE
    Total System Jitter     (TSJ):    0.071ns
    Total Input Jitter      (TIJ):    0.000ns
    Discrete Jitter          (DJ):    0.000ns
    Phase Error              (PE):    0.000ns

    Location             Delay type                Incr(ns)  Path(ns)    Netlist Resource(s)
  -------------------------------------------------------------------    -------------------
                         (clock sys_clk_pin rise edge)
                                                      0.000     0.000 r  
    R4                                                0.000     0.000 r  clk (IN)
                         net (fo=0)                   0.000     0.000    clk
    R4                   IBUF (Prop_ibuf_I_O)         1.475     1.475 r  clk_IBUF_inst/O
                         net (fo=1, routed)           2.114     3.589    clk_IBUF
    BUFGCTRL_X0Y0        BUFG (Prop_bufg_I_O)         0.096     3.685 r  clk_IBUF_BUFG_inst/O
                         net (fo=33, routed)          2.016     5.701    clk_IBUF_BUFG
    SLICE_X0Y67          FDRE                                         r  counter_reg[5]/C
  -------------------------------------------------------------------    -------------------
    SLICE_X0Y67          FDRE (Prop_fdre_C_Q)         0.456     6.157 f  counter_reg[5]/Q
                         net (fo=2, routed)           0.819     6.976    counter[5]
    SLICE_X1Y67          LUT6 (Prop_lut6_I1_O)        0.124     7.100 r  counter[31]_i_4/O
                         net (fo=1, routed)           0.949     8.049    counter[31]_i_4_n_0
    SLICE_X1Y69          LUT6 (Prop_lut6_I1_O)        0.124     8.173 r  counter[31]_i_1/O
                         net (fo=33, routed)          1.054     9.227    led_0_state
    SLICE_X0Y73          FDRE                                         r  counter_reg[31]/R
  -------------------------------------------------------------------    -------------------

                         (clock sys_clk_pin rise edge)
                                                     10.000    10.000 r  
    R4                                                0.000    10.000 r  clk (IN)
                         net (fo=0)                   0.000    10.000    clk
    R4                   IBUF (Prop_ibuf_I_O)         1.405    11.405 r  clk_IBUF_inst/O
                         net (fo=1, routed)           2.004    13.409    clk_IBUF
    BUFGCTRL_X0Y0        BUFG (Prop_bufg_I_O)         0.091    13.500 r  clk_IBUF_BUFG_inst/O
                         net (fo=33, routed)          1.883    15.383    clk_IBUF_BUFG
    SLICE_X0Y73          FDRE                                         r  counter_reg[31]/C
                         clock pessimism              0.287    15.670    
                         clock uncertainty           -0.035    15.635    
    SLICE_X0Y73          FDRE (Setup_fdre_C_R)       -0.429    15.206    counter_reg[31]
  -------------------------------------------------------------------
                         required time                         15.206    
                         arrival time                          -9.227    
  -------------------------------------------------------------------
                         slack                                  5.978    

Slack (MET) :             6.118ns  (required time - arrival time)
  Source:                 counter_reg[5]/C
                            (rising edge-triggered cell FDRE clocked by sys_clk_pin  {rise@0.000ns fall@5.000ns period=10.000ns})
  Destination:            counter_reg[25]/R
                            (rising edge-triggered cell FDRE clocked by sys_clk_pin  {rise@0.000ns fall@5.000ns period=10.000ns})
  Path Group:             sys_clk_pin
  Path Type:              Setup (Max at Slow Process Corner)
  Requirement:            10.000ns  (sys_clk_pin rise@10.000ns - sys_clk_pin rise@0.000ns)
  Data Path Delay:        3.388ns  (logic 0.704ns (20.780%)  route 2.684ns (79.220%))
  Logic Levels:           2  (LUT6=2)
  Clock Path Skew:        -0.030ns (DCD - SCD + CPR)
    Destination Clock Delay (DCD):    5.384ns = ( 15.384 - 10.000 ) 
    Source Clock Delay      (SCD):    5.701ns
    Clock Pessimism Removal (CPR):    0.287ns
  Clock Uncertainty:      0.035ns  ((TSJ^2 + TIJ^2)^1/2 + DJ) / 2 + PE
    Total System Jitter     (TSJ):    0.071ns
    Total Input Jitter      (TIJ):    0.000ns
    Discrete Jitter          (DJ):    0.000ns
    Phase Error              (PE):    0.000ns

    Location             Delay type                Incr(ns)  Path(ns)    Netlist Resource(s)
  -------------------------------------------------------------------    -------------------
                         (clock sys_clk_pin rise edge)
                                                      0.000     0.000 r  
    R4                                                0.000     0.000 r  clk (IN)
                         net (fo=0)                   0.000     0.000    clk
    R4                   IBUF (Prop_ibuf_I_O)         1.475     1.475 r  clk_IBUF_inst/O
                         net (fo=1, routed)           2.114     3.589    clk_IBUF
    BUFGCTRL_X0Y0        BUFG (Prop_bufg_I_O)         0.096     3.685 r  clk_IBUF_BUFG_inst/O
                         net (fo=33, routed)          2.016     5.701    clk_IBUF_BUFG
    SLICE_X0Y67          FDRE                                         r  counter_reg[5]/C
  -------------------------------------------------------------------    -------------------
    SLICE_X0Y67          FDRE (Prop_fdre_C_Q)         0.456     6.157 f  counter_reg[5]/Q
                         net (fo=2, routed)           0.819     6.976    counter[5]
    SLICE_X1Y67          LUT6 (Prop_lut6_I1_O)        0.124     7.100 r  counter[31]_i_4/O
                         net (fo=1, routed)           0.949     8.049    counter[31]_i_4_n_0
    SLICE_X1Y69          LUT6 (Prop_lut6_I1_O)        0.124     8.173 r  counter[31]_i_1/O
                         net (fo=33, routed)          0.916     9.089    led_0_state
    SLICE_X0Y72          FDRE                                         r  counter_reg[25]/R
  -------------------------------------------------------------------    -------------------

                         (clock sys_clk_pin rise edge)
                                                     10.000    10.000 r  
    R4                                                0.000    10.000 r  clk (IN)
                         net (fo=0)                   0.000    10.000    clk
    R4                   IBUF (Prop_ibuf_I_O)         1.405    11.405 r  clk_IBUF_inst/O
                         net (fo=1, routed)           2.004    13.409    clk_IBUF
    BUFGCTRL_X0Y0        BUFG (Prop_bufg_I_O)         0.091    13.500 r  clk_IBUF_BUFG_inst/O
                         net (fo=33, routed)          1.884    15.384    clk_IBUF_BUFG
    SLICE_X0Y72          FDRE                                         r  counter_reg[25]/C
                         clock pessimism              0.287    15.671    
                         clock uncertainty           -0.035    15.636    
    SLICE_X0Y72          FDRE (Setup_fdre_C_R)       -0.429    15.207    counter_reg[25]
  -------------------------------------------------------------------
                         required time                         15.207    
                         arrival time                          -9.089    
  -------------------------------------------------------------------
                         slack                                  6.118    

Slack (MET) :             6.118ns  (required time - arrival time)
  Source:                 counter_reg[5]/C
                            (rising edge-triggered cell FDRE clocked by sys_clk_pin  {rise@0.000ns fall@5.000ns period=10.000ns})
  Destination:            counter_reg[26]/R
                            (rising edge-triggered cell FDRE clocked by sys_clk_pin  {rise@0.000ns fall@5.000ns period=10.000ns})
  Path Group:             sys_clk_pin
  Path Type:              Setup (Max at Slow Process Corner)
  Requirement:            10.000ns  (sys_clk_pin rise@10.000ns - sys_clk_pin rise@0.000ns)
  Data Path Delay:        3.388ns  (logic 0.704ns (20.780%)  route 2.684ns (79.220%))
  Logic Levels:           2  (LUT6=2)
  Clock Path Skew:        -0.030ns (DCD - SCD + CPR)
    Destination Clock Delay (DCD):    5.384ns = ( 15.384 - 10.000 ) 
    Source Clock Delay      (SCD):    5.701ns
    Clock Pessimism Removal (CPR):    0.287ns
  Clock Uncertainty:      0.035ns  ((TSJ^2 + TIJ^2)^1/2 + DJ) / 2 + PE
    Total System Jitter     (TSJ):    0.071ns
    Total Input Jitter      (TIJ):    0.000ns
    Discrete Jitter          (DJ):    0.000ns
    Phase Error              (PE):    0.000ns

    Location             Delay type                Incr(ns)  Path(ns)    Netlist Resource(s)
  -------------------------------------------------------------------    -------------------
                         (clock sys_clk_pin rise edge)
                                                      0.000     0.000 r  
    R4                                                0.000     0.000 r  clk (IN)
                         net (fo=0)                   0.000     0.000    clk
    R4                   IBUF (Prop_ibuf_I_O)         1.475     1.475 r  clk_IBUF_inst/O
                         net (fo=1, routed)           2.114     3.589    clk_IBUF
    BUFGCTRL_X0Y0        BUFG (Prop_bufg_I_O)         0.096     3.685 r  clk_IBUF_BUFG_inst/O
                         net (fo=33, routed)          2.016     5.701    clk_IBUF_BUFG
    SLICE_X0Y67          FDRE                                         r  counter_reg[5]/C
  -------------------------------------------------------------------    -------------------
    SLICE_X0Y67          FDRE (Prop_fdre_C_Q)         0.456     6.157 f  counter_reg[5]/Q
                         net (fo=2, routed)           0.819     6.976    counter[5]
    SLICE_X1Y67          LUT6 (Prop_lut6_I1_O)        0.124     7.100 r  counter[31]_i_4/O
                         net (fo=1, routed)           0.949     8.049    counter[31]_i_4_n_0
    SLICE_X1Y69          LUT6 (Prop_lut6_I1_O)        0.124     8.173 r  counter[31]_i_1/O
                         net (fo=33, routed)          0.916     9.089    led_0_state
    SLICE_X0Y72          FDRE                                         r  counter_reg[26]/R
  -------------------------------------------------------------------    -------------------

                         (clock sys_clk_pin rise edge)
                                                     10.000    10.000 r  
    R4                                                0.000    10.000 r  clk (IN)
                         net (fo=0)                   0.000    10.000    clk
    R4                   IBUF (Prop_ibuf_I_O)         1.405    11.405 r  clk_IBUF_inst/O
                         net (fo=1, routed)           2.004    13.409    clk_IBUF
    BUFGCTRL_X0Y0        BUFG (Prop_bufg_I_O)         0.091    13.500 r  clk_IBUF_BUFG_inst/O
                         net (fo=33, routed)          1.884    15.384    clk_IBUF_BUFG
    SLICE_X0Y72          FDRE                                         r  counter_reg[26]/C
                         clock pessimism              0.287    15.671    
                         clock uncertainty           -0.035    15.636    
    SLICE_X0Y72          FDRE (Setup_fdre_C_R)       -0.429    15.207    counter_reg[26]
  -------------------------------------------------------------------
                         required time                         15.207    
                         arrival time                          -9.089    
  -------------------------------------------------------------------
                         slack                                  6.118    

Slack (MET) :             6.118ns  (required time - arrival time)
  Source:                 counter_reg[5]/C
                            (rising edge-triggered cell FDRE clocked by sys_clk_pin  {rise@0.000ns fall@5.000ns period=10.000ns})
  Destination:            counter_reg[27]/R
                            (rising edge-triggered cell FDRE clocked by sys_clk_pin  {rise@0.000ns fall@5.000ns period=10.000ns})
  Path Group:             sys_clk_pin
  Path Type:              Setup (Max at Slow Process Corner)
  Requirement:            10.000ns  (sys_clk_pin rise@10.000ns - sys_clk_pin rise@0.000ns)
  Data Path Delay:        3.388ns  (logic 0.704ns (20.780%)  route 2.684ns (79.220%))
  Logic Levels:           2  (LUT6=2)
  Clock Path Skew:        -0.030ns (DCD - SCD + CPR)
    Destination Clock Delay (DCD):    5.384ns = ( 15.384 - 10.000 ) 
    Source Clock Delay      (SCD):    5.701ns
    Clock Pessimism Removal (CPR):    0.287ns
  Clock Uncertainty:      0.035ns  ((TSJ^2 + TIJ^2)^1/2 + DJ) / 2 + PE
    Total System Jitter     (TSJ):    0.071ns
    Total Input Jitter      (TIJ):    0.000ns
    Discrete Jitter          (DJ):    0.000ns
    Phase Error              (PE):    0.000ns

    Location             Delay type                Incr(ns)  Path(ns)    Netlist Resource(s)
  -------------------------------------------------------------------    -------------------
                         (clock sys_clk_pin rise edge)
                                                      0.000     0.000 r  
    R4                                                0.000     0.000 r  clk (IN)
                         net (fo=0)                   0.000     0.000    clk
    R4                   IBUF (Prop_ibuf_I_O)         1.475     1.475 r  clk_IBUF_inst/O
                         net (fo=1, routed)           2.114     3.589    clk_IBUF
    BUFGCTRL_X0Y0        BUFG (Prop_bufg_I_O)         0.096     3.685 r  clk_IBUF_BUFG_inst/O
                         net (fo=33, routed)          2.016     5.701    clk_IBUF_BUFG
    SLICE_X0Y67          FDRE                                         r  counter_reg[5]/C
  -------------------------------------------------------------------    -------------------
    SLICE_X0Y67          FDRE (Prop_fdre_C_Q)         0.456     6.157 f  counter_reg[5]/Q
                         net (fo=2, routed)           0.819     6.976    counter[5]
    SLICE_X1Y67          LUT6 (Prop_lut6_I1_O)        0.124     7.100 r  counter[31]_i_4/O
                         net (fo=1, routed)           0.949     8.049    counter[31]_i_4_n_0
    SLICE_X1Y69          LUT6 (Prop_lut6_I1_O)        0.124     8.173 r  counter[31]_i_1/O
                         net (fo=33, routed)          0.916     9.089    led_0_state
    SLICE_X0Y72          FDRE                                         r  counter_reg[27]/R
  -------------------------------------------------------------------    -------------------

                         (clock sys_clk_pin rise edge)
                                                     10.000    10.000 r  
    R4                                                0.000    10.000 r  clk (IN)
                         net (fo=0)                   0.000    10.000    clk
    R4                   IBUF (Prop_ibuf_I_O)         1.405    11.405 r  clk_IBUF_inst/O
                         net (fo=1, routed)           2.004    13.409    clk_IBUF
    BUFGCTRL_X0Y0        BUFG (Prop_bufg_I_O)         0.091    13.500 r  clk_IBUF_BUFG_inst/O
                         net (fo=33, routed)          1.884    15.384    clk_IBUF_BUFG
    SLICE_X0Y72          FDRE                                         r  counter_reg[27]/C
                         clock pessimism              0.287    15.671    
                         clock uncertainty           -0.035    15.636    
    SLICE_X0Y72          FDRE (Setup_fdre_C_R)       -0.429    15.207    counter_reg[27]
  -------------------------------------------------------------------
                         required time                         15.207    
                         arrival time                          -9.089    
  -------------------------------------------------------------------
                         slack                                  6.118    

Slack (MET) :             6.118ns  (required time - arrival time)
  Source:                 counter_reg[5]/C
                            (rising edge-triggered cell FDRE clocked by sys_clk_pin  {rise@0.000ns fall@5.000ns period=10.000ns})
  Destination:            counter_reg[28]/R
                            (rising edge-triggered cell FDRE clocked by sys_clk_pin  {rise@0.000ns fall@5.000ns period=10.000ns})
  Path Group:             sys_clk_pin
  Path Type:              Setup (Max at Slow Process Corner)
  Requirement:            10.000ns  (sys_clk_pin rise@10.000ns - sys_clk_pin rise@0.000ns)
  Data Path Delay:        3.388ns  (logic 0.704ns (20.780%)  route 2.684ns (79.220%))
  Logic Levels:           2  (LUT6=2)
  Clock Path Skew:        -0.030ns (DCD - SCD + CPR)
    Destination Clock Delay (DCD):    5.384ns = ( 15.384 - 10.000 ) 
    Source Clock Delay      (SCD):    5.701ns
    Clock Pessimism Removal (CPR):    0.287ns
  Clock Uncertainty:      0.035ns  ((TSJ^2 + TIJ^2)^1/2 + DJ) / 2 + PE
    Total System Jitter     (TSJ):    0.071ns
    Total Input Jitter      (TIJ):    0.000ns
    Discrete Jitter          (DJ):    0.000ns
    Phase Error              (PE):    0.000ns

    Location             Delay type                Incr(ns)  Path(ns)    Netlist Resource(s)
  -------------------------------------------------------------------    -------------------
                         (clock sys_clk_pin rise edge)
                                                      0.000     0.000 r  
    R4                                                0.000     0.000 r  clk (IN)
                         net (fo=0)                   0.000     0.000    clk
    R4                   IBUF (Prop_ibuf_I_O)         1.475     1.475 r  clk_IBUF_inst/O
                         net (fo=1, routed)           2.114     3.589    clk_IBUF
    BUFGCTRL_X0Y0        BUFG (Prop_bufg_I_O)         0.096     3.685 r  clk_IBUF_BUFG_inst/O
                         net (fo=33, routed)          2.016     5.701    clk_IBUF_BUFG
    SLICE_X0Y67          FDRE                                         r  counter_reg[5]/C
  -------------------------------------------------------------------    -------------------
    SLICE_X0Y67          FDRE (Prop_fdre_C_Q)         0.456     6.157 f  counter_reg[5]/Q
                         net (fo=2, routed)           0.819     6.976    counter[5]
    SLICE_X1Y67          LUT6 (Prop_lut6_I1_O)        0.124     7.100 r  counter[31]_i_4/O
                         net (fo=1, routed)           0.949     8.049    counter[31]_i_4_n_0
    SLICE_X1Y69          LUT6 (Prop_lut6_I1_O)        0.124     8.173 r  counter[31]_i_1/O
                         net (fo=33, routed)          0.916     9.089    led_0_state
    SLICE_X0Y72          FDRE                                         r  counter_reg[28]/R
  -------------------------------------------------------------------    -------------------

                         (clock sys_clk_pin rise edge)
                                                     10.000    10.000 r  
    R4                                                0.000    10.000 r  clk (IN)
                         net (fo=0)                   0.000    10.000    clk
    R4                   IBUF (Prop_ibuf_I_O)         1.405    11.405 r  clk_IBUF_inst/O
                         net (fo=1, routed)           2.004    13.409    clk_IBUF
    BUFGCTRL_X0Y0        BUFG (Prop_bufg_I_O)         0.091    13.500 r  clk_IBUF_BUFG_inst/O
                         net (fo=33, routed)          1.884    15.384    clk_IBUF_BUFG
    SLICE_X0Y72          FDRE                                         r  counter_reg[28]/C
                         clock pessimism              0.287    15.671    
                         clock uncertainty           -0.035    15.636    
    SLICE_X0Y72          FDRE (Setup_fdre_C_R)       -0.429    15.207    counter_reg[28]
  -------------------------------------------------------------------
                         required time                         15.207    
                         arrival time                          -9.089    
  -------------------------------------------------------------------
                         slack                                  6.118    

Slack (MET) :             6.268ns  (required time - arrival time)
  Source:                 counter_reg[5]/C
                            (rising edge-triggered cell FDRE clocked by sys_clk_pin  {rise@0.000ns fall@5.000ns period=10.000ns})
  Destination:            counter_reg[21]/R
                            (rising edge-triggered cell FDRE clocked by sys_clk_pin  {rise@0.000ns fall@5.000ns period=10.000ns})
  Path Group:             sys_clk_pin
  Path Type:              Setup (Max at Slow Process Corner)
  Requirement:            10.000ns  (sys_clk_pin rise@10.000ns - sys_clk_pin rise@0.000ns)
  Data Path Delay:        3.240ns  (logic 0.704ns (21.732%)  route 2.536ns (78.268%))
  Logic Levels:           2  (LUT6=2)
  Clock Path Skew:        -0.028ns (DCD - SCD + CPR)
    Destination Clock Delay (DCD):    5.386ns = ( 15.386 - 10.000 ) 
    Source Clock Delay      (SCD):    5.701ns
    Clock Pessimism Removal (CPR):    0.287ns
  Clock Uncertainty:      0.035ns  ((TSJ^2 + TIJ^2)^1/2 + DJ) / 2 + PE
    Total System Jitter     (TSJ):    0.071ns
    Total Input Jitter      (TIJ):    0.000ns
    Discrete Jitter          (DJ):    0.000ns
    Phase Error              (PE):    0.000ns

    Location             Delay type                Incr(ns)  Path(ns)    Netlist Resource(s)
  -------------------------------------------------------------------    -------------------
                         (clock sys_clk_pin rise edge)
                                                      0.000     0.000 r  
    R4                                                0.000     0.000 r  clk (IN)
                         net (fo=0)                   0.000     0.000    clk
    R4                   IBUF (Prop_ibuf_I_O)         1.475     1.475 r  clk_IBUF_inst/O
                         net (fo=1, routed)           2.114     3.589    clk_IBUF
    BUFGCTRL_X0Y0        BUFG (Prop_bufg_I_O)         0.096     3.685 r  clk_IBUF_BUFG_inst/O
                         net (fo=33, routed)          2.016     5.701    clk_IBUF_BUFG
    SLICE_X0Y67          FDRE                                         r  counter_reg[5]/C
  -------------------------------------------------------------------    -------------------
    SLICE_X0Y67          FDRE (Prop_fdre_C_Q)         0.456     6.157 f  counter_reg[5]/Q
                         net (fo=2, routed)           0.819     6.976    counter[5]
    SLICE_X1Y67          LUT6 (Prop_lut6_I1_O)        0.124     7.100 r  counter[31]_i_4/O
                         net (fo=1, routed)           0.949     8.049    counter[31]_i_4_n_0
    SLICE_X1Y69          LUT6 (Prop_lut6_I1_O)        0.124     8.173 r  counter[31]_i_1/O
                         net (fo=33, routed)          0.767     8.941    led_0_state
    SLICE_X0Y71          FDRE                                         r  counter_reg[21]/R
  -------------------------------------------------------------------    -------------------

                         (clock sys_clk_pin rise edge)
                                                     10.000    10.000 r  
    R4                                                0.000    10.000 r  clk (IN)
                         net (fo=0)                   0.000    10.000    clk
    R4                   IBUF (Prop_ibuf_I_O)         1.405    11.405 r  clk_IBUF_inst/O
                         net (fo=1, routed)           2.004    13.409    clk_IBUF
    BUFGCTRL_X0Y0        BUFG (Prop_bufg_I_O)         0.091    13.500 r  clk_IBUF_BUFG_inst/O
                         net (fo=33, routed)          1.886    15.386    clk_IBUF_BUFG
    SLICE_X0Y71          FDRE                                         r  counter_reg[21]/C
                         clock pessimism              0.287    15.673    
                         clock uncertainty           -0.035    15.638    
    SLICE_X0Y71          FDRE (Setup_fdre_C_R)       -0.429    15.209    counter_reg[21]
  -------------------------------------------------------------------
                         required time                         15.209    
                         arrival time                          -8.941    
  -------------------------------------------------------------------
                         slack                                  6.268    

Slack (MET) :             6.268ns  (required time - arrival time)
  Source:                 counter_reg[5]/C
                            (rising edge-triggered cell FDRE clocked by sys_clk_pin  {rise@0.000ns fall@5.000ns period=10.000ns})
  Destination:            counter_reg[22]/R
                            (rising edge-triggered cell FDRE clocked by sys_clk_pin  {rise@0.000ns fall@5.000ns period=10.000ns})
  Path Group:             sys_clk_pin
  Path Type:              Setup (Max at Slow Process Corner)
  Requirement:            10.000ns  (sys_clk_pin rise@10.000ns - sys_clk_pin rise@0.000ns)
  Data Path Delay:        3.240ns  (logic 0.704ns (21.732%)  route 2.536ns (78.268%))
  Logic Levels:           2  (LUT6=2)
  Clock Path Skew:        -0.028ns (DCD - SCD + CPR)
    Destination Clock Delay (DCD):    5.386ns = ( 15.386 - 10.000 ) 
    Source Clock Delay      (SCD):    5.701ns
    Clock Pessimism Removal (CPR):    0.287ns
  Clock Uncertainty:      0.035ns  ((TSJ^2 + TIJ^2)^1/2 + DJ) / 2 + PE
    Total System Jitter     (TSJ):    0.071ns
    Total Input Jitter      (TIJ):    0.000ns
    Discrete Jitter          (DJ):    0.000ns
    Phase Error              (PE):    0.000ns

    Location             Delay type                Incr(ns)  Path(ns)    Netlist Resource(s)
  -------------------------------------------------------------------    -------------------
                         (clock sys_clk_pin rise edge)
                                                      0.000     0.000 r  
    R4                                                0.000     0.000 r  clk (IN)
                         net (fo=0)                   0.000     0.000    clk
    R4                   IBUF (Prop_ibuf_I_O)         1.475     1.475 r  clk_IBUF_inst/O
                         net (fo=1, routed)           2.114     3.589    clk_IBUF
    BUFGCTRL_X0Y0        BUFG (Prop_bufg_I_O)         0.096     3.685 r  clk_IBUF_BUFG_inst/O
                         net (fo=33, routed)          2.016     5.701    clk_IBUF_BUFG
    SLICE_X0Y67          FDRE                                         r  counter_reg[5]/C
  -------------------------------------------------------------------    -------------------
    SLICE_X0Y67          FDRE (Prop_fdre_C_Q)         0.456     6.157 f  counter_reg[5]/Q
                         net (fo=2, routed)           0.819     6.976    counter[5]
    SLICE_X1Y67          LUT6 (Prop_lut6_I1_O)        0.124     7.100 r  counter[31]_i_4/O
                         net (fo=1, routed)           0.949     8.049    counter[31]_i_4_n_0
    SLICE_X1Y69          LUT6 (Prop_lut6_I1_O)        0.124     8.173 r  counter[31]_i_1/O
                         net (fo=33, routed)          0.767     8.941    led_0_state
    SLICE_X0Y71          FDRE                                         r  counter_reg[22]/R
  -------------------------------------------------------------------    -------------------

                         (clock sys_clk_pin rise edge)
                                                     10.000    10.000 r  
    R4                                                0.000    10.000 r  clk (IN)
                         net (fo=0)                   0.000    10.000    clk
    R4                   IBUF (Prop_ibuf_I_O)         1.405    11.405 r  clk_IBUF_inst/O
                         net (fo=1, routed)           2.004    13.409    clk_IBUF
    BUFGCTRL_X0Y0        BUFG (Prop_bufg_I_O)         0.091    13.500 r  clk_IBUF_BUFG_inst/O
                         net (fo=33, routed)          1.886    15.386    clk_IBUF_BUFG
    SLICE_X0Y71          FDRE                                         r  counter_reg[22]/C
                         clock pessimism              0.287    15.673    
                         clock uncertainty           -0.035    15.638    
    SLICE_X0Y71          FDRE (Setup_fdre_C_R)       -0.429    15.209    counter_reg[22]
  -------------------------------------------------------------------
                         required time                         15.209    
                         arrival time                          -8.941    
  -------------------------------------------------------------------
                         slack                                  6.268    

Slack (MET) :             6.268ns  (required time - arrival time)
  Source:                 counter_reg[5]/C
                            (rising edge-triggered cell FDRE clocked by sys_clk_pin  {rise@0.000ns fall@5.000ns period=10.000ns})
  Destination:            counter_reg[23]/R
                            (rising edge-triggered cell FDRE clocked by sys_clk_pin  {rise@0.000ns fall@5.000ns period=10.000ns})
  Path Group:             sys_clk_pin
  Path Type:              Setup (Max at Slow Process Corner)
  Requirement:            10.000ns  (sys_clk_pin rise@10.000ns - sys_clk_pin rise@0.000ns)
  Data Path Delay:        3.240ns  (logic 0.704ns (21.732%)  route 2.536ns (78.268%))
  Logic Levels:           2  (LUT6=2)
  Clock Path Skew:        -0.028ns (DCD - SCD + CPR)
    Destination Clock Delay (DCD):    5.386ns = ( 15.386 - 10.000 ) 
    Source Clock Delay      (SCD):    5.701ns
    Clock Pessimism Removal (CPR):    0.287ns
  Clock Uncertainty:      0.035ns  ((TSJ^2 + TIJ^2)^1/2 + DJ) / 2 + PE
    Total System Jitter     (TSJ):    0.071ns
    Total Input Jitter      (TIJ):    0.000ns
    Discrete Jitter          (DJ):    0.000ns
    Phase Error              (PE):    0.000ns

    Location             Delay type                Incr(ns)  Path(ns)    Netlist Resource(s)
  -------------------------------------------------------------------    -------------------
                         (clock sys_clk_pin rise edge)
                                                      0.000     0.000 r  
    R4                                                0.000     0.000 r  clk (IN)
                         net (fo=0)                   0.000     0.000    clk
    R4                   IBUF (Prop_ibuf_I_O)         1.475     1.475 r  clk_IBUF_inst/O
                         net (fo=1, routed)           2.114     3.589    clk_IBUF
    BUFGCTRL_X0Y0        BUFG (Prop_bufg_I_O)         0.096     3.685 r  clk_IBUF_BUFG_inst/O
                         net (fo=33, routed)          2.016     5.701    clk_IBUF_BUFG
    SLICE_X0Y67          FDRE                                         r  counter_reg[5]/C
  -------------------------------------------------------------------    -------------------
    SLICE_X0Y67          FDRE (Prop_fdre_C_Q)         0.456     6.157 f  counter_reg[5]/Q
                         net (fo=2, routed)           0.819     6.976    counter[5]
    SLICE_X1Y67          LUT6 (Prop_lut6_I1_O)        0.124     7.100 r  counter[31]_i_4/O
                         net (fo=1, routed)           0.949     8.049    counter[31]_i_4_n_0
    SLICE_X1Y69          LUT6 (Prop_lut6_I1_O)        0.124     8.173 r  counter[31]_i_1/O
                         net (fo=33, routed)          0.767     8.941    led_0_state
    SLICE_X0Y71          FDRE                                         r  counter_reg[23]/R
  -------------------------------------------------------------------    -------------------

                         (clock sys_clk_pin rise edge)
                                                     10.000    10.000 r  
    R4                                                0.000    10.000 r  clk (IN)
                         net (fo=0)                   0.000    10.000    clk
    R4                   IBUF (Prop_ibuf_I_O)         1.405    11.405 r  clk_IBUF_inst/O
                         net (fo=1, routed)           2.004    13.409    clk_IBUF
    BUFGCTRL_X0Y0        BUFG (Prop_bufg_I_O)         0.091    13.500 r  clk_IBUF_BUFG_inst/O
                         net (fo=33, routed)          1.886    15.386    clk_IBUF_BUFG
    SLICE_X0Y71          FDRE                                         r  counter_reg[23]/C
                         clock pessimism              0.287    15.673    
                         clock uncertainty           -0.035    15.638    
    SLICE_X0Y71          FDRE (Setup_fdre_C_R)       -0.429    15.209    counter_reg[23]
  -------------------------------------------------------------------
                         required time                         15.209    
                         arrival time                          -8.941    
  -------------------------------------------------------------------
                         slack                                  6.268    





Min Delay Paths
--------------------------------------------------------------------------------------
Slack (MET) :             0.245ns  (arrival time - required time)
  Source:                 counter_reg[0]/C
                            (rising edge-triggered cell FDRE clocked by sys_clk_pin  {rise@0.000ns fall@5.000ns period=10.000ns})
  Destination:            counter_reg[0]/D
                            (rising edge-triggered cell FDRE clocked by sys_clk_pin  {rise@0.000ns fall@5.000ns period=10.000ns})
  Path Group:             sys_clk_pin
  Path Type:              Hold (Min at Fast Process Corner)
  Requirement:            0.000ns  (sys_clk_pin rise@0.000ns - sys_clk_pin rise@0.000ns)
  Data Path Delay:        0.350ns  (logic 0.183ns (52.285%)  route 0.167ns (47.715%))
  Logic Levels:           1  (LUT1=1)
  Clock Path Skew:        0.000ns (DCD - SCD - CPR)
    Destination Clock Delay (DCD):    2.186ns
    Source Clock Delay      (SCD):    1.663ns
    Clock Pessimism Removal (CPR):    0.523ns

    Location             Delay type                Incr(ns)  Path(ns)    Netlist Resource(s)
  -------------------------------------------------------------------    -------------------
                         (clock sys_clk_pin rise edge)
                                                      0.000     0.000 r  
    R4                                                0.000     0.000 r  clk (IN)
                         net (fo=0)                   0.000     0.000    clk
    R4                   IBUF (Prop_ibuf_I_O)         0.243     0.243 r  clk_IBUF_inst/O
                         net (fo=1, routed)           0.676     0.919    clk_IBUF
    BUFGCTRL_X0Y0        BUFG (Prop_bufg_I_O)         0.026     0.945 r  clk_IBUF_BUFG_inst/O
                         net (fo=33, routed)          0.718     1.663    clk_IBUF_BUFG
    SLICE_X1Y66          FDRE                                         r  counter_reg[0]/C
  -------------------------------------------------------------------    -------------------
    SLICE_X1Y66          FDRE (Prop_fdre_C_Q)         0.141     1.804 f  counter_reg[0]/Q
                         net (fo=3, routed)           0.167     1.971    counter[0]
    SLICE_X1Y66          LUT1 (Prop_lut1_I0_O)        0.042     2.013 r  counter[0]_i_1/O
                         net (fo=1, routed)           0.000     2.013    p_1_in[0]
    SLICE_X1Y66          FDRE                                         r  counter_reg[0]/D
  -------------------------------------------------------------------    -------------------

                         (clock sys_clk_pin rise edge)
                                                      0.000     0.000 r  
    R4                                                0.000     0.000 r  clk (IN)
                         net (fo=0)                   0.000     0.000    clk
    R4                   IBUF (Prop_ibuf_I_O)         0.431     0.431 r  clk_IBUF_inst/O
                         net (fo=1, routed)           0.734     1.165    clk_IBUF
    BUFGCTRL_X0Y0        BUFG (Prop_bufg_I_O)         0.029     1.194 r  clk_IBUF_BUFG_inst/O
                         net (fo=33, routed)          0.993     2.186    clk_IBUF_BUFG
    SLICE_X1Y66          FDRE                                         r  counter_reg[0]/C
                         clock pessimism             -0.523     1.663    
    SLICE_X1Y66          FDRE (Hold_fdre_C_D)         0.105     1.768    counter_reg[0]
  -------------------------------------------------------------------
                         required time                         -1.768    
                         arrival time                           2.013    
  -------------------------------------------------------------------
                         slack                                  0.245    

Slack (MET) :             0.263ns  (arrival time - required time)
  Source:                 led_0_state_reg/C
                            (rising edge-triggered cell FDRE clocked by sys_clk_pin  {rise@0.000ns fall@5.000ns period=10.000ns})
  Destination:            led_0_state_reg/D
                            (rising edge-triggered cell FDRE clocked by sys_clk_pin  {rise@0.000ns fall@5.000ns period=10.000ns})
  Path Group:             sys_clk_pin
  Path Type:              Hold (Min at Fast Process Corner)
  Requirement:            0.000ns  (sys_clk_pin rise@0.000ns - sys_clk_pin rise@0.000ns)
  Data Path Delay:        0.354ns  (logic 0.186ns (52.498%)  route 0.168ns (47.502%))
  Logic Levels:           1  (LUT2=1)
  Clock Path Skew:        0.000ns (DCD - SCD - CPR)
    Destination Clock Delay (DCD):    2.183ns
    Source Clock Delay      (SCD):    1.660ns
    Clock Pessimism Removal (CPR):    0.523ns

    Location             Delay type                Incr(ns)  Path(ns)    Netlist Resource(s)
  -------------------------------------------------------------------    -------------------
                         (clock sys_clk_pin rise edge)
                                                      0.000     0.000 r  
    R4                                                0.000     0.000 r  clk (IN)
                         net (fo=0)                   0.000     0.000    clk
    R4                   IBUF (Prop_ibuf_I_O)         0.243     0.243 r  clk_IBUF_inst/O
                         net (fo=1, routed)           0.676     0.919    clk_IBUF
    BUFGCTRL_X0Y0        BUFG (Prop_bufg_I_O)         0.026     0.945 r  clk_IBUF_BUFG_inst/O
                         net (fo=33, routed)          0.715     1.660    clk_IBUF_BUFG
    SLICE_X1Y69          FDRE                                         r  led_0_state_reg/C
  -------------------------------------------------------------------    -------------------
    SLICE_X1Y69          FDRE (Prop_fdre_C_Q)         0.141     1.801 r  led_0_state_reg/Q
                         net (fo=2, routed)           0.168     1.970    led0_OBUF
    SLICE_X1Y69          LUT2 (Prop_lut2_I1_O)        0.045     2.015 r  led_0_state_i_1/O
                         net (fo=1, routed)           0.000     2.015    led_0_state_i_1_n_0
    SLICE_X1Y69          FDRE                                         r  led_0_state_reg/D
  -------------------------------------------------------------------    -------------------

                         (clock sys_clk_pin rise edge)
                                                      0.000     0.000 r  
    R4                                                0.000     0.000 r  clk (IN)
                         net (fo=0)                   0.000     0.000    clk
    R4                   IBUF (Prop_ibuf_I_O)         0.431     0.431 r  clk_IBUF_inst/O
                         net (fo=1, routed)           0.734     1.165    clk_IBUF
    BUFGCTRL_X0Y0        BUFG (Prop_bufg_I_O)         0.029     1.194 r  clk_IBUF_BUFG_inst/O
                         net (fo=33, routed)          0.990     2.183    clk_IBUF_BUFG
    SLICE_X1Y69          FDRE                                         r  led_0_state_reg/C
                         clock pessimism             -0.523     1.660    
    SLICE_X1Y69          FDRE (Hold_fdre_C_D)         0.091     1.751    led_0_state_reg
  -------------------------------------------------------------------
                         required time                         -1.751    
                         arrival time                           2.015    
  -------------------------------------------------------------------
                         slack                                  0.263    

Slack (MET) :             0.280ns  (arrival time - required time)
  Source:                 counter_reg[15]/C
                            (rising edge-triggered cell FDRE clocked by sys_clk_pin  {rise@0.000ns fall@5.000ns period=10.000ns})
  Destination:            counter_reg[15]/D
                            (rising edge-triggered cell FDRE clocked by sys_clk_pin  {rise@0.000ns fall@5.000ns period=10.000ns})
  Path Group:             sys_clk_pin
  Path Type:              Hold (Min at Fast Process Corner)
  Requirement:            0.000ns  (sys_clk_pin rise@0.000ns - sys_clk_pin rise@0.000ns)
  Data Path Delay:        0.385ns  (logic 0.252ns (65.529%)  route 0.133ns (34.471%))
  Logic Levels:           1  (CARRY4=1)
  Clock Path Skew:        0.000ns (DCD - SCD - CPR)
    Destination Clock Delay (DCD):    2.183ns
    Source Clock Delay      (SCD):    1.660ns
    Clock Pessimism Removal (CPR):    0.523ns

    Location             Delay type                Incr(ns)  Path(ns)    Netlist Resource(s)
  -------------------------------------------------------------------    -------------------
                         (clock sys_clk_pin rise edge)
                                                      0.000     0.000 r  
    R4                                                0.000     0.000 r  clk (IN)
                         net (fo=0)                   0.000     0.000    clk
    R4                   IBUF (Prop_ibuf_I_O)         0.243     0.243 r  clk_IBUF_inst/O
                         net (fo=1, routed)           0.676     0.919    clk_IBUF
    BUFGCTRL_X0Y0        BUFG (Prop_bufg_I_O)         0.026     0.945 r  clk_IBUF_BUFG_inst/O
                         net (fo=33, routed)          0.715     1.660    clk_IBUF_BUFG
    SLICE_X0Y69          FDRE                                         r  counter_reg[15]/C
  -------------------------------------------------------------------    -------------------
    SLICE_X0Y69          FDRE (Prop_fdre_C_Q)         0.141     1.801 r  counter_reg[15]/Q
                         net (fo=2, routed)           0.133     1.934    counter[15]
    SLICE_X0Y69          CARRY4 (Prop_carry4_S[2]_O[2])
                                                      0.111     2.045 r  counter_reg[16]_i_1/O[2]
                         net (fo=1, routed)           0.000     2.045    p_1_in[15]
    SLICE_X0Y69          FDRE                                         r  counter_reg[15]/D
  -------------------------------------------------------------------    -------------------

                         (clock sys_clk_pin rise edge)
                                                      0.000     0.000 r  
    R4                                                0.000     0.000 r  clk (IN)
                         net (fo=0)                   0.000     0.000    clk
    R4                   IBUF (Prop_ibuf_I_O)         0.431     0.431 r  clk_IBUF_inst/O
                         net (fo=1, routed)           0.734     1.165    clk_IBUF
    BUFGCTRL_X0Y0        BUFG (Prop_bufg_I_O)         0.029     1.194 r  clk_IBUF_BUFG_inst/O
                         net (fo=33, routed)          0.990     2.183    clk_IBUF_BUFG
    SLICE_X0Y69          FDRE                                         r  counter_reg[15]/C
                         clock pessimism             -0.523     1.660    
    SLICE_X0Y69          FDRE (Hold_fdre_C_D)         0.105     1.765    counter_reg[15]
  -------------------------------------------------------------------
                         required time                         -1.765    
                         arrival time                           2.045    
  -------------------------------------------------------------------
                         slack                                  0.280    

Slack (MET) :             0.280ns  (arrival time - required time)
  Source:                 counter_reg[7]/C
                            (rising edge-triggered cell FDRE clocked by sys_clk_pin  {rise@0.000ns fall@5.000ns period=10.000ns})
  Destination:            counter_reg[7]/D
                            (rising edge-triggered cell FDRE clocked by sys_clk_pin  {rise@0.000ns fall@5.000ns period=10.000ns})
  Path Group:             sys_clk_pin
  Path Type:              Hold (Min at Fast Process Corner)
  Requirement:            0.000ns  (sys_clk_pin rise@0.000ns - sys_clk_pin rise@0.000ns)
  Data Path Delay:        0.385ns  (logic 0.252ns (65.529%)  route 0.133ns (34.471%))
  Logic Levels:           1  (CARRY4=1)
  Clock Path Skew:        0.000ns (DCD - SCD - CPR)
    Destination Clock Delay (DCD):    2.185ns
    Source Clock Delay      (SCD):    1.662ns
    Clock Pessimism Removal (CPR):    0.523ns

    Location             Delay type                Incr(ns)  Path(ns)    Netlist Resource(s)
  -------------------------------------------------------------------    -------------------
                         (clock sys_clk_pin rise edge)
                                                      0.000     0.000 r  
    R4                                                0.000     0.000 r  clk (IN)
                         net (fo=0)                   0.000     0.000    clk
    R4                   IBUF (Prop_ibuf_I_O)         0.243     0.243 r  clk_IBUF_inst/O
                         net (fo=1, routed)           0.676     0.919    clk_IBUF
    BUFGCTRL_X0Y0        BUFG (Prop_bufg_I_O)         0.026     0.945 r  clk_IBUF_BUFG_inst/O
                         net (fo=33, routed)          0.717     1.662    clk_IBUF_BUFG
    SLICE_X0Y67          FDRE                                         r  counter_reg[7]/C
  -------------------------------------------------------------------    -------------------
    SLICE_X0Y67          FDRE (Prop_fdre_C_Q)         0.141     1.803 r  counter_reg[7]/Q
                         net (fo=2, routed)           0.133     1.936    counter[7]
    SLICE_X0Y67          CARRY4 (Prop_carry4_S[2]_O[2])
                                                      0.111     2.047 r  counter_reg[8]_i_1/O[2]
                         net (fo=1, routed)           0.000     2.047    p_1_in[7]
    SLICE_X0Y67          FDRE                                         r  counter_reg[7]/D
  -------------------------------------------------------------------    -------------------

                         (clock sys_clk_pin rise edge)
                                                      0.000     0.000 r  
    R4                                                0.000     0.000 r  clk (IN)
                         net (fo=0)                   0.000     0.000    clk
    R4                   IBUF (Prop_ibuf_I_O)         0.431     0.431 r  clk_IBUF_inst/O
                         net (fo=1, routed)           0.734     1.165    clk_IBUF
    BUFGCTRL_X0Y0        BUFG (Prop_bufg_I_O)         0.029     1.194 r  clk_IBUF_BUFG_inst/O
                         net (fo=33, routed)          0.992     2.185    clk_IBUF_BUFG
    SLICE_X0Y67          FDRE                                         r  counter_reg[7]/C
                         clock pessimism             -0.523     1.662    
    SLICE_X0Y67          FDRE (Hold_fdre_C_D)         0.105     1.767    counter_reg[7]
  -------------------------------------------------------------------
                         required time                         -1.767    
                         arrival time                           2.047    
  -------------------------------------------------------------------
                         slack                                  0.280    

Slack (MET) :             0.280ns  (arrival time - required time)
  Source:                 counter_reg[11]/C
                            (rising edge-triggered cell FDRE clocked by sys_clk_pin  {rise@0.000ns fall@5.000ns period=10.000ns})
  Destination:            counter_reg[11]/D
                            (rising edge-triggered cell FDRE clocked by sys_clk_pin  {rise@0.000ns fall@5.000ns period=10.000ns})
  Path Group:             sys_clk_pin
  Path Type:              Hold (Min at Fast Process Corner)
  Requirement:            0.000ns  (sys_clk_pin rise@0.000ns - sys_clk_pin rise@0.000ns)
  Data Path Delay:        0.385ns  (logic 0.252ns (65.529%)  route 0.133ns (34.471%))
  Logic Levels:           1  (CARRY4=1)
  Clock Path Skew:        0.000ns (DCD - SCD - CPR)
    Destination Clock Delay (DCD):    2.184ns
    Source Clock Delay      (SCD):    1.661ns
    Clock Pessimism Removal (CPR):    0.523ns

    Location             Delay type                Incr(ns)  Path(ns)    Netlist Resource(s)
  -------------------------------------------------------------------    -------------------
                         (clock sys_clk_pin rise edge)
                                                      0.000     0.000 r  
    R4                                                0.000     0.000 r  clk (IN)
                         net (fo=0)                   0.000     0.000    clk
    R4                   IBUF (Prop_ibuf_I_O)         0.243     0.243 r  clk_IBUF_inst/O
                         net (fo=1, routed)           0.676     0.919    clk_IBUF
    BUFGCTRL_X0Y0        BUFG (Prop_bufg_I_O)         0.026     0.945 r  clk_IBUF_BUFG_inst/O
                         net (fo=33, routed)          0.716     1.661    clk_IBUF_BUFG
    SLICE_X0Y68          FDRE                                         r  counter_reg[11]/C
  -------------------------------------------------------------------    -------------------
    SLICE_X0Y68          FDRE (Prop_fdre_C_Q)         0.141     1.802 r  counter_reg[11]/Q
                         net (fo=2, routed)           0.133     1.935    counter[11]
    SLICE_X0Y68          CARRY4 (Prop_carry4_S[2]_O[2])
                                                      0.111     2.046 r  counter_reg[12]_i_1/O[2]
                         net (fo=1, routed)           0.000     2.046    p_1_in[11]
    SLICE_X0Y68          FDRE                                         r  counter_reg[11]/D
  -------------------------------------------------------------------    -------------------

                         (clock sys_clk_pin rise edge)
                                                      0.000     0.000 r  
    R4                                                0.000     0.000 r  clk (IN)
                         net (fo=0)                   0.000     0.000    clk
    R4                   IBUF (Prop_ibuf_I_O)         0.431     0.431 r  clk_IBUF_inst/O
                         net (fo=1, routed)           0.734     1.165    clk_IBUF
    BUFGCTRL_X0Y0        BUFG (Prop_bufg_I_O)         0.029     1.194 r  clk_IBUF_BUFG_inst/O
                         net (fo=33, routed)          0.991     2.184    clk_IBUF_BUFG
    SLICE_X0Y68          FDRE                                         r  counter_reg[11]/C
                         clock pessimism             -0.523     1.661    
    SLICE_X0Y68          FDRE (Hold_fdre_C_D)         0.105     1.766    counter_reg[11]
  -------------------------------------------------------------------
                         required time                         -1.766    
                         arrival time                           2.046    
  -------------------------------------------------------------------
                         slack                                  0.280    

Slack (MET) :             0.280ns  (arrival time - required time)
  Source:                 counter_reg[27]/C
                            (rising edge-triggered cell FDRE clocked by sys_clk_pin  {rise@0.000ns fall@5.000ns period=10.000ns})
  Destination:            counter_reg[27]/D
                            (rising edge-triggered cell FDRE clocked by sys_clk_pin  {rise@0.000ns fall@5.000ns period=10.000ns})
  Path Group:             sys_clk_pin
  Path Type:              Hold (Min at Fast Process Corner)
  Requirement:            0.000ns  (sys_clk_pin rise@0.000ns - sys_clk_pin rise@0.000ns)
  Data Path Delay:        0.385ns  (logic 0.252ns (65.529%)  route 0.133ns (34.471%))
  Logic Levels:           1  (CARRY4=1)
  Clock Path Skew:        0.000ns (DCD - SCD - CPR)
    Destination Clock Delay (DCD):    2.180ns
    Source Clock Delay      (SCD):    1.658ns
    Clock Pessimism Removal (CPR):    0.522ns

    Location             Delay type                Incr(ns)  Path(ns)    Netlist Resource(s)
  -------------------------------------------------------------------    -------------------
                         (clock sys_clk_pin rise edge)
                                                      0.000     0.000 r  
    R4                                                0.000     0.000 r  clk (IN)
                         net (fo=0)                   0.000     0.000    clk
    R4                   IBUF (Prop_ibuf_I_O)         0.243     0.243 r  clk_IBUF_inst/O
                         net (fo=1, routed)           0.676     0.919    clk_IBUF
    BUFGCTRL_X0Y0        BUFG (Prop_bufg_I_O)         0.026     0.945 r  clk_IBUF_BUFG_inst/O
                         net (fo=33, routed)          0.713     1.658    clk_IBUF_BUFG
    SLICE_X0Y72          FDRE                                         r  counter_reg[27]/C
  -------------------------------------------------------------------    -------------------
    SLICE_X0Y72          FDRE (Prop_fdre_C_Q)         0.141     1.799 r  counter_reg[27]/Q
                         net (fo=2, routed)           0.133     1.932    counter[27]
    SLICE_X0Y72          CARRY4 (Prop_carry4_S[2]_O[2])
                                                      0.111     2.043 r  counter_reg[28]_i_1/O[2]
                         net (fo=1, routed)           0.000     2.043    p_1_in[27]
    SLICE_X0Y72          FDRE                                         r  counter_reg[27]/D
  -------------------------------------------------------------------    -------------------

                         (clock sys_clk_pin rise edge)
                                                      0.000     0.000 r  
    R4                                                0.000     0.000 r  clk (IN)
                         net (fo=0)                   0.000     0.000    clk
    R4                   IBUF (Prop_ibuf_I_O)         0.431     0.431 r  clk_IBUF_inst/O
                         net (fo=1, routed)           0.734     1.165    clk_IBUF
    BUFGCTRL_X0Y0        BUFG (Prop_bufg_I_O)         0.029     1.194 r  clk_IBUF_BUFG_inst/O
                         net (fo=33, routed)          0.987     2.180    clk_IBUF_BUFG
    SLICE_X0Y72          FDRE                                         r  counter_reg[27]/C
                         clock pessimism             -0.522     1.658    
    SLICE_X0Y72          FDRE (Hold_fdre_C_D)         0.105     1.763    counter_reg[27]
  -------------------------------------------------------------------
                         required time                         -1.763    
                         arrival time                           2.043    
  -------------------------------------------------------------------
                         slack                                  0.280    

Slack (MET) :             0.280ns  (arrival time - required time)
  Source:                 counter_reg[23]/C
                            (rising edge-triggered cell FDRE clocked by sys_clk_pin  {rise@0.000ns fall@5.000ns period=10.000ns})
  Destination:            counter_reg[23]/D
                            (rising edge-triggered cell FDRE clocked by sys_clk_pin  {rise@0.000ns fall@5.000ns period=10.000ns})
  Path Group:             sys_clk_pin
  Path Type:              Hold (Min at Fast Process Corner)
  Requirement:            0.000ns  (sys_clk_pin rise@0.000ns - sys_clk_pin rise@0.000ns)
  Data Path Delay:        0.385ns  (logic 0.252ns (65.529%)  route 0.133ns (34.471%))
  Logic Levels:           1  (CARRY4=1)
  Clock Path Skew:        0.000ns (DCD - SCD - CPR)
    Destination Clock Delay (DCD):    2.181ns
    Source Clock Delay      (SCD):    1.658ns
    Clock Pessimism Removal (CPR):    0.523ns

    Location             Delay type                Incr(ns)  Path(ns)    Netlist Resource(s)
  -------------------------------------------------------------------    -------------------
                         (clock sys_clk_pin rise edge)
                                                      0.000     0.000 r  
    R4                                                0.000     0.000 r  clk (IN)
                         net (fo=0)                   0.000     0.000    clk
    R4                   IBUF (Prop_ibuf_I_O)         0.243     0.243 r  clk_IBUF_inst/O
                         net (fo=1, routed)           0.676     0.919    clk_IBUF
    BUFGCTRL_X0Y0        BUFG (Prop_bufg_I_O)         0.026     0.945 r  clk_IBUF_BUFG_inst/O
                         net (fo=33, routed)          0.713     1.658    clk_IBUF_BUFG
    SLICE_X0Y71          FDRE                                         r  counter_reg[23]/C
  -------------------------------------------------------------------    -------------------
    SLICE_X0Y71          FDRE (Prop_fdre_C_Q)         0.141     1.799 r  counter_reg[23]/Q
                         net (fo=2, routed)           0.133     1.932    counter[23]
    SLICE_X0Y71          CARRY4 (Prop_carry4_S[2]_O[2])
                                                      0.111     2.043 r  counter_reg[24]_i_1/O[2]
                         net (fo=1, routed)           0.000     2.043    p_1_in[23]
    SLICE_X0Y71          FDRE                                         r  counter_reg[23]/D
  -------------------------------------------------------------------    -------------------

                         (clock sys_clk_pin rise edge)
                                                      0.000     0.000 r  
    R4                                                0.000     0.000 r  clk (IN)
                         net (fo=0)                   0.000     0.000    clk
    R4                   IBUF (Prop_ibuf_I_O)         0.431     0.431 r  clk_IBUF_inst/O
                         net (fo=1, routed)           0.734     1.165    clk_IBUF
    BUFGCTRL_X0Y0        BUFG (Prop_bufg_I_O)         0.029     1.194 r  clk_IBUF_BUFG_inst/O
                         net (fo=33, routed)          0.988     2.181    clk_IBUF_BUFG
    SLICE_X0Y71          FDRE                                         r  counter_reg[23]/C
                         clock pessimism             -0.523     1.658    
    SLICE_X0Y71          FDRE (Hold_fdre_C_D)         0.105     1.763    counter_reg[23]
  -------------------------------------------------------------------
                         required time                         -1.763    
                         arrival time                           2.043    
  -------------------------------------------------------------------
                         slack                                  0.280    

Slack (MET) :             0.281ns  (arrival time - required time)
  Source:                 counter_reg[19]/C
                            (rising edge-triggered cell FDRE clocked by sys_clk_pin  {rise@0.000ns fall@5.000ns period=10.000ns})
  Destination:            counter_reg[19]/D
                            (rising edge-triggered cell FDRE clocked by sys_clk_pin  {rise@0.000ns fall@5.000ns period=10.000ns})
  Path Group:             sys_clk_pin
  Path Type:              Hold (Min at Fast Process Corner)
  Requirement:            0.000ns  (sys_clk_pin rise@0.000ns - sys_clk_pin rise@0.000ns)
  Data Path Delay:        0.386ns  (logic 0.252ns (65.354%)  route 0.134ns (34.646%))
  Logic Levels:           1  (CARRY4=1)
  Clock Path Skew:        0.000ns (DCD - SCD - CPR)
    Destination Clock Delay (DCD):    2.182ns
    Source Clock Delay      (SCD):    1.659ns
    Clock Pessimism Removal (CPR):    0.523ns

    Location             Delay type                Incr(ns)  Path(ns)    Netlist Resource(s)
  -------------------------------------------------------------------    -------------------
                         (clock sys_clk_pin rise edge)
                                                      0.000     0.000 r  
    R4                                                0.000     0.000 r  clk (IN)
                         net (fo=0)                   0.000     0.000    clk
    R4                   IBUF (Prop_ibuf_I_O)         0.243     0.243 r  clk_IBUF_inst/O
                         net (fo=1, routed)           0.676     0.919    clk_IBUF
    BUFGCTRL_X0Y0        BUFG (Prop_bufg_I_O)         0.026     0.945 r  clk_IBUF_BUFG_inst/O
                         net (fo=33, routed)          0.714     1.659    clk_IBUF_BUFG
    SLICE_X0Y70          FDRE                                         r  counter_reg[19]/C
  -------------------------------------------------------------------    -------------------
    SLICE_X0Y70          FDRE (Prop_fdre_C_Q)         0.141     1.800 r  counter_reg[19]/Q
                         net (fo=2, routed)           0.134     1.934    counter[19]
    SLICE_X0Y70          CARRY4 (Prop_carry4_S[2]_O[2])
                                                      0.111     2.045 r  counter_reg[20]_i_1/O[2]
                         net (fo=1, routed)           0.000     2.045    p_1_in[19]
    SLICE_X0Y70          FDRE                                         r  counter_reg[19]/D
  -------------------------------------------------------------------    -------------------

                         (clock sys_clk_pin rise edge)
                                                      0.000     0.000 r  
    R4                                                0.000     0.000 r  clk (IN)
                         net (fo=0)                   0.000     0.000    clk
    R4                   IBUF (Prop_ibuf_I_O)         0.431     0.431 r  clk_IBUF_inst/O
                         net (fo=1, routed)           0.734     1.165    clk_IBUF
    BUFGCTRL_X0Y0        BUFG (Prop_bufg_I_O)         0.029     1.194 r  clk_IBUF_BUFG_inst/O
                         net (fo=33, routed)          0.989     2.182    clk_IBUF_BUFG
    SLICE_X0Y70          FDRE                                         r  counter_reg[19]/C
                         clock pessimism             -0.523     1.659    
    SLICE_X0Y70          FDRE (Hold_fdre_C_D)         0.105     1.764    counter_reg[19]
  -------------------------------------------------------------------
                         required time                         -1.764    
                         arrival time                           2.045    
  -------------------------------------------------------------------
                         slack                                  0.281    

Slack (MET) :             0.281ns  (arrival time - required time)
  Source:                 counter_reg[31]/C
                            (rising edge-triggered cell FDRE clocked by sys_clk_pin  {rise@0.000ns fall@5.000ns period=10.000ns})
  Destination:            counter_reg[31]/D
                            (rising edge-triggered cell FDRE clocked by sys_clk_pin  {rise@0.000ns fall@5.000ns period=10.000ns})
  Path Group:             sys_clk_pin
  Path Type:              Hold (Min at Fast Process Corner)
  Requirement:            0.000ns  (sys_clk_pin rise@0.000ns - sys_clk_pin rise@0.000ns)
  Data Path Delay:        0.386ns  (logic 0.252ns (65.354%)  route 0.134ns (34.646%))
  Logic Levels:           1  (CARRY4=1)
  Clock Path Skew:        0.000ns (DCD - SCD - CPR)
    Destination Clock Delay (DCD):    2.178ns
    Source Clock Delay      (SCD):    1.656ns
    Clock Pessimism Removal (CPR):    0.522ns

    Location             Delay type                Incr(ns)  Path(ns)    Netlist Resource(s)
  -------------------------------------------------------------------    -------------------
                         (clock sys_clk_pin rise edge)
                                                      0.000     0.000 r  
    R4                                                0.000     0.000 r  clk (IN)
                         net (fo=0)                   0.000     0.000    clk
    R4                   IBUF (Prop_ibuf_I_O)         0.243     0.243 r  clk_IBUF_inst/O
                         net (fo=1, routed)           0.676     0.919    clk_IBUF
    BUFGCTRL_X0Y0        BUFG (Prop_bufg_I_O)         0.026     0.945 r  clk_IBUF_BUFG_inst/O
                         net (fo=33, routed)          0.711     1.656    clk_IBUF_BUFG
    SLICE_X0Y73          FDRE                                         r  counter_reg[31]/C
  -------------------------------------------------------------------    -------------------
    SLICE_X0Y73          FDRE (Prop_fdre_C_Q)         0.141     1.797 r  counter_reg[31]/Q
                         net (fo=2, routed)           0.134     1.931    counter[31]
    SLICE_X0Y73          CARRY4 (Prop_carry4_S[2]_O[2])
                                                      0.111     2.042 r  counter_reg[31]_i_2/O[2]
                         net (fo=1, routed)           0.000     2.042    p_1_in[31]
    SLICE_X0Y73          FDRE                                         r  counter_reg[31]/D
  -------------------------------------------------------------------    -------------------

                         (clock sys_clk_pin rise edge)
                                                      0.000     0.000 r  
    R4                                                0.000     0.000 r  clk (IN)
                         net (fo=0)                   0.000     0.000    clk
    R4                   IBUF (Prop_ibuf_I_O)         0.431     0.431 r  clk_IBUF_inst/O
                         net (fo=1, routed)           0.734     1.165    clk_IBUF
    BUFGCTRL_X0Y0        BUFG (Prop_bufg_I_O)         0.029     1.194 r  clk_IBUF_BUFG_inst/O
                         net (fo=33, routed)          0.985     2.178    clk_IBUF_BUFG
    SLICE_X0Y73          FDRE                                         r  counter_reg[31]/C
                         clock pessimism             -0.522     1.656    
    SLICE_X0Y73          FDRE (Hold_fdre_C_D)         0.105     1.761    counter_reg[31]
  -------------------------------------------------------------------
                         required time                         -1.761    
                         arrival time                           2.042    
  -------------------------------------------------------------------
                         slack                                  0.281    

Slack (MET) :             0.281ns  (arrival time - required time)
  Source:                 counter_reg[3]/C
                            (rising edge-triggered cell FDRE clocked by sys_clk_pin  {rise@0.000ns fall@5.000ns period=10.000ns})
  Destination:            counter_reg[3]/D
                            (rising edge-triggered cell FDRE clocked by sys_clk_pin  {rise@0.000ns fall@5.000ns period=10.000ns})
  Path Group:             sys_clk_pin
  Path Type:              Hold (Min at Fast Process Corner)
  Requirement:            0.000ns  (sys_clk_pin rise@0.000ns - sys_clk_pin rise@0.000ns)
  Data Path Delay:        0.386ns  (logic 0.252ns (65.354%)  route 0.134ns (34.646%))
  Logic Levels:           1  (CARRY4=1)
  Clock Path Skew:        0.000ns (DCD - SCD - CPR)
    Destination Clock Delay (DCD):    2.186ns
    Source Clock Delay      (SCD):    1.663ns
    Clock Pessimism Removal (CPR):    0.523ns

    Location             Delay type                Incr(ns)  Path(ns)    Netlist Resource(s)
  -------------------------------------------------------------------    -------------------
                         (clock sys_clk_pin rise edge)
                                                      0.000     0.000 r  
    R4                                                0.000     0.000 r  clk (IN)
                         net (fo=0)                   0.000     0.000    clk
    R4                   IBUF (Prop_ibuf_I_O)         0.243     0.243 r  clk_IBUF_inst/O
                         net (fo=1, routed)           0.676     0.919    clk_IBUF
    BUFGCTRL_X0Y0        BUFG (Prop_bufg_I_O)         0.026     0.945 r  clk_IBUF_BUFG_inst/O
                         net (fo=33, routed)          0.718     1.663    clk_IBUF_BUFG
    SLICE_X0Y66          FDRE                                         r  counter_reg[3]/C
  -------------------------------------------------------------------    -------------------
    SLICE_X0Y66          FDRE (Prop_fdre_C_Q)         0.141     1.804 r  counter_reg[3]/Q
                         net (fo=2, routed)           0.134     1.938    counter[3]
    SLICE_X0Y66          CARRY4 (Prop_carry4_S[2]_O[2])
                                                      0.111     2.049 r  counter_reg[4]_i_1/O[2]
                         net (fo=1, routed)           0.000     2.049    p_1_in[3]
    SLICE_X0Y66          FDRE                                         r  counter_reg[3]/D
  -------------------------------------------------------------------    -------------------

                         (clock sys_clk_pin rise edge)
                                                      0.000     0.000 r  
    R4                                                0.000     0.000 r  clk (IN)
                         net (fo=0)                   0.000     0.000    clk
    R4                   IBUF (Prop_ibuf_I_O)         0.431     0.431 r  clk_IBUF_inst/O
                         net (fo=1, routed)           0.734     1.165    clk_IBUF
    BUFGCTRL_X0Y0        BUFG (Prop_bufg_I_O)         0.029     1.194 r  clk_IBUF_BUFG_inst/O
                         net (fo=33, routed)          0.993     2.186    clk_IBUF_BUFG
    SLICE_X0Y66          FDRE                                         r  counter_reg[3]/C
                         clock pessimism             -0.523     1.663    
    SLICE_X0Y66          FDRE (Hold_fdre_C_D)         0.105     1.768    counter_reg[3]
  -------------------------------------------------------------------
                         required time                         -1.768    
                         arrival time                           2.049    
  -------------------------------------------------------------------
                         slack                                  0.281    





Pulse Width Checks
--------------------------------------------------------------------------------------
Clock Name:         sys_clk_pin
Waveform(ns):       { 0.000 5.000 }
Period(ns):         10.000
Sources:            { clk }

Check Type        Corner  Lib Pin  Reference Pin  Required(ns)  Actual(ns)  Slack(ns)  Location       Pin
Min Period        n/a     BUFG/I   n/a            2.155         10.000      7.845      BUFGCTRL_X0Y0  clk_IBUF_BUFG_inst/I
Min Period        n/a     FDRE/C   n/a            1.000         10.000      9.000      SLICE_X1Y66    counter_reg[0]/C
Min Period        n/a     FDRE/C   n/a            1.000         10.000      9.000      SLICE_X0Y68    counter_reg[10]/C
Min Period        n/a     FDRE/C   n/a            1.000         10.000      9.000      SLICE_X0Y68    counter_reg[11]/C
Min Period        n/a     FDRE/C   n/a            1.000         10.000      9.000      SLICE_X0Y68    counter_reg[12]/C
Min Period        n/a     FDRE/C   n/a            1.000         10.000      9.000      SLICE_X0Y69    counter_reg[13]/C
Min Period        n/a     FDRE/C   n/a            1.000         10.000      9.000      SLICE_X0Y69    counter_reg[14]/C
Min Period        n/a     FDRE/C   n/a            1.000         10.000      9.000      SLICE_X0Y69    counter_reg[15]/C
Min Period        n/a     FDRE/C   n/a            1.000         10.000      9.000      SLICE_X0Y69    counter_reg[16]/C
Min Period        n/a     FDRE/C   n/a            1.000         10.000      9.000      SLICE_X0Y70    counter_reg[17]/C
Low Pulse Width   Slow    FDRE/C   n/a            0.500         5.000       4.500      SLICE_X1Y66    counter_reg[0]/C
Low Pulse Width   Fast    FDRE/C   n/a            0.500         5.000       4.500      SLICE_X1Y66    counter_reg[0]/C
Low Pulse Width   Slow    FDRE/C   n/a            0.500         5.000       4.500      SLICE_X0Y68    counter_reg[10]/C
Low Pulse Width   Fast    FDRE/C   n/a            0.500         5.000       4.500      SLICE_X0Y68    counter_reg[10]/C
Low Pulse Width   Slow    FDRE/C   n/a            0.500         5.000       4.500      SLICE_X0Y68    counter_reg[11]/C
Low Pulse Width   Fast    FDRE/C   n/a            0.500         5.000       4.500      SLICE_X0Y68    counter_reg[11]/C
Low Pulse Width   Slow    FDRE/C   n/a            0.500         5.000       4.500      SLICE_X0Y68    counter_reg[12]/C
Low Pulse Width   Fast    FDRE/C   n/a            0.500         5.000       4.500      SLICE_X0Y68    counter_reg[12]/C
Low Pulse Width   Slow    FDRE/C   n/a            0.500         5.000       4.500      SLICE_X0Y69    counter_reg[13]/C
Low Pulse Width   Fast    FDRE/C   n/a            0.500         5.000       4.500      SLICE_X0Y69    counter_reg[13]/C
High Pulse Width  Slow    FDRE/C   n/a            0.500         5.000       4.500      SLICE_X1Y66    counter_reg[0]/C
High Pulse Width  Fast    FDRE/C   n/a            0.500         5.000       4.500      SLICE_X1Y66    counter_reg[0]/C
High Pulse Width  Slow    FDRE/C   n/a            0.500         5.000       4.500      SLICE_X0Y68    counter_reg[10]/C
High Pulse Width  Fast    FDRE/C   n/a            0.500         5.000       4.500      SLICE_X0Y68    counter_reg[10]/C
High Pulse Width  Slow    FDRE/C   n/a            0.500         5.000       4.500      SLICE_X0Y68    counter_reg[11]/C
High Pulse Width  Fast    FDRE/C   n/a            0.500         5.000       4.500      SLICE_X0Y68    counter_reg[11]/C
High Pulse Width  Slow    FDRE/C   n/a            0.500         5.000       4.500      SLICE_X0Y68    counter_reg[12]/C
High Pulse Width  Fast    FDRE/C   n/a            0.500         5.000       4.500      SLICE_X0Y68    counter_reg[12]/C
High Pulse Width  Slow    FDRE/C   n/a            0.500         5.000       4.500      SLICE_X0Y69    counter_reg[13]/C
High Pulse Width  Fast    FDRE/C   n/a            0.500         5.000       4.500      SLICE_X0Y69    counter_reg[13]/C



--------------------------------------------------------------------------------------
Path Group:  (none)
From Clock:  
  To Clock:  

Max Delay             1 Endpoint
Min Delay             1 Endpoint
--------------------------------------------------------------------------------------


Max Delay Paths
--------------------------------------------------------------------------------------
Slack:                    inf
  Source:                 sw1
                            (input port)
  Destination:            led1
                            (output port)
  Path Group:             (none)
  Path Type:              Max at Slow Process Corner
  Data Path Delay:        9.331ns  (logic 4.017ns (43.044%)  route 5.315ns (56.956%))
  Logic Levels:           2  (IBUF=1 OBUF=1)

    Location             Delay type                Incr(ns)  Path(ns)    Netlist Resource(s)
  -------------------------------------------------------------------    -------------------
    F21                                               0.000     0.000 r  sw1 (IN)
                         net (fo=0)                   0.000     0.000    sw1
    F21                  IBUF (Prop_ibuf_I_O)         1.067     1.067 r  sw1_IBUF_inst/O
                         net (fo=1, routed)           5.315     6.382    led1_OBUF
    T15                  OBUF (Prop_obuf_I_O)         2.949     9.331 r  led1_OBUF_inst/O
                         net (fo=0)                   0.000     9.331    led1
    T15                                                               r  led1 (OUT)
  -------------------------------------------------------------------    -------------------





Min Delay Paths
--------------------------------------------------------------------------------------
Slack:                    inf
  Source:                 sw1
                            (input port)
  Destination:            led1
                            (output port)
  Path Group:             (none)
  Path Type:              Min at Fast Process Corner
  Data Path Delay:        3.164ns  (logic 1.404ns (44.383%)  route 1.760ns (55.617%))
  Logic Levels:           2  (IBUF=1 OBUF=1)

    Location             Delay type                Incr(ns)  Path(ns)    Netlist Resource(s)
  -------------------------------------------------------------------    -------------------
    F21                                               0.000     0.000 r  sw1 (IN)
                         net (fo=0)                   0.000     0.000    sw1
    F21                  IBUF (Prop_ibuf_I_O)         0.192     0.192 r  sw1_IBUF_inst/O
                         net (fo=1, routed)           1.760     1.951    led1_OBUF
    T15                  OBUF (Prop_obuf_I_O)         1.213     3.164 r  led1_OBUF_inst/O
                         net (fo=0)                   0.000     3.164    led1
    T15                                                               r  led1 (OUT)
  -------------------------------------------------------------------    -------------------





--------------------------------------------------------------------------------------
Path Group:  (none)
From Clock:  sys_clk_pin
  To Clock:  

Max Delay             1 Endpoint
Min Delay             1 Endpoint
--------------------------------------------------------------------------------------


Max Delay Paths
--------------------------------------------------------------------------------------
Slack:                    inf
  Source:                 led_0_state_reg/C
                            (rising edge-triggered cell FDRE clocked by sys_clk_pin  {rise@0.000ns fall@5.000ns period=10.000ns})
  Destination:            led0
                            (output port)
  Path Group:             (none)
  Path Type:              Max at Slow Process Corner
  Data Path Delay:        5.089ns  (logic 3.410ns (66.999%)  route 1.680ns (33.001%))
  Logic Levels:           1  (OBUF=1)
  Clock Uncertainty:      0.025ns  ((TSJ^2 + TIJ^2)^1/2 + DJ) / 2 + PE
    Total System Jitter     (TSJ):    0.050ns
    Total Input Jitter      (TIJ):    0.000ns
    Discrete Jitter          (DJ):    0.000ns
    Phase Error              (PE):    0.000ns

    Location             Delay type                Incr(ns)  Path(ns)    Netlist Resource(s)
  -------------------------------------------------------------------    -------------------
                         (clock sys_clk_pin rise edge)
                                                      0.000     0.000 r  
    R4                                                0.000     0.000 r  clk (IN)
                         net (fo=0)                   0.000     0.000    clk
    R4                   IBUF (Prop_ibuf_I_O)         1.475     1.475 r  clk_IBUF_inst/O
                         net (fo=1, routed)           2.114     3.589    clk_IBUF
    BUFGCTRL_X0Y0        BUFG (Prop_bufg_I_O)         0.096     3.685 r  clk_IBUF_BUFG_inst/O
                         net (fo=33, routed)          2.013     5.698    clk_IBUF_BUFG
    SLICE_X1Y69          FDRE                                         r  led_0_state_reg/C
  -------------------------------------------------------------------    -------------------
    SLICE_X1Y69          FDRE (Prop_fdre_C_Q)         0.456     6.154 r  led_0_state_reg/Q
                         net (fo=2, routed)           1.680     7.834    led0_OBUF
    T14                  OBUF (Prop_obuf_I_O)         2.954    10.787 r  led0_OBUF_inst/O
                         net (fo=0)                   0.000    10.787    led0
    T14                                                               r  led0 (OUT)
  -------------------------------------------------------------------    -------------------





Min Delay Paths
--------------------------------------------------------------------------------------
Slack:                    inf
  Source:                 led_0_state_reg/C
                            (rising edge-triggered cell FDRE clocked by sys_clk_pin  {rise@0.000ns fall@5.000ns period=10.000ns})
  Destination:            led0
                            (output port)
  Path Group:             (none)
  Path Type:              Min at Fast Process Corner
  Data Path Delay:        1.689ns  (logic 1.358ns (80.429%)  route 0.331ns (19.571%))
  Logic Levels:           1  (OBUF=1)
  Clock Uncertainty:      0.025ns  ((TSJ^2 + TIJ^2)^1/2 + DJ) / 2 + PE
    Total System Jitter     (TSJ):    0.050ns
    Total Input Jitter      (TIJ):    0.000ns
    Discrete Jitter          (DJ):    0.000ns
    Phase Error              (PE):    0.000ns

    Location             Delay type                Incr(ns)  Path(ns)    Netlist Resource(s)
  -------------------------------------------------------------------    -------------------
                         (clock sys_clk_pin rise edge)
                                                      0.000     0.000 r  
    R4                                                0.000     0.000 r  clk (IN)
                         net (fo=0)                   0.000     0.000    clk
    R4                   IBUF (Prop_ibuf_I_O)         0.243     0.243 r  clk_IBUF_inst/O
                         net (fo=1, routed)           0.676     0.919    clk_IBUF
    BUFGCTRL_X0Y0        BUFG (Prop_bufg_I_O)         0.026     0.945 r  clk_IBUF_BUFG_inst/O
                         net (fo=33, routed)          0.715     1.660    clk_IBUF_BUFG
    SLICE_X1Y69          FDRE                                         r  led_0_state_reg/C
  -------------------------------------------------------------------    -------------------
    SLICE_X1Y69          FDRE (Prop_fdre_C_Q)         0.141     1.801 r  led_0_state_reg/Q
                         net (fo=2, routed)           0.331     2.132    led0_OBUF
    T14                  OBUF (Prop_obuf_I_O)         1.217     3.349 r  led0_OBUF_inst/O
                         net (fo=0)                   0.000     3.349    led0
    T14                                                               r  led0 (OUT)
  -------------------------------------------------------------------    -------------------





