-906250 -487500 -785046
-906250 -487500 -785046
-906250 -487500 -785046
-906250 -487500 -785046
-906250 -487500 -785046
-906250 -487500 -785046
-906250 -487500 -785046
-906250 -487500 -785046
-750000 -600000 -747663
-843750 -600000 -803738
-906250 -637500 -859813
-937500 -637500 -878504
-1000000 -562499 -878504
-968750 -525000 -841121
-1000000 -525000 -859813
-1093750 -487500 -897196
-1125000 -412499 -878504
-1156250 -375000 -878504
-1062500 -375000 -822429
-968750 -300000 -728971
-1093750 -300000 -803738
-1125000 -412499 -878504
-1187500 -562499 -990654
-1125000 -600000 -971962
-968750 -637500 -897196
-843750 -525000 -766355
-968750 -600000 -878504
-1187500 -600000 -1009345
-1281250 -674999 -1102803
-1468750 -712500 -1233644
-1406250 -674999 -1177570
-1531250 -712500 -1271028
-1562500 -824999 -1345794
-1625000 -900000 -1420560
-1718750 -1087499 -1570093
-1718750 -1012500 -1532710
-1718750 -787499 -1420560
-1656250 -712500 -1345794
-1593750 -787499 -1345794
-1656250 -900000 -1439252
-1718750 -1012500 -1532710
-1812500 -937500 -1551401
-1812500 -937500 -1551401
-1812500 -862499 -1514018
-1812500 -862499 -1514018
-1781250 -937500 -1532710
-1843750 -1050000 -1626168
-1906250 -1050000 -1663551
-1781250 -975000 -1551401
-1718750 -937500 -1495327
-1718750 -1050000 -1551401
-1750000 -1087499 -1588785
-1781250 -1124999 -1626168
-1906250 -1124999 -1700934
-1812500 -975000 -1570093
-1875000 -862499 -1551401
-1750000 -937500 -1514018
-1812500 -1012500 -1588785
-1875000 -1200000 -1719626
-1968750 -1462500 -1906542
-2000000 -1500000 -1943925
-2093750 -1537499 -2018691
-2250000 -1687500 -2186915
-2406250 -1912499 -2392523
-2406250 -2249999 -2560747
-2531250 -2174999 -2598130
-2843750 -1762499 -2579439
-3031250 -975000 -2299065
-3031250 -262500 -1943925
-2656250 375000 -1401869
-2062500 900000 -785046
-1375000 1500000 -74766
-437500 2324999 897196
750000 3262499 2074766
2343750 4012499 3401869
3875000 4349999 4485981
4875000 3562499 4691588
5250000 1574999 3925233
4781250 -637500 2542056
3250000 -1724999 1084112
1062500 -1875000 -299065
-1031250 -1612500 -1420560
-2281250 -1349999 -2037383
-2718750 -1387500 -2317757
-2656250 -1200000 -2186915
-2312500 -1124999 -1943925
-2062500 -1124999 -1794392
-2031250 -1349999 -1887850
-2093750 -1349999 -1925233
-2156250 -1200000 -1887850
-2062500 -1237500 -1850467
-2031250 -1275000 -1850467
-1968750 -1237500 -1794392
-1937500 -1387500 -1850467
-2000000 -1387500 -1887850
-2093750 -1387500 -1943925
-2125000 -1275000 -1906542
-2031250 -1200000 -1813084
-2156250 -1162499 -1869158
-2093750 -1312499 -1906542
-2062500 -1462500 -1962616
-2093750 -1387500 -1943925
-2062500 -1387500 -1925233
-2031250 -1312499 -1869158
-2062500 -1312499 -1887850
-2062500 -1462500 -1962616
-2156250 -1425000 -2000000
-2218750 -1349999 -2000000
-2093750 -1237500 -1869158
-2031250 -1275000 -1850467
-1906250 -1275000 -1775700
-2000000 -1275000 -1831775
-2000000 -1425000 -1906542
-2062500 -1387500 -1925233
-2125000 -1349999 -1943925
-2093750 -1275000 -1887850
-2125000 -1312499 -1925233
-2156250 -1425000 -2000000
-2218750 -1500000 -2074766
-2218750 -1462500 -2056074
-2125000 -1387500 -1962616
-2062500 -1275000 -1869158
-2062500 -1275000 -1869158
-2062500 -1387500 -1925233
-2125000 -1462500 -2000000
-2187500 -1312499 -1962616
-2031250 -1500000 -1962616
-2031250 -1387500 -1906542
-2062500 -1349999 -1906542
-2062500 -1387500 -1925233
-2093750 -1537499 -2018691
-2093750 -1425000 -1962616
-2125000 -1349999 -1943925
-2062500 -1387500 -1925233
-2125000 -1500000 -2018691
-2187500 -1612500 -2112149
-2218750 -1537499 -2093457
-2187500 -1574999 -2093457
-2156250 -1500000 -2037383
-2062500 -1387500 -1925233
-2000000 -1537499 -1962616
-2093750 -1500000 -2000000
-2062500 -1574999 -2018691
-2156250 -1537499 -2056074
-2062500 -1387500 -1925233
-2093750 -1387500 -1943925
-2093750 -1500000 -2000000
-2156250 -1612500 -2093457
-2156250 -1687500 -2130841
-2218750 -1649999 -2149532
-2125000 -1500000 -2018691
-2125000 -1500000 -2018691
-2093750 -1612500 -2056074
-2062500 -1687500 -2074766
-2187500 -1762499 -2186915
-2187500 -1837499 -2224299
-2156250 -1800000 -2186915
-2093750 -1800000 -2149532
-2093750 -1800000 -2149532
-2093750 -1837499 -2168224
-2187500 -1950000 -2280373
-2218750 -1950000 -2299065
-2218750 -1987500 -2317757
-2156250 -1987500 -2280373
-2156250 -2100000 -2336448
-2093750 -2137499 -2317757
-2187500 -2212500 -2411214
-2250000 -2212500 -2448598
-2250000 -2249999 -2467289
-2250000 -2174999 -2429906
-2281250 -2249999 -2485981
-2250000 -2362500 -2523364
-2312500 -2362500 -2560747
-2406250 -2362500 -2616822
-2312500 -2362500 -2560747
-2250000 -2324999 -2504672
-2218750 -2324999 -2485981
-2250000 -2437500 -2560747
-2343750 -2475000 -2635514
-2343750 -2437500 -2616822
-2281250 -2362500 -2542056
-2281250 -2287500 -2504672
-2250000 -2287500 -2485981
-2250000 -2174999 -2429906
-2281250 -2174999 -2448598
-2312500 -2062500 -2411214
-2218750 -2025000 -2336448
-2062500 -1837499 -2149532
-2031250 -1800000 -2112149
-2031250 -1875000 -2149532
-2093750 -1875000 -2186915
-2125000 -1762499 -2149532
-1968750 -1649999 -2000000
-1875000 -1462500 -1850467
-1875000 -1425000 -1831775
-1812500 -1425000 -1794392
-1843750 -1425000 -1813084
-1812500 -1349999 -1757009
-1781250 -1200000 -1663551
-1718750 -1087499 -1570093
-1593750 -1124999 -1514018
-1562500 -1200000 -1532710
-1562500 -1200000 -1532710
-1656250 -1162499 -1570093
-1593750 -1087499 -1495327
-1531250 -1050000 -1439252
-1437500 -1200000 -1457943
-1531250 -1124999 -1476635
-1531250 -1312499 -1570093
-1593750 -1275000 -1588785
-1593750 -1200000 -1551401
-1500000 -1200000 -1495327
-1562500 -1124999 -1495327
-1593750 -1162499 -1532710
-1531250 -1200000 -1514018
-1593750 -1275000 -1588785
-1562500 -1162499 -1514018
-1562500 -1162499 -1514018
-1656250 -1124999 -1551401
-1625000 -1237500 -1588785
-1625000 -1312499 -1626168
-1656250 -1237500 -1607476
-1687500 -1237500 -1626168
-1656250 -1200000 -1588785
-1625000 -1200000 -1570093
-1718750 -1349999 -1700934
-1750000 -1312499 -1700934
-1812500 -1387500 -1775700
-1718750 -1237500 -1644859
-1687500 -1124999 -1570093
-1625000 -1124999 -1532710
-1750000 -1275000 -1682242
-1750000 -1387500 -1738317
-1781250 -1462500 -1794392
-1718750 -1425000 -1738317
-1718750 -1425000 -1738317
-1656250 -1387500 -1682242
-1687500 -1425000 -1719626
-1781250 -1574999 -1850467
-1812500 -1462500 -1813084
-1750000 -1425000 -1757009
-1718750 -1349999 -1700934
-1781250 -1537499 -1831775
-1750000 -1612500 -1850467
-1875000 -1687500 -1962616
-1875000 -1574999 -1906542
-1906250 -1537499 -1906542
-1843750 -1462500 -1831775
-1875000 -1500000 -1869158
-1937500 -1462500 -1887850
-1937500 -1574999 -1943925
-1906250 -1612500 -1943925
-1843750 -1537499 -1869158
-1781250 -1387500 -1757009
-1781250 -1462500 -1794392
-1812500 -1462500 -1813084
-1843750 -1649999 -1925233
-1937500 -1649999 -1981308
-1812500 -1574999 -1869158
-1843750 -1612500 -1906542
-1875000 -1649999 -1943925
-1906250 -1649999 -1962616
-1937500 -1687500 -2000000
-2031250 -1574999 -2000000
-1937500 -1500000 -1906542
-1875000 -1574999 -1906542
-1812500 -1687500 -1925233
-1937500 -1724999 -2018691
-2031250 -1687500 -2056074
-2062500 -1649999 -2056074
-1968750 -1724999 -2037383
-1875000 -1574999 -1906542
-1906250 -1612500 -1943925
-1937500 -1612500 -1962616
-2000000 -1724999 -2056074
-2062500 -1612500 -2037383
-2031250 -1649999 -2037383
-1968750 -1537499 -1943925
-1937500 -1537499 -1925233
-1906250 -1574999 -1925233
-1906250 -1612500 -1943925
-1937500 -1687500 -2000000
-1875000 -1612500 -1925233
-1906250 -1612500 -1943925
-1812500 -1612500 -1887850
-1875000 -1687500 -1962616
-1875000 -1687500 -1962616
-1906250 -1687500 -1981308
-1906250 -1537499 -1906542
-1812500 -1462500 -1813084
-1750000 -1574999 -1831775
-1843750 -1574999 -1887850
-1906250 -1612500 -1943925
-1968750 -1762499 -2056074
-1906250 -1724999 -2000000
-1843750 -1649999 -1925233
-1812500 -1649999 -1906542
-1750000 -1724999 -1906542
-1687500 -1687500 -1850467
-1718750 -1724999 -1887850
-1718750 -1612500 -1831775
-1687500 -1462500 -1738317
-1562500 -1462500 -1663551
-1562500 -1425000 -1644859
-1593750 -1500000 -1700934
-1406250 -1462500 -1570093
-1375000 -1349999 -1495327
-1281250 -1275000 -1401869
-1250000 -1349999 -1420560
-1281250 -1312499 -1420560
-1343750 -1462500 -1532710
-1437500 -1462500 -1588785
-1375000 -1275000 -1457943
-1406250 -1312499 -1495327
-1406250 -1312499 -1495327
-1406250 -1349999 -1514018
-1437500 -1387500 -1551401
-1468750 -1387500 -1570093
-1500000 -1312499 -1551401
-1468750 -1312499 -1532710
-1375000 -1312499 -1476635
-1312500 -1425000 -1495327
-1281250 -1537499 -1532710
-1531250 -1500000 -1663551
-1781250 -1537499 -1831775
-1781250 -1537499 -1831775
-1875000 -1612500 -1925233
-1937500 -1612500 -1962616
-2062500 -1687500 -2074766
-2062500 -1612500 -2037383
-2031250 -1574999 -2000000
-1968750 -1500000 -1925233
-2000000 -1612500 -2000000
-1968750 -1687500 -2018691
-2031250 -1837499 -2130841
-2125000 -1837499 -2186915
-2156250 -1875000 -2224299
-2125000 -1687500 -2112149
-2125000 -1724999 -2130841
-2187500 -1762499 -2186915
-2156250 -1800000 -2186915
-2218750 -1762499 -2205607
-2062500 -1762499 -2112149
-2093750 -1649999 -2074766
-2062500 -1724999 -2093457
-2000000 -1800000 -2093457
-2156250 -1800000 -2186915
-2218750 -1837499 -2242990
-2125000 -1687500 -2112149
-2062500 -1687500 -2074766
-2031250 -1762499 -2093457
-2062500 -1875000 -2168224
-2187500 -2025000 -2317757
-2281250 -2100000 -2411214
-2250000 -2174999 -2429906
-2375000 -2249999 -2542056
-2656250 -2475000 -2822429
-2781250 -2699999 -3009345
-2968750 -2662500 -3102803
-3187500 -2287500 -3046728
-3343750 -1537499 -2766355
-3156250 -600000 -2186915
-2593750 112500 -1495327
-1875000 487500 -878504
-1000000 862499 -168224
-93750 1425000 654205
1468750 2249999 2000000
3062500 3074999 3364485
4500000 3712499 4542056
5468750 3637499 5084112
5875000 2699999 4859813
5656250 787499 3775700
4718750 -1237500 2205607
3062500 -2624999 523364
1031250 -3375000 -1065420
-687500 -3524999 -2168224
-1687500 -3375000 -2691588
-2437500 -2962500 -2934579
-2812500 -2587500 -2971962
-2968750 -2324999 -2934579
-2843750 -2212500 -2803738
-2656250 -2137499 -2654205
-2437500 -2212500 -2560747
-2437500 -2212500 -2560747
-2406250 -2100000 -2485981
-2437500 -2137499 -2523364
-2375000 -2137499 -2485981
-2375000 -2137499 -2485981
-2375000 -2174999 -2504672
-2468750 -2062500 -2504672
-2406250 -2062500 -2467289
-2406250 -2062500 -2467289
-2406250 -2025000 -2448598
-2343750 -2137499 -2467289
-2468750 -2212500 -2579439
-2562500 -2174999 -2616822
-2562500 -2062500 -2560747
-2500000 -1987500 -2485981
-2468750 -1987500 -2467289
-2437500 -2062500 -2485981
-2531250 -2212500 -2616822
-2468750 -2174999 -2560747
-2406250 -2137499 -2504672
-2343750 -2025000 -2411214
-2437500 -1987500 -2448598
-2437500 -2062500 -2485981
-2531250 -2100000 -2560747
-2562500 -2100000 -2579439
-2562500 -2025000 -2542056
-2437500 -1987500 -2448598
-2437500 -2025000 -2467289
-2468750 -2025000 -2485981
-2531250 -2100000 -2560747
-2593750 -2025000 -2560747
-2500000 -1987500 -2485981
-2562500 -1987500 -2523364
-2531250 -1987500 -2504672
-2562500 -2025000 -2542056
-2593750 -2137499 -2616822
-2562500 -2137499 -2598130
-2500000 -1987500 -2485981
-2500000 -1987500 -2485981
-2468750 -1912499 -2429906
-2437500 -2062500 -2485981
-2531250 -2062500 -2542056
-2562500 -2100000 -2579439
-2437500 -2025000 -2467289
-2437500 -1987500 -2448598
-2406250 -2062500 -2467289
-2406250 -2137499 -2504672
-2562500 -2100000 -2579439
-2531250 -2100000 -2560747
-2468750 -2062500 -2504672
-2437500 -2062500 -2485981
-2343750 -2062500 -2429906
-2437500 -2137499 -2523364
-2468750 -2212500 -2579439
-2562500 -2212500 -2635514
-2500000 -2062500 -2523364
-2437500 -2062500 -2485981
-2437500 -2137499 -2523364
-2406250 -2174999 -2523364
-2531250 -2362500 -2691588
-2593750 -2362500 -2728971
-2593750 -2287500 -2691588
-2500000 -2174999 -2579439
-2468750 -2324999 -2635514
-2531250 -2400000 -2710280
-2593750 -2400000 -2747663
-2625000 -2512500 -2822429
-2625000 -2475000 -2803738
-2562500 -2437500 -2747663
-2593750 -2587500 -2841121
-2656250 -2624999 -2897196
-2625000 -2737500 -2934579
-2718750 -2775000 -3009345
-2687500 -2662500 -2934579
-2687500 -2699999 -2953271
-2625000 -2775000 -2953271
-2687500 -2925000 -3065420
-2812500 -2962500 -3158878
-2843750 -3000000 -3196261
-2812500 -2925000 -3140186
-2718750 -2887500 -3065420
-2781250 -2925000 -3121495
-2812500 -3000000 -3177570
-2843750 -3074999 -3233644
-2937500 -3149999 -3327102
-2875000 -3037500 -3233644
-2843750 -3074999 -3233644
-2812500 -3074999 -3214953
-2843750 -3000000 -3196261
-2937500 -3037500 -3271028
-2968750 -2925000 -3233644
-2875000 -2887500 -3158878
-2812500 -2737500 -3046728
-2781250 -2662500 -2990654
-2750000 -2587500 -2934579
-2718750 -2662500 -2953271
-2750000 -2475000 -2878504
-2562500 -2212500 -2635514
-2468750 -2062500 -2504672
-2312500 -2025000 -2392523
-2281250 -1950000 -2336448
-2250000 -1987500 -2336448
-2281250 -1987500 -2355140
-2125000 -1837499 -2186915
-2031250 -1687500 -2056074
-1968750 -1574999 -1962616
-2000000 -1612500 -2000000
-2062500 -1612500 -2037383
-2062500 -1537499 -2000000
-2000000 -1462500 -1925233
-1937500 -1387500 -1850467
-1875000 -1387500 -1813084
-1875000 -1462500 -1850467
-2000000 -1462500 -1925233
-2000000 -1462500 -1925233
-1968750 -1387500 -1869158
-1906250 -1275000 -1775700
-1906250 -1387500 -1831775
-1843750 -1462500 -1831775
-2000000 -1462500 -1925233
-2062500 -1462500 -1962616
-1906250 -1387500 -1831775
-1937500 -1312499 -1813084
-1875000 -1312499 -1775700
-1875000 -1387500 -1813084
-2000000 -1462500 -1925233
-2031250 -1462500 -1943925
-1937500 -1462500 -1887850
-1906250 -1349999 -1813084
-1968750 -1387500 -1869158
-1906250 -1425000 -1850467
-1968750 -1462500 -1906542
-1968750 -1462500 -1906542
-1937500 -1425000 -1869158
-1843750 -1387500 -1794392
-1812500 -1387500 -1775700
-1906250 -1425000 -1850467
-1937500 -1500000 -1906542
-2000000 -1612500 -2000000
-1968750 -1462500 -1906542
-1875000 -1387500 -1813084
-1968750 -1387500 -1869158
-1968750 -1387500 -1869158
-1968750 -1500000 -1925233
-2062500 -1537499 -2000000
-1968750 -1425000 -1887850
-2000000 -1425000 -1906542
-1968750 -1500000 -1925233
-2031250 -1500000 -1962616
-2093750 -1462500 -1981308
-2125000 -1649999 -2093457
-2093750 -1537499 -2018691
-2093750 -1425000 -1962616
-2062500 -1500000 -1981308
-2031250 -1649999 -2037383
-2156250 -1724999 -2149532
-2187500 -1574999 -2093457
-2156250 -1537499 -2056074
-2093750 -1500000 -2000000
-2062500 -1462500 -1962616
-2062500 -1649999 -2056074
-2156250 -1687500 -2130841
-2156250 -1687500 -2130841
-2156250 -1612500 -2093457
-2000000 -1537499 -1962616
-2062500 -1537499 -2000000
-2093750 -1612500 -2056074
-2125000 -1687500 -2112149
-2218750 -1649999 -2149532
-2093750 -1687500 -2093457
-2062500 -1462500 -1962616
-2062500 -1612500 -2037383
-2093750 -1649999 -2074766
-2218750 -1612500 -2130841
-2250000 -1687500 -2186915
-2218750 -1612500 -2130841
-2187500 -1574999 -2093457
-2125000 -1574999 -2056074
-2156250 -1687500 -2130841
-2156250 -1724999 -2149532
-2156250 -1649999 -2112149
-2156250 -1574999 -2074766
-2062500 -1537499 -2000000
-2062500 -1500000 -1981308
-2093750 -1537499 -2018691
-2156250 -1649999 -2112149
-2187500 -1724999 -2168224
-2187500 -1612500 -2112149
-2125000 -1537499 -2037383
-2062500 -1500000 -1981308
-2156250 -1724999 -2149532
-2156250 -1649999 -2112149
-2218750 -1612500 -2130841
-2187500 -1537499 -2074766
-2125000 -1500000 -2018691
-2062500 -1537499 -2000000
-2125000 -1649999 -2093457
-2125000 -1649999 -2093457
-2125000 -1687500 -2112149
-2062500 -1537499 -2000000
-2093750 -1500000 -2000000
-2062500 -1500000 -1981308
-2093750 -1574999 -2037383
-2156250 -1724999 -2149532
-2156250 -1612500 -2093457
-2125000 -1500000 -2018691
-2062500 -1500000 -1981308
-1968750 -1537499 -1943925
-1843750 -1574999 -1887850
-1875000 -1612500 -1925233
-1843750 -1649999 -1925233
-1781250 -1537499 -1831775
-1718750 -1500000 -1775700
-1656250 -1462500 -1719626
-1656250 -1537499 -1757009
-1656250 -1537499 -1757009
-1593750 -1537499 -1719626
-1562500 -1349999 -1607476
-1500000 -1275000 -1532710
-1406250 -1425000 -1551401
-1343750 -1425000 -1514018
-1500000 -1500000 -1644859
-1531250 -1387500 -1607476
-1500000 -1237500 -1514018
-1531250 -1087499 -1457943
-1468750 -1087499 -1420560
-1531250 -1275000 -1551401
-1562500 -1312499 -1588785
-1718750 -1275000 -1663551
-1718750 -1237500 -1644859
-1656250 -1124999 -1551401
-1562500 -1200000 -1532710
-1406250 -1312499 -1495327
-1375000 -1425000 -1532710
-1437500 -1425000 -1570093
-1656250 -1387500 -1682242
-1687500 -1387500 -1700934
-1750000 -1312499 -1700934
-1781250 -1462500 -1794392
-1906250 -1612500 -1943925
-2000000 -1537499 -1962616
-2125000 -1500000 -2018691
-2062500 -1462500 -1962616
-2093750 -1537499 -2018691
-2093750 -1574999 -2037383
-2218750 -1649999 -2149532
-2312500 -1612500 -2186915
-2250000 -1574999 -2130841
-2156250 -1537499 -2056074
-2187500 -1500000 -2056074
-2218750 -1574999 -2112149
-2281250 -1649999 -2186915
-2343750 -1649999 -2224299
-2375000 -1649999 -2242990
-2312500 -1500000 -2130841
-2281250 -1537499 -2130841
-2281250 -1612500 -2168224
-2375000 -1687500 -2261682
-2406250 -1649999 -2261682
-2375000 -1612500 -2224299
-2343750 -1537499 -2168224
-2218750 -1649999 -2149532
-2312500 -1687500 -2224299
-2437500 -1800000 -2355140
-2531250 -1950000 -2485981
-2562500 -2100000 -2579439
-2718750 -2249999 -2747663
-2906250 -2587500 -3028037
-3062500 -2812500 -3233644
-3250000 -2587500 -3233644
-3468750 -1950000 -3046728
-3562500 -937500 -2598130
-3281250 187500 -1869158
-2531250 1087499 -971962
-1562500 1950000 37383
-562500 2812500 1065420
750000 3787500 2336448
2562500 4762500 3906542
4312500 5287499 5214953
5531250 4575000 5588785
6000000 2400000 4785046
5312500 -337499 3009345
3250000 -1875000 1009345
312500 -2025000 -822429
-2000000 -1800000 -2093457
-3125000 -1800000 -2766355
-3156250 -1875000 -2822429
-2781250 -1912499 -2616822
-2593750 -1837499 -2467289
-2468750 -1837499 -2392523
-2437500 -1837499 -2373831
-2468750 -1912499 -2429906
-2437500 -1950000 -2429906
-2468750 -1950000 -2448598
-2531250 -2025000 -2523364
-2468750 -1837499 -2392523
-2531250 -1837499 -2429906
-2437500 -1875000 -2392523
-2468750 -1987500 -2467289
-2468750 -2025000 -2485981
-2562500 -2025000 -2542056
-2531250 -1987500 -2504672
-2500000 -1950000 -2467289
-2500000 -1950000 -2467289
-2593750 -2025000 -2560747
-2531250 -2100000 -2560747
-2625000 -2100000 -2616822
-2593750 -2025000 -2560747
-2531250 -1912499 -2467289
-2531250 -1987500 -2504672
-2625000 -2100000 -2616822
-2625000 -2174999 -2654205
-2718750 -2062500 -2654205
-2625000 -1987500 -2560747
-2562500 -1912499 -2485981
-2562500 -1950000 -2504672
-2531250 -1950000 -2485981
-2656250 -2100000 -2635514
-2687500 -2100000 -2654205
-2625000 -1987500 -2560747
-2593750 -1950000 -2523364
-2562500 -1912499 -2485981
-2562500 -1950000 -2504672
-2656250 -2062500 -2616822
-2625000 -2025000 -2579439
-2500000 -2062500 -2523364
-2468750 -1987500 -2467289
-2500000 -1987500 -2485981
-2500000 -2025000 -2504672
-2468750 -2100000 -2523364
-2593750 -2137499 -2616822
-2531250 -2100000 -2560747
-2437500 -1912499 -2411214
-2500000 -2025000 -2504672
-2500000 -2100000 -2542056
-2593750 -2174999 -2635514
-2656250 -2174999 -2672897
-2656250 -2025000 -2598130
-2593750 -2025000 -2560747
-2593750 -2137499 -2616822
-2562500 -2249999 -2654205
-2656250 -2249999 -2710280
-2656250 -2249999 -2710280
-2625000 -2212500 -2672897
-2593750 -2062500 -2579439
-2500000 -2212500 -2598130
-2500000 -2249999 -2616822
-2562500 -2324999 -2691588
-2656250 -2324999 -2747663
-2562500 -2362500 -2710280
-2531250 -2324999 -2672897
-2468750 -2324999 -2635514
-2500000 -2512500 -2747663
-2500000 -2587500 -2785046
-2531250 -2662500 -2841121
-2406250 -2624999 -2747663
-2500000 -2587500 -2785046
-2437500 -2699999 -2803738
-2437500 -2775000 -2841121
-2500000 -2812500 -2897196
-2593750 -2887500 -2990654
-2531250 -2775000 -2897196
-2531250 -2775000 -2897196
-2562500 -2887500 -2971962
-2593750 -3000000 -3046728
-2625000 -3112499 -3121495
-2625000 -3037500 -3084112
-2656250 -3074999 -3121495
-2593750 -2925000 -3009345
-2593750 -3037500 -3065420
-2562500 -3074999 -3065420
-2718750 -3187500 -3214953
-2687500 -3149999 -3177570
-2718750 -3074999 -3158878
-2625000 -3037500 -3084112
-2625000 -3000000 -3065420
-2625000 -3000000 -3065420
-2625000 -3037500 -3084112
-2656250 -2887500 -3028037
-2656250 -2737500 -2953271
-2593750 -2587500 -2841121
-2468750 -2512500 -2728971
-2468750 -2437500 -2691588
-2437500 -2324999 -2616822
-2343750 -2212500 -2504672
-2250000 -2062500 -2373831
-2125000 -1912499 -2224299
-2093750 -1875000 -2186915
-2062500 -1800000 -2130841
-2093750 -1837499 -2168224
-2093750 -1724999 -2112149
-2031250 -1537499 -1981308
-2000000 -1500000 -1943925
-1906250 -1500000 -1887850
-1906250 -1537499 -1906542
-1968750 -1574999 -1962616
-1937500 -1649999 -1981308
-1906250 -1462500 -1869158
-1875000 -1425000 -1831775
-1875000 -1500000 -1869158
-1875000 -1500000 -1869158
-1937500 -1574999 -1943925
-1937500 -1500000 -1906542
-1937500 -1425000 -1869158
-1968750 -1312499 -1831775
-1875000 -1500000 -1869158
-1906250 -1537499 -1906542
-1968750 -1574999 -1962616
-2000000 -1500000 -1943925
-2031250 -1500000 -1962616
-1937500 -1349999 -1831775
-1906250 -1425000 -1850467
-1906250 -1425000 -1850467
-2000000 -1537499 -1962616
-2031250 -1537499 -1981308
-1906250 -1462500 -1869158
-1937500 -1387500 -1850467
-1843750 -1425000 -1813084
-1937500 -1425000 -1869158
-2031250 -1574999 -2000000
-2062500 -1574999 -2018691
-2000000 -1537499 -1962616
-2000000 -1537499 -1962616
-2000000 -1500000 -1943925
-2031250 -1612500 -2018691
-2187500 -1687500 -2149532
-2187500 -1574999 -2093457
-2125000 -1574999 -2056074
-2093750 -1574999 -2037383
-2062500 -1612500 -2037383
-2093750 -1687500 -2093457
-2125000 -1687500 -2112149
-2250000 -1724999 -2205607
-2187500 -1574999 -2093457
-2187500 -1574999 -2093457
-2218750 -1724999 -2186915
-2250000 -1875000 -2280373
-2218750 -1875000 -2261682
-2281250 -1837499 -2280373
-2218750 -1724999 -2186915
-2187500 -1612500 -2112149
-2125000 -1724999 -2130841
-2218750 -1800000 -2224299
-2187500 -1837499 -2224299
-2281250 -1837499 -2280373
-2281250 -1800000 -2261682
-2187500 -1612500 -2112149
-2218750 -1687500 -2168224
-2187500 -1800000 -2205607
-2312500 -1800000 -2280373
-2375000 -1837499 -2336448
-2312500 -1800000 -2280373
-2250000 -1724999 -2205607
-2281250 -1762499 -2242990
-2250000 -1800000 -2242990
-2281250 -1724999 -2224299
-2375000 -1875000 -2355140
-2312500 -1687500 -2224299
-2281250 -1612500 -2168224
-2187500 -1724999 -2168224
-2187500 -1800000 -2205607
-2187500 -1875000 -2242990
-2312500 -1987500 -2373831
-2281250 -1724999 -2224299
-2156250 -1649999 -2112149
-2156250 -1762499 -2168224
-2125000 -1687500 -2112149
-2218750 -1762499 -2205607
-2281250 -1762499 -2242990
-2250000 -1687500 -2186915
-2218750 -1687500 -2168224
-2218750 -1612500 -2130841
-2218750 -1687500 -2168224
-2343750 -1762499 -2280373
-2406250 -1724999 -2299065
-2218750 -1687500 -2168224
-2250000 -1687500 -2186915
-2218750 -1687500 -2168224
-2250000 -1687500 -2186915
-2250000 -1724999 -2205607
-2312500 -1724999 -2242990
-2250000 -1612500 -2149532
-2156250 -1574999 -2074766
-2218750 -1687500 -2168224
-2156250 -1800000 -2186915
-2156250 -1762499 -2168224
-2156250 -1800000 -2186915
-2125000 -1687500 -2112149
-1937500 -1612500 -1962616
-1906250 -1649999 -1962616
-1906250 -1649999 -1962616
-1937500 -1724999 -2018691
-1906250 -1724999 -2000000
-1812500 -1537499 -1850467
-1781250 -1500000 -1813084
-1718750 -1537499 -1794392
-1750000 -1462500 -1775700
-1750000 -1574999 -1831775
-1718750 -1537499 -1794392
-1656250 -1425000 -1700934
-1593750 -1387500 -1644859
-1531250 -1500000 -1663551
-1625000 -1462500 -1700934
-1656250 -1500000 -1738317
-1718750 -1425000 -1738317
-1750000 -1275000 -1682242
-1656250 -1050000 -1514018
-1687500 -1237500 -1626168
-1718750 -1237500 -1644859
-1750000 -1387500 -1738317
-1718750 -1349999 -1700934
-1750000 -1275000 -1682242
-1718750 -1124999 -1588785
-1656250 -1237500 -1607476
-1593750 -1349999 -1626168
-1500000 -1500000 -1644859
-1625000 -1574999 -1757009
-1750000 -1574999 -1831775
-1937500 -1387500 -1850467
-1937500 -1425000 -1869158
-2156250 -1500000 -2037383
-2250000 -1612500 -2149532
-2375000 -1649999 -2242990
-2406250 -1574999 -2224299
-2375000 -1462500 -2149532
-2312500 -1537499 -2149532
-2343750 -1649999 -2224299
-2406250 -1687500 -2280373
-2437500 -1724999 -2317757
-2468750 -1649999 -2299065
-2406250 -1574999 -2224299
-2406250 -1574999 -2224299
-2406250 -1724999 -2299065
-2468750 -1762499 -2355140
-2531250 -1724999 -2373831
-2500000 -1687500 -2336448
-2343750 -1612500 -2205607
-2343750 -1649999 -2224299
-2437500 -1649999 -2280373
-2468750 -1724999 -2336448
-2593750 -1800000 -2448598
-2531250 -1649999 -2336448
-2500000 -1687500 -2336448
-2437500 -1762499 -2336448
-2531250 -1875000 -2448598
-2656250 -2100000 -2635514
-2875000 -2287500 -2859813
-2968750 -2437500 -2990654
-3156250 -2587500 -3177570
-3187500 -2812500 -3308411
-3281250 -3112499 -3514018
-3375000 -3187500 -3607476
-3750000 -2887500 -3682242
-4031250 -2212500 -3514018
-3937500 -1349999 -3028037
-3593749 -487500 -2392523
-3093750 262500 -1719626
-2406250 975000 -953271
-1687500 1800000 -112149
-718750 2775000 953271
562500 3712499 2186915
2312500 4575000 3663551
3968750 4912500 4822429
5062500 4087500 5065420
5375000 1724999 4074766
4812500 -787499 2485981
2968750 -2100000 728971
406250 -2137499 -822429
-1906250 -1912499 -2093457
-3125000 -1912499 -2822429
-3250000 -1950000 -2915887
-2968750 -1724999 -2635514
-2562500 -1649999 -2355140
-2437500 -1837499 -2373831
-2437500 -1912499 -2411214
-2500000 -1950000 -2467289
-2562500 -1875000 -2467289
-2531250 -1762499 -2392523
-2406250 -1837499 -2355140
-2437500 -1837499 -2373831
-2468750 -1950000 -2448598
-2531250 -1987500 -2504672
-2562500 -1987500 -2523364
-2531250 -1950000 -2485981
-2500000 -1800000 -2392523
-2437500 -1837499 -2373831
-2468750 -1950000 -2448598
-2562500 -2025000 -2542056
-2593750 -2025000 -2560747
-2562500 -1912499 -2485981
-2468750 -1912499 -2429906
-2531250 -1875000 -2448598
-2562500 -1987500 -2523364
-2531250 -2025000 -2523364
-2531250 -2025000 -2523364
-2562500 -1987500 -2523364
-2437500 -1875000 -2392523
-2406250 -1837499 -2355140
-2437500 -1987500 -2448598
-2468750 -2025000 -2485981
-2500000 -1950000 -2467289
-2500000 -1912499 -2448598
-2500000 -1837499 -2411214
-2468750 -1875000 -2411214
-2468750 -1950000 -2448598
-2531250 -2025000 -2523364
-2531250 -1950000 -2485981
-2500000 -1912499 -2448598
-2468750 -1875000 -2411214
-2406250 -1912499 -2392523
-2343750 -1912499 -2355140
-2406250 -2062500 -2467289
-2468750 -2025000 -2485981
-2437500 -1987500 -2448598
-2406250 -1950000 -2411214
-2343750 -1950000 -2373831
-2406250 -2062500 -2467289
-2468750 -2025000 -2485981
-2468750 -1950000 -2448598
-2406250 -1837499 -2355140
-2343750 -1912499 -2355140
-2343750 -1987500 -2392523
-2406250 -1987500 -2429906
-2468750 -2025000 -2485981
-2437500 -1987500 -2448598
-2437500 -1950000 -2429906
-2281250 -2025000 -2373831
-2343750 -1987500 -2392523
-2406250 -2025000 -2448598
-2468750 -2100000 -2523364
-2375000 -2137499 -2485981
-2406250 -2100000 -2485981
-2343750 -2137499 -2467289
-2375000 -2174999 -2504672
-2437500 -2324999 -2616822
-2375000 -2287500 -2560747
-2343750 -2249999 -2523364
-2343750 -2249999 -2523364
-2343750 -2324999 -2560747
-2343750 -2437500 -2616822
-2375000 -2550000 -2691588
-2437500 -2550000 -2728971
-2437500 -2437500 -2672897
-2281250 -2400000 -2560747
-2312500 -2662500 -2710280
-2343750 -2699999 -2747663
-2406250 -2850000 -2859813
-2437500 -2887500 -2897196
-2437500 -2812500 -2859813
-2343750 -2737500 -2766355
-2281250 -2812500 -2766355
-2406250 -2887500 -2878504
-2375000 -2925000 -2878504
-2437500 -2962500 -2934579
-2343750 -2887500 -2841121
-2343750 -2812500 -2803738
-2281250 -2812500 -2766355
-2312500 -2812500 -2785046
-2406250 -2850000 -2859813
-2468750 -2737500 -2841121
-2406250 -2587500 -2728971
-2406250 -2512500 -2691588
-2312500 -2362500 -2560747
-2281250 -2324999 -2523364
-2312500 -2287500 -2523364
-2343750 -2174999 -2485981
-2187500 -2025000 -2317757
-2093750 -1912499 -2205607
-2000000 -1875000 -2130841
-1968750 -1837499 -2093457
-2000000 -1762499 -2074766
-2031250 -1762499 -2093457
-1968750 -1687500 -2018691
-1843750 -1649999 -1925233
-1781250 -1462500 -1794392
-1875000 -1612500 -1925233
-1843750 -1724999 -1962616
-1781250 -1612500 -1869158
-1781250 -1537499 -1831775
-1750000 -1462500 -1775700
-1687500 -1500000 -1757009
-1750000 -1462500 -1775700
-1812500 -1462500 -1813084
-1843750 -1537499 -1869158
-1843750 -1462500 -1831775
-1812500 -1349999 -1757009
-1750000 -1425000 -1757009
-1812500 -1537499 -1850467
-1843750 -1574999 -1887850
-1937500 -1537499 -1925233
-1843750 -1349999 -1775700
-1781250 -1387500 -1757009
-1750000 -1425000 -1757009
-1718750 -1537499 -1794392
-1843750 -1612500 -1906542
-1906250 -1612500 -1943925
-1875000 -1612500 -1925233
-1843750 -1425000 -1813084
-1843750 -1574999 -1887850
-1781250 -1500000 -1813084
-1875000 -1612500 -1925233
-1906250 -1649999 -1962616
-1875000 -1687500 -1962616
-1843750 -1612500 -1906542
-1875000 -1612500 -1925233
-1906250 -1724999 -2000000
-1968750 -1687500 -2018691
-1937500 -1687500 -2000000
-1968750 -1574999 -1962616
-1843750 -1574999 -1887850
-1875000 -1612500 -1925233
-1937500 -1724999 -2018691
-2062500 -1762499 -2112149
-2125000 -1724999 -2130841
-2062500 -1649999 -2056074
-2000000 -1612500 -2000000
-2000000 -1724999 -2056074
-1968750 -1762499 -2056074
-2031250 -1875000 -2149532
-2093750 -1837499 -2168224
-2062500 -1800000 -2130841
-1968750 -1649999 -2000000
-2000000 -1724999 -2056074
-2000000 -1724999 -2056074
-2062500 -1762499 -2112149
-2156250 -1800000 -2186915
-2125000 -1762499 -2149532
-2093750 -1649999 -2074766
-2062500 -1724999 -2093457
-2093750 -1800000 -2149532
-2156250 -1912499 -2242990
-2187500 -1837499 -2224299
-2156250 -1762499 -2168224
-2125000 -1649999 -2093457
-2093750 -1724999 -2112149
-2093750 -1800000 -2149532
-2062500 -1875000 -2168224
-2093750 -1912499 -2205607
-2125000 -1800000 -2168224
-2093750 -1687500 -2093457
-2000000 -1724999 -2056074
-2125000 -1762499 -2149532
-2125000 -1800000 -2168224
-2187500 -1837499 -2224299
-2281250 -1762499 -2242990
-2250000 -1724999 -2205607
-2156250 -1762499 -2168224
-2156250 -1800000 -2186915
-2187500 -1837499 -2224299
-2187500 -1762499 -2186915
-2187500 -1762499 -2186915
-2125000 -1724999 -2130841
-2125000 -1800000 -2168224
-2156250 -1762499 -2168224
-2156250 -1837499 -2205607
-2375000 -1875000 -2355140
-2250000 -1724999 -2205607
-2250000 -1574999 -2130841
-2156250 -1724999 -2149532
-2156250 -1762499 -2168224
-2187500 -1837499 -2224299
-2218750 -1875000 -2261682
-2156250 -1837499 -2205607
-2062500 -1724999 -2093457
-2062500 -1724999 -2093457
-2093750 -1762499 -2130841
-2093750 -1875000 -2186915
-2125000 -1875000 -2205607
-2062500 -1800000 -2130841
-2000000 -1687500 -2037383
-1812500 -1724999 -1943925
-1812500 -1762499 -1962616
-1875000 -1800000 -2018691
-1906250 -1837499 -2056074
-1781250 -1800000 -1962616
-1750000 -1687500 -1887850
-1718750 -1687500 -1869158
-1750000 -1724999 -1906542
-1718750 -1724999 -1887850
-1687500 -1687500 -1850467
-1656250 -1537499 -1757009
-1562500 -1574999 -1719626
-1437500 -1649999 -1682242
-1531250 -1537499 -1682242
-1500000 -1649999 -1719626
-1593750 -1649999 -1775700
-1593750 -1574999 -1738317
-1531250 -1425000 -1626168
-1468750 -1349999 -1551401
-1593750 -1349999 -1626168
-1656250 -1387500 -1682242
-1625000 -1425000 -1682242
-1593750 -1425000 -1663551
-1687500 -1387500 -1700934
-1656250 -1537499 -1757009
-1750000 -1500000 -1794392
-1593750 -1649999 -1775700
-1562500 -1649999 -1757009
-1531250 -1649999 -1738317
-1656250 -1574999 -1775700
-1750000 -1687500 -1887850
-1875000 -1649999 -1943925
-1968750 -1800000 -2074766
-2031250 -1837499 -2130841
-2093750 -1762499 -2130841
-2156250 -1724999 -2149532
-2062500 -1837499 -2149532
-2093750 -1837499 -2168224
-2156250 -1875000 -2224299
-2250000 -1912499 -2299065
-2187500 -1724999 -2168224
-2125000 -1687500 -2112149
-2093750 -1724999 -2112149
-2156250 -1837499 -2205607
-2250000 -1912499 -2299065
-2281250 -1987500 -2355140
-2343750 -1912499 -2355140
-2312500 -1837499 -2299065
-2281250 -1950000 -2336448
-2281250 -1875000 -2299065
-2375000 -1950000 -2392523
-2343750 -2025000 -2411214
-2343750 -1800000 -2299065
-2281250 -1837499 -2280373
-2312500 -1875000 -2317757
-2250000 -1875000 -2280373
-2312500 -1875000 -2317757
-2375000 -1987500 -2411214
-2281250 -1912499 -2317757
-2250000 -1837499 -2261682
-2187500 -1912499 -2261682
-2218750 -1987500 -2317757
-2312500 -2100000 -2429906
-2406250 -2287500 -2579439
-2468750 -2400000 -2672897
-2687500 -2624999 -2915887
-2781250 -2850000 -3084112
-3031250 -2925000 -3271028
-3218750 -2587500 -3214953
-3531250 -1800000 -3009345
-3468750 -824999 -2485981
-2968750 -150000 -1850467
-2218750 300000 -1177570
-1375000 824999 -411214
-343750 1649999 616822
1156250 2624999 2000000
2968750 3299999 3420560
4406250 2962500 4112149
5125000 1162499 3644859
4875000 -1275000 2280373
3343750 -2850000 579439
906250 -3074999 -990654
-1250000 -2662500 -2074766
-2625000 -2400000 -2766355
-3125000 -2287500 -3009345
-3000000 -2249999 -2915887
-2812500 -2212500 -2785046
-2562500 -2212500 -2635514
-2500000 -2137499 -2560747
-2437500 -2249999 -2579439
-2437500 -2324999 -2616822
-2500000 -2287500 -2635514
-2531250 -2287500 -2654205
-2656250 -2212500 -2691588
-2656250 -2025000 -2598130
-2531250 -2025000 -2523364
-2468750 -2137499 -2542056
-2531250 -2287500 -2654205
-2531250 -2324999 -2672897
-2593750 -2249999 -2672897
-2531250 -2174999 -2598130
-2406250 -2062500 -2467289
-2437500 -2137499 -2523364
-2468750 -2137499 -2542056
-2468750 -2287500 -2616822
-2468750 -2174999 -2560747
-2468750 -2174999 -2560747
-2406250 -2137499 -2504672
-2437500 -2137499 -2523364
-2437500 -2174999 -2542056
-2500000 -2249999 -2616822
-2656250 -2212500 -2691588
-2562500 -2137499 -2598130
-2500000 -2062500 -2523364
-2468750 -2174999 -2560747
-2500000 -2212500 -2598130
-2531250 -2062500 -2542056
-2656250 -2137499 -2654205
-2593750 -2137499 -2616822
-2531250 -1950000 -2485981
-2531250 -2025000 -2523364
-2531250 -1987500 -2504672
-2562500 -2137499 -2598130
-2593750 -2174999 -2635514
-2531250 -2212500 -2616822
-2625000 -2100000 -2616822
-2531250 -2174999 -2598130
-2562500 -2212500 -2635514
-2562500 -2249999 -2654205
-2625000 -2324999 -2728971
-2593750 -2287500 -2691588
-2531250 -2212500 -2616822
-2468750 -2249999 -2598130
-2468750 -2100000 -2523364
-2468750 -2174999 -2560747
-2500000 -2287500 -2635514
-2468750 -2174999 -2560747
-2468750 -2137499 -2542056
-2531250 -2287500 -2654205
-2531250 -2324999 -2672897
-2625000 -2362500 -2747663
-2718750 -2287500 -2766355
-2593750 -2212500 -2654205
-2531250 -2174999 -2598130
-2468750 -2212500 -2579439
-2437500 -2249999 -2579439
-2593750 -2287500 -2691588
-2531250 -2437500 -2728971
-2531250 -2324999 -2672897
-2500000 -2249999 -2616822
-2468750 -2324999 -2635514
-2468750 -2512500 -2728971
-2531250 -2550000 -2785046
-2625000 -2624999 -2878504
-2593750 -2662500 -2878504
-2500000 -2550000 -2766355
-2468750 -2624999 -2785046
-2500000 -2737500 -2859813
-2531250 -2850000 -2934579
-2656250 -3000000 -3084112
-2656250 -2887500 -3028037
-2656250 -2850000 -3009345
-2625000 -2925000 -3028037
-2656250 -3000000 -3084112
-2812500 -3037500 -3196261
-2781250 -3037500 -3177570
-2812500 -3037500 -3196261
-2718750 -3112499 -3177570
-2781250 -3112499 -3214953
-2937500 -3149999 -3327102
-2843750 -3112499 -3252336
-2875000 -3187500 -3308411
-2750000 -3074999 -3177570
-2718750 -2962500 -3102803
-2656250 -2887500 -3028037
-2687500 -3037500 -3121495
-2781250 -2962500 -3140186
-2812500 -2962500 -3158878
-2781250 -2812500 -3065420
-2687500 -2775000 -2990654
-2625000 -2812500 -2971962
-2562500 -2812500 -2934579
-2656250 -2775000 -2971962
-2625000 -2699999 -2915887
-2531250 -2587500 -2803738
-2375000 -2400000 -2616822
-2312500 -2287500 -2523364
-2281250 -2287500 -2504672
-2281250 -2249999 -2485981
-2281250 -2137499 -2429906
-2156250 -2062500 -2317757
-2062500 -1950000 -2205607
-1968750 -1837499 -2093457
-1906250 -1837499 -2056074
-1906250 -1875000 -2074766
-2000000 -1912499 -2149532
-1937500 -1837499 -2074766
-1937500 -1724999 -2018691
-1906250 -1762499 -2018691
-1937500 -1837499 -2074766
-1968750 -1912499 -2130841
-2000000 -1912499 -2149532
-1968750 -1687500 -2018691
-1906250 -1724999 -2000000
-1906250 -1762499 -2018691
-1843750 -1800000 -2000000
-1937500 -1875000 -2093457
-2000000 -1837499 -2112149
-1937500 -1687500 -2000000
-1968750 -1612500 -1981308
-1843750 -1649999 -1925233
-1875000 -1800000 -2018691
-1906250 -1875000 -2074766
-1875000 -1912499 -2074766
-1781250 -1837499 -1981308
-1750000 -1800000 -1943925
-1812500 -1762499 -1962616
-1843750 -1837499 -2018691
-1906250 -1912499 -2093457
-2031250 -1875000 -2149532
-1906250 -1762499 -2018691
-1875000 -1724999 -1981308
-1875000 -1875000 -2056074
-1968750 -1950000 -2149532
-2031250 -2062500 -2242990
-2093750 -2100000 -2299065
-2031250 -2062500 -2242990
-1968750 -1950000 -2149532
-2000000 -2025000 -2205607
-2093750 -1912499 -2205607
-2062500 -1987500 -2224299
-2125000 -1912499 -2224299
-2031250 -1987500 -2205607
-2031250 -1950000 -2186915
-2000000 -1987500 -2186915
-1968750 -1987500 -2168224
-2093750 -2062500 -2280373
-2093750 -2025000 -2261682
-2156250 -1987500 -2280373
-2093750 -1912499 -2205607
-2031250 -1912499 -2168224
-2062500 -1987500 -2224299
-1968750 -2062500 -2205607
-2093750 -2174999 -2336448
-2062500 -2062500 -2261682
-2062500 -1950000 -2205607
-2062500 -2025000 -2242990
-2062500 -1987500 -2224299
-2093750 -2025000 -2261682
-2125000 -1987500 -2261682
-2062500 -1987500 -2224299
-2000000 -1875000 -2130841
-1968750 -1987500 -2168224
-2031250 -1987500 -2205607
-2093750 -2025000 -2261682
-2218750 -2025000 -2336448
-2156250 -1987500 -2280373
-2125000 -1912499 -2224299
-2093750 -1950000 -2224299
-2000000 -1912499 -2149532
-2031250 -2025000 -2224299
-2187500 -2025000 -2317757
-2062500 -2137499 -2299065
-1968750 -1987500 -2168224
-1968750 -1950000 -2149532
-2062500 -1987500 -2224299
-2062500 -2025000 -2242990
-2093750 -1987500 -2242990
-2093750 -1950000 -2224299
-2062500 -1875000 -2168224
-2062500 -1987500 -2224299
-2062500 -1987500 -2224299
-2125000 -2025000 -2280373
-2125000 -1987500 -2261682
-2125000 -1912499 -2224299
-2031250 -1837499 -2130841
-2031250 -1912499 -2168224
-2031250 -2062500 -2242990
-2156250 -2062500 -2317757
-2187500 -2062500 -2336448
-2125000 -1912499 -2224299
-2062500 -1912499 -2186915
-2000000 -1950000 -2168224
-1937500 -1987500 -2149532
-1906250 -2137499 -2205607
-1906250 -2100000 -2186915
-1718750 -1987500 -2018691
-1687500 -1950000 -1981308
-1593750 -1912499 -1906542
-1625000 -1875000 -1906542
-1656250 -1912499 -1943925
-1625000 -1875000 -1906542
-1562500 -1800000 -1831775
-1468750 -1724999 -1738317
-1468750 -1762499 -1757009
-1375000 -1687500 -1663551
-1468750 -1762499 -1757009
-1468750 -1800000 -1775700
-1375000 -1687500 -1663551
-1437500 -1612500 -1663551
-1406250 -1762499 -1719626
-1468750 -1724999 -1738317
-1531250 -1687500 -1757009
-1593750 -1612500 -1757009
-1500000 -1537499 -1663551
-1437500 -1500000 -1607476
-1437500 -1574999 -1644859
-1562500 -1687500 -1775700
-1593750 -1724999 -1813084
-1562500 -1687500 -1775700
-1437500 -1612500 -1663551
-1281250 -1574999 -1551401
-1218750 -1762499 -1607476
-1312500 -1800000 -1682242
-1437500 -1912499 -1813084
-1687500 -1837499 -1925233
-1687500 -1762499 -1887850
-1781250 -1724999 -1925233
-1781250 -1762499 -1943925
-1937500 -1837499 -2074766
-2062500 -2025000 -2242990
-2125000 -1950000 -2242990
-2125000 -1875000 -2205607
-2156250 -1800000 -2186915
-2187500 -1800000 -2205607
-2187500 -1912499 -2261682
-2125000 -1950000 -2242990
-2218750 -1987500 -2317757
-2156250 -1912499 -2242990
-2125000 -1837499 -2186915
-2125000 -1837499 -2186915
-2156250 -1950000 -2261682
-2218750 -1912499 -2280373
-2312500 -1950000 -2355140
-2218750 -1912499 -2280373
-2312500 -1800000 -2280373
-2156250 -1800000 -2186915
-2125000 -1950000 -2242990
-2250000 -1950000 -2317757
-2375000 -1875000 -2355140
-2250000 -1800000 -2242990
-2156250 -1762499 -2168224
-2187500 -1800000 -2205607
-2187500 -1912499 -2261682
-2218750 -2025000 -2336448
-2375000 -2137499 -2485981
-2437500 -2174999 -2542056
-2468750 -2324999 -2635514
-2656250 -2475000 -2822429
-2843750 -2737500 -3065420
-2968750 -2775000 -3158878
-3187500 -2624999 -3214953
-3406250 -1950000 -3009345
-3375000 -1012500 -2523364
-3093750 -150000 -1925233
-2531250 262500 -1383177
-1843750 712500 -747663
-1000000 1387500 93457
250000 2362500 1327102
1968750 3375000 2859813
3718750 3862499 4149532
5000000 3375000 4672897
5531250 1312499 3962616
4968750 -1349999 2299065
3250000 -2887500 504672
812500 -2962500 -990654
-1343750 -2587500 -2093457
-2656250 -2324999 -2747663
-3125000 -2174999 -2953271
-3062500 -2062500 -2859813
-2812500 -1987500 -2672897
-2500000 -1762499 -2373831
-2437500 -1875000 -2392523
-2468750 -1987500 -2467289
-2468750 -1912499 -2429906
-2500000 -1837499 -2411214
-2437500 -1800000 -2355140
-2375000 -1800000 -2317757
-2406250 -1875000 -2373831
-2406250 -1950000 -2411214
-2500000 -1987500 -2485981
-2562500 -2062500 -2560747
-2562500 -1912499 -2485981
-2437500 -1800000 -2355140
-2437500 -1837499 -2373831
-2531250 -1950000 -2485981
-2531250 -1950000 -2485981
-2593750 -1987500 -2542056
-2562500 -1875000 -2467289
-2468750 -1875000 -2411214
-2468750 -1837499 -2392523
-2500000 -1875000 -2429906
-2593750 -1987500 -2542056
-2593750 -1912499 -2504672
-2593750 -1875000 -2485981
-2500000 -1837499 -2411214
-2437500 -1837499 -2373831
-2437500 -1912499 -2411214
-2562500 -1950000 -2504672
-2593750 -1875000 -2485981
-2531250 -1800000 -2411214
-2468750 -1612500 -2280373
-2468750 -1724999 -2336448
-2468750 -1875000 -2411214
-2531250 -1875000 -2448598
-2562500 -1912499 -2485981
-2562500 -1800000 -2429906
-2500000 -1649999 -2317757
-2437500 -1762499 -2336448
-2468750 -1762499 -2355140
-2562500 -1800000 -2429906
-2656250 -1912499 -2542056
-2593750 -1837499 -2467289
-2531250 -1687500 -2355140
-2562500 -1724999 -2392523
-2531250 -1762499 -2392523
-2593750 -1800000 -2448598
-2656250 -1800000 -2485981
-2656250 -1800000 -2485981
-2562500 -1724999 -2392523
-2468750 -1837499 -2392523
-2437500 -1912499 -2411214
-2500000 -1875000 -2429906
-2562500 -1875000 -2467289
-2562500 -1762499 -2411214
-2500000 -1800000 -2392523
-2437500 -1762499 -2336448
-2562500 -1912499 -2485981
-2625000 -1912499 -2523364
-2625000 -1912499 -2523364
-2593750 -1875000 -2485981
-2593750 -1762499 -2429906
-2531250 -1950000 -2485981
-2625000 -1912499 -2523364
-2593750 -2025000 -2560747
-2656250 -2137499 -2654205
-2562500 -2137499 -2598130
-2500000 -2100000 -2542056
-2531250 -2137499 -2579439
-2500000 -2137499 -2560747
-2500000 -2287500 -2635514
-2562500 -2212500 -2635514
-2500000 -2137499 -2560747
-2468750 -2174999 -2560747
-2468750 -2287500 -2616822
-2531250 -2400000 -2710280
-2562500 -2512500 -2785046
-2656250 -2550000 -2859813
-2656250 -2362500 -2766355
-2562500 -2362500 -2710280
-2562500 -2475000 -2766355
-2625000 -2587500 -2859813
-2687500 -2624999 -2915887
-2781250 -2662500 -2990654
-2750000 -2737500 -3009345
-2718750 -2662500 -2953271
-2687500 -2737500 -2971962
-2687500 -2775000 -2990654
-2812500 -2812500 -3084112
-2781250 -2812500 -3065420
-2781250 -2775000 -3046728
-2718750 -2662500 -2953271
-2718750 -2699999 -2971962
-2781250 -2550000 -2934579
-2750000 -2550000 -2915887
-2812500 -2475000 -2915887
-2687500 -2362500 -2785046
-2687500 -2174999 -2691588
-2593750 -2062500 -2579439
-2500000 -1987500 -2485981
-2500000 -1950000 -2467289
-2406250 -1837499 -2355140
-2281250 -1687500 -2205607
-2093750 -1537499 -2018691
-2062500 -1500000 -1981308
-2031250 -1425000 -1925233
-2062500 -1500000 -1981308
-2062500 -1387500 -1925233
-1937500 -1312499 -1813084
-1843750 -1200000 -1700934
-1781250 -1162499 -1644859
-1812500 -1237500 -1700934
-1812500 -1200000 -1682242
-1937500 -1275000 -1794392
-1843750 -1124999 -1663551
-1781250 -1087499 -1607476
-1750000 -1124999 -1607476
-1875000 -1087499 -1663551
-1812500 -1087499 -1626168
-1843750 -1162499 -1682242
-1812500 -1124999 -1644859
-1750000 -1012500 -1551401
-1718750 -1087499 -1570093
-1718750 -1087499 -1570093
-1812500 -1124999 -1644859
-1812500 -1087499 -1626168
-1781250 -1050000 -1588785
-1687500 -975000 -1495327
-1687500 -1012500 -1514018
-1687500 -1050000 -1532710
-1718750 -1087499 -1570093
-1812500 -1237500 -1700934
-1781250 -1162499 -1644859
-1718750 -1087499 -1570093
-1718750 -1124999 -1588785
-1812500 -1200000 -1682242
-1843750 -1200000 -1700934
-1906250 -1200000 -1738317
-1843750 -1087499 -1644859
-1843750 -1050000 -1626168
-1781250 -1124999 -1626168
-1812500 -1237500 -1700934
-1875000 -1275000 -1757009
-1906250 -1237500 -1757009
-1937500 -1237500 -1775700
-1843750 -1124999 -1663551
-1875000 -1124999 -1682242
-1906250 -1237500 -1757009
-1937500 -1275000 -1794392
-2031250 -1349999 -1887850
-2031250 -1237500 -1831775
-1968750 -1162499 -1757009
-1937500 -1200000 -1757009
-1968750 -1237500 -1794392
-1968750 -1312499 -1831775
-2031250 -1349999 -1887850
-2000000 -1237500 -1813084
-1937500 -1124999 -1719626
-2000000 -1275000 -1831775
-1968750 -1275000 -1813084
-2062500 -1387500 -1925233
-2062500 -1312499 -1887850
-2000000 -1312499 -1850467
-1937500 -1200000 -1757009
-1937500 -1237500 -1775700
-1937500 -1275000 -1794392
-2062500 -1349999 -1906542
-2093750 -1312499 -1906542
-2062500 -1275000 -1869158
-2000000 -1200000 -1794392
-2031250 -1200000 -1813084
-2031250 -1275000 -1850467
-2062500 -1425000 -1943925
-2093750 -1237500 -1869158
-2062500 -1200000 -1831775
-2031250 -1162499 -1794392
-2031250 -1200000 -1813084
-2000000 -1162499 -1775700
-2031250 -1237500 -1831775
-2062500 -1387500 -1925233
-2031250 -1312499 -1869158
-1968750 -1124999 -1738317
-1906250 -1162499 -1719626
-2031250 -1237500 -1831775
-1968750 -1275000 -1813084
-2093750 -1275000 -1887850
-2062500 -1237500 -1850467
-1937500 -1124999 -1719626
-2000000 -1200000 -1794392
-2062500 -1275000 -1869158
-2062500 -1312499 -1887850
-2093750 -1349999 -1925233
-2062500 -1162499 -1813084
-2062500 -1124999 -1794392
-2000000 -1087499 -1738317
-2000000 -1200000 -1794392
-2062500 -1237500 -1850467
-2062500 -1200000 -1831775
-2031250 -1200000 -1813084
-1968750 -1087499 -1719626
-1968750 -1124999 -1738317
-1968750 -1124999 -1738317
-2062500 -1200000 -1831775
-2062500 -1200000 -1831775
-2000000 -1124999 -1757009
-1968750 -1124999 -1738317
-1906250 -1124999 -1700934
-1906250 -1162499 -1719626
-1843750 -1200000 -1700934
-1968750 -1200000 -1775700
-1875000 -1124999 -1682242
-1718750 -975000 -1514018
-1593750 -1124999 -1514018
-1593750 -1162499 -1532710
-1625000 -1200000 -1570093
-1656250 -1124999 -1551401
-1593750 -937500 -1420560
-1468750 -900000 -1327102
-1437500 -862499 -1289719
-1406250 -937500 -1308411
-1375000 -1012500 -1327102
-1375000 -1050000 -1345794
-1343750 -975000 -1289719
-1250000 -787499 -1140186
-1281250 -787499 -1158878
-1281250 -750000 -1140186
-1406250 -787499 -1233644
-1468750 -674999 -1214953
-1500000 -600000 -1196261
-1437500 -562499 -1140186
-1343750 -674999 -1140186
-1500000 -674999 -1233644
-1500000 -750000 -1271028
-1562500 -750000 -1308411
-1468750 -712500 -1233644
-1312500 -674999 -1121495
-1250000 -824999 -1158878
-1375000 -937500 -1289719
-1593750 -975000 -1439252
-1718750 -900000 -1476635
-1781250 -900000 -1514018
-1875000 -824999 -1532710
-1906250 -824999 -1551401
-2000000 -900000 -1644859
-2062500 -975000 -1719626
-2031250 -1050000 -1738317
-2000000 -1087499 -1738317
-2062500 -937500 -1700934
-2062500 -975000 -1719626
-2093750 -1124999 -1813084
-2125000 -1087499 -1813084
-2156250 -1050000 -1813084
-2125000 -1050000 -1794392
-2093750 -900000 -1700934
-2000000 -1012500 -1700934
-2031250 -1087499 -1757009
-2093750 -1200000 -1850467
-2156250 -1124999 -1850467
-2156250 -1012500 -1794392
-2156250 -937500 -1757009
-2093750 -1012500 -1757009
-2125000 -1087499 -1813084
-2156250 -1124999 -1850467
-2218750 -1200000 -1925233
-2125000 -1087499 -1813084
-2125000 -1012500 -1775700
-2125000 -1012500 -1775700
-2125000 -937500 -1738317
-2156250 -1200000 -1887850
-2218750 -1312499 -1981308
-2281250 -1462500 -2093457
-2312500 -1574999 -2168224
-2531250 -1724999 -2373831
-2781250 -2025000 -2672897
-3000000 -2174999 -2878504
-3093750 -2100000 -2897196
-3250000 -1462500 -2672897
-3343750 -375000 -2186915
-3156250 637500 -1570093
-2593750 1462500 -822429
-1750000 2287500 93457
-843750 3149999 1065420
406250 4237500 2355140
1875000 5287499 3757009
3625000 6000000 5158878
5062500 5962500 6000000
5906250 4462499 5757009
5750000 1762499 4317757
4843750 -562499 2616822
2781250 -1425000 953271
125000 -1387500 -616822
-1843750 -1162499 -1682242
-2781250 -1275000 -2299065
-2937500 -1237500 -2373831
-2656250 -1162499 -2168224
-2375000 -1087499 -1962616
-2250000 -1162499 -1925233
-2250000 -1425000 -2056074
-2312500 -1500000 -2130841
-2375000 -1462500 -2149532
-2375000 -1312499 -2074766
-2343750 -1312499 -2056074
-2312500 -1349999 -2056074
-2281250 -1387500 -2056074
-2312500 -1500000 -2130841
-2406250 -1462500 -2168224
-2406250 -1500000 -2186915
-2343750 -1462500 -2130841
-2312500 -1425000 -2093457
-2312500 -1462500 -2112149
-2406250 -1500000 -2186915
-2468750 -1500000 -2224299
-2406250 -1425000 -2149532
-2406250 -1349999 -2112149
-2437500 -1387500 -2149532
-2406250 -1462500 -2168224
-2468750 -1574999 -2261682
-2562500 -1574999 -2317757
-2500000 -1312499 -2149532
-2468750 -1425000 -2186915
-2375000 -1387500 -2112149
-2468750 -1387500 -2168224
-2468750 -1462500 -2205607
-2500000 -1500000 -2242990
-2500000 -1462500 -2224299
-2468750 -1349999 -2149532
-2437500 -1425000 -2168224
-2437500 -1462500 -2186915
-2468750 -1425000 -2186915
-2531250 -1462500 -2242990
-2437500 -1312499 -2112149
-2406250 -1312499 -2093457
-2343750 -1387500 -2093457
-2343750 -1425000 -2112149
-2375000 -1462500 -2149532
-2437500 -1425000 -2168224
-2406250 -1387500 -2130841
-2312500 -1275000 -2018691
-2312500 -1275000 -2018691
-2312500 -1425000 -2093457
-2343750 -1500000 -2149532
-2406250 -1500000 -2186915
-2312500 -1349999 -2056074
-2437500 -1312499 -2112149
-2343750 -1462500 -2130841
-2312500 -1312499 -2037383
-2375000 -1425000 -2130841
-2437500 -1425000 -2168224
-2437500 -1425000 -2168224
-2406250 -1349999 -2112149
-2343750 -1425000 -2112149
-2343750 -1574999 -2186915
-2406250 -1537499 -2205607
-2468750 -1500000 -2224299
-2437500 -1574999 -2242990
-2406250 -1462500 -2168224
-2343750 -1537499 -2168224
-2375000 -1612500 -2224299
-2406250 -1724999 -2299065
-2437500 -1612500 -2261682
-2375000 -1687500 -2261682
-2375000 -1537499 -2186915
-2312500 -1612500 -2186915
-2312500 -1762499 -2261682
-2281250 -1837499 -2280373
-2437500 -1837499 -2373831
-2281250 -1800000 -2261682
-2281250 -1837499 -2280373
-2250000 -1762499 -2224299
-2343750 -1950000 -2373831
-2375000 -1987500 -2411214
-2500000 -2025000 -2504672
-2437500 -1987500 -2448598
-2343750 -1987500 -2392523
-2343750 -2025000 -2411214
-2312500 -2137499 -2448598
-2406250 -2249999 -2560747
-2437500 -2212500 -2560747
-2437500 -2212500 -2560747
-2437500 -2212500 -2560747
-2437500 -2287500 -2598130
-2343750 -2324999 -2560747
-2406250 -2400000 -2635514
-2468750 -2437500 -2691588
-2375000 -2400000 -2616822
-2312500 -2324999 -2542056
-2343750 -2400000 -2598130
-2343750 -2400000 -2598130
-2437500 -2437500 -2672897
-2531250 -2324999 -2672897
-2343750 -2100000 -2448598
-2312500 -2100000 -2429906
-2250000 -2100000 -2392523
-2343750 -1987500 -2392523
-2406250 -1987500 -2429906
-2375000 -1875000 -2355140
-2312500 -1687500 -2224299
-2250000 -1500000 -2093457
-2156250 -1462500 -2018691
-2156250 -1425000 -2000000
-2062500 -1349999 -1906542
-2062500 -1275000 -1869158
-1968750 -1124999 -1738317
-1937500 -1012500 -1663551
-1843750 -862499 -1532710
-1781250 -937500 -1532710
-1781250 -975000 -1551401
-1843750 -900000 -1551401
-1750000 -787499 -1439252
-1687500 -750000 -1383177
-1750000 -750000 -1420560
-1750000 -750000 -1420560
-1750000 -862499 -1476635
-1812500 -900000 -1532710
-1812500 -787499 -1476635
-1750000 -750000 -1420560
-1718750 -787499 -1420560
-1750000 -862499 -1476635
-1781250 -900000 -1514018
-1812500 -824999 -1495327
-1812500 -787499 -1476635
-1750000 -712500 -1401869
-1750000 -750000 -1420560
-1781250 -824999 -1476635
-1812500 -900000 -1532710
-1875000 -900000 -1570093
-1843750 -862499 -1532710
-1781250 -787499 -1457943
-1750000 -787499 -1439252
-1781250 -712500 -1420560
-1781250 -787499 -1457943
-1843750 -900000 -1551401
-1781250 -862499 -1495327
-1750000 -787499 -1439252
-1718750 -824999 -1439252
-1750000 -937500 -1514018
-1812500 -862499 -1514018
-1937500 -975000 -1644859
-1906250 -862499 -1570093
-1781250 -712500 -1420560
-1687500 -750000 -1383177
-1687500 -824999 -1420560
-1718750 -862499 -1457943
-1781250 -862499 -1495327
-1781250 -787499 -1457943
-1687500 -750000 -1383177
-1656250 -824999 -1401869
-1656250 -750000 -1364485
-1656250 -750000 -1364485
-1750000 -787499 -1439252
-1656250 -712500 -1345794
-1531250 -712500 -1271028
-1468750 -712500 -1233644
-1468750 -824999 -1289719
-1562500 -862499 -1364485
-1562500 -824999 -1345794
-1531250 -787499 -1308411
-1343750 -787499 -1196261
-1375000 -862499 -1252336
-1531250 -862499 -1345794
-1593750 -1012500 -1457943
-1437500 -937500 -1327102
-1281250 -1012500 -1271028
-1312500 -937500 -1252336
-1375000 -975000 -1308411
-1437500 -1124999 -1420560
-1500000 -1162499 -1476635
-1500000 -1237500 -1514018
-1531250 -1237500 -1532710
-1562500 -1275000 -1570093
-1687500 -1312499 -1663551
-1781250 -1275000 -1700934
-1968750 -1312499 -1831775
-2000000 -1275000 -1831775
-2000000 -1237500 -1813084
-1937500 -1200000 -1757009
-2062500 -1200000 -1831775
-2125000 -1275000 -1906542
-2156250 -1349999 -1962616
-2250000 -1275000 -1981308
-2281250 -1162499 -1943925
-2250000 -1162499 -1925233
-2187500 -1200000 -1906542
-2218750 -1200000 -1925233
-2343750 -1312499 -2056074
-2406250 -1275000 -2074766
-2343750 -1162499 -1981308
-2312500 -1124999 -1943925
-2281250 -1200000 -1962616
-2281250 -1162499 -1943925
-2312500 -1237500 -2000000
-2375000 -1200000 -2018691
-2250000 -1124999 -1906542
-2187500 -1124999 -1869158
-2218750 -1087499 -1869158
-2218750 -1162499 -1906542
-2187500 -1237500 -1925233
-2281250 -1162499 -1943925
-2187500 -1012500 -1813084
-2187500 -975000 -1794392
-2125000 -1087499 -1813084
-2218750 -1162499 -1906542
-2187500 -1200000 -1906542
-2343750 -1200000 -2000000
-2281250 -1312499 -2018691
-2343750 -1425000 -2112149
-2500000 -1762499 -2373831
-2687500 -1875000 -2542056
-2968750 -2212500 -2878504
-3250000 -2362500 -3121495
-3250000 -2212500 -3046728
-3437500 -1425000 -2766355
-3562500 -637500 -2448598
-3375000 450000 -1794392
-2781250 1312499 -1009345
-1906250 1987500 -149532
-875000 2850000 897196
156250 3637499 1906542
1625000 4425000 3177570
3187500 4987500 4392523
4593750 4987500 5233644
5281250 3750000 5028037
5468750 1537499 4037383
4593750 -562499 2467289
2500000 -1612500 691588
-156250 -1537499 -859813
-2093750 -1349999 -1925233
-3000000 -1312499 -2448598
-2937500 -1237500 -2373831
-2593750 -1087499 -2093457
-2343750 -1087499 -1943925
-2281250 -1200000 -1962616
-2406250 -1237500 -2056074
-2500000 -1275000 -2130841
-2375000 -1162499 -2000000
-2437500 -1162499 -2037383
-2343750 -1162499 -1981308
-2406250 -1275000 -2074766
-2468750 -1312499 -2130841
-2531250 -1275000 -2149532
-2437500 -1162499 -2037383
-2375000 -1162499 -2000000
-2406250 -1200000 -2037383
-2406250 -1237500 -2056074
-2468750 -1349999 -2149532
-2500000 -1312499 -2149532
-2531250 -1275000 -2149532
-2500000 -1200000 -2093457
-2437500 -1200000 -2056074
-2437500 -1275000 -2093457
-2468750 -1349999 -2149532
-2500000 -1349999 -2168224
-2437500 -1275000 -2093457
-2406250 -1237500 -2056074
-2437500 -1237500 -2074766
-2406250 -1312499 -2093457
-2562500 -1349999 -2205607
-2625000 -1387500 -2261682
-2531250 -1275000 -2149532
-2562500 -1200000 -2130841
-2437500 -1237500 -2074766
-2437500 -1312499 -2112149
-2437500 -1312499 -2112149
-2500000 -1312499 -2149532
-2500000 -1349999 -2168224
-2437500 -1275000 -2093457
-2343750 -1200000 -2000000
-2375000 -1275000 -2056074
-2468750 -1349999 -2149532
-2500000 -1387500 -2186915
-2437500 -1275000 -2093457
-2500000 -1200000 -2093457
-2437500 -1349999 -2130841
-2468750 -1349999 -2149532
-2562500 -1387500 -2224299
-2593750 -1387500 -2242990
-2531250 -1237500 -2130841
-2406250 -1162499 -2018691
-2406250 -1275000 -2074766
-2375000 -1312499 -2074766
-2500000 -1462500 -2224299
-2500000 -1462500 -2224299
-2468750 -1425000 -2186915
-2437500 -1312499 -2112149
-2375000 -1312499 -2074766
-2343750 -1425000 -2112149
-2468750 -1425000 -2186915
-2468750 -1425000 -2186915
-2406250 -1387500 -2130841
-2375000 -1425000 -2130841
-2343750 -1612500 -2205607
-2406250 -1649999 -2261682
-2437500 -1612500 -2261682
-2500000 -1687500 -2336448
-2500000 -1612500 -2299065
-2406250 -1500000 -2186915
-2375000 -1724999 -2280373
-2468750 -1687500 -2317757
-2437500 -1837499 -2373831
-2500000 -1800000 -2392523
-2468750 -1837499 -2392523
-2406250 -1649999 -2261682
-2375000 -1837499 -2336448
-2406250 -1950000 -2411214
-2468750 -2100000 -2523364
-2531250 -2100000 -2560747
-2500000 -2137499 -2560747
-2437500 -2025000 -2467289
-2375000 -2137499 -2485981
-2375000 -2212500 -2523364
-2406250 -2287500 -2579439
-2531250 -2287500 -2654205
-2468750 -2362500 -2654205
-2500000 -2287500 -2635514
-2437500 -2324999 -2616822
-2500000 -2475000 -2728971
-2531250 -2437500 -2728971
-2656250 -2475000 -2822429
-2625000 -2362500 -2747663
-2531250 -2324999 -2672897
-2500000 -2362500 -2672897
-2531250 -2324999 -2672897
-2531250 -2400000 -2710280
-2593750 -2287500 -2691588
-2500000 -2174999 -2579439
-2437500 -2062500 -2485981
-2375000 -2025000 -2429906
-2406250 -1987500 -2429906
-2468750 -1987500 -2467289
-2531250 -1912499 -2467289
-2437500 -1837499 -2373831
-2312500 -1687500 -2224299
-2312500 -1612500 -2186915
-2312500 -1612500 -2186915
-2406250 -1612500 -2242990
-2312500 -1574999 -2168224
-2218750 -1537499 -2093457
-2156250 -1387500 -1981308
-2125000 -1349999 -1943925
-2093750 -1425000 -1962616
-2125000 -1425000 -1981308
-2218750 -1275000 -1962616
-2093750 -1162499 -1831775
-2031250 -1050000 -1738317
-1937500 -1087499 -1700934
-1906250 -1237500 -1757009
-1906250 -1200000 -1738317
-2000000 -1200000 -1794392
-1968750 -1124999 -1738317
-1937500 -1087499 -1700934
-1906250 -1050000 -1663551
-1906250 -1124999 -1700934
-2062500 -1124999 -1794392
-2031250 -1275000 -1850467
-2156250 -1162499 -1869158
-2031250 -1087499 -1757009
-1968750 -975000 -1663551
-1968750 -1050000 -1700934
-1906250 -1124999 -1700934
-1937500 -1087499 -1700934
-1937500 -1124999 -1719626
-1875000 -1012500 -1626168
-1906250 -1050000 -1663551
-1906250 -1162499 -1719626
-1968750 -1124999 -1738317
-2000000 -1237500 -1813084
-2031250 -1087499 -1757009
-1968750 -1087499 -1719626
-1906250 -1162499 -1719626
-1968750 -1200000 -1775700
-2031250 -1200000 -1813084
-2031250 -1312499 -1869158
-2062500 -1162499 -1813084
-1968750 -1162499 -1757009
-1968750 -1124999 -1738317
-1937500 -1200000 -1757009
-2062500 -1237500 -1850467
-2125000 -1237500 -1887850
-2093750 -1312499 -1906542
-2062500 -1237500 -1850467
-2156250 -1237500 -1906542
-2218750 -1237500 -1943925
-2281250 -1275000 -2000000
-2312500 -1237500 -2000000
-2156250 -1200000 -1887850
-2125000 -1200000 -1869158
-2125000 -1237500 -1887850
-2156250 -1275000 -1925233
-2250000 -1462500 -2074766
-2281250 -1387500 -2056074
-2250000 -1349999 -2018691
-2250000 -1275000 -1981308
-2156250 -1237500 -1906542
-2218750 -1387500 -2018691
-2281250 -1349999 -2037383
-2187500 -1387500 -2000000
-2250000 -1275000 -1981308
-2187500 -1312499 -1962616
-2125000 -1312499 -1925233
-2156250 -1312499 -1943925
-2218750 -1349999 -2000000
-2312500 -1312499 -2037383
-2187500 -1162499 -1887850
-2187500 -1200000 -1906542
-2187500 -1275000 -1943925
-2156250 -1349999 -1962616
-2187500 -1500000 -2056074
-2218750 -1462500 -2056074
-2250000 -1237500 -1962616
-2156250 -1200000 -1887850
-2218750 -1200000 -1925233
-2187500 -1237500 -1925233
-2250000 -1387500 -2037383
-2312500 -1425000 -2093457
-2218750 -1349999 -2000000
-2218750 -1275000 -1962616
-2187500 -1275000 -1943925
-2218750 -1275000 -1962616
-2250000 -1349999 -2018691
-2437500 -1349999 -2130841
-2406250 -1275000 -2074766
-2250000 -1349999 -2018691
-2250000 -1349999 -2018691
-2312500 -1500000 -2130841
-2312500 -1462500 -2112149
-2437500 -1462500 -2186915
-2343750 -1162499 -1981308
-2312500 -1087499 -1925233
-2187500 -1237500 -1925233
-2125000 -1349999 -1943925
-2156250 -1387500 -1981308
-2250000 -1349999 -2018691
-2250000 -1275000 -1981308
-2187500 -1200000 -1906542
-2187500 -1200000 -1906542
-2093750 -1275000 -1887850
-2250000 -1349999 -2018691
-2281250 -1425000 -2074766
-2281250 -1349999 -2037383
-2250000 -1237500 -1962616
-2250000 -1275000 -1981308
-2281250 -1387500 -2056074
-2343750 -1462500 -2130841
-2406250 -1387500 -2130841
-2406250 -1387500 -2130841
-2281250 -1387500 -2056074
-2312500 -1387500 -2074766
-2343750 -1425000 -2112149
-2312500 -1349999 -2056074
-2343750 -1425000 -2112149
-2281250 -1425000 -2074766
-2218750 -1349999 -2000000
-2218750 -1425000 -2037383
-2250000 -1425000 -2056074
-2281250 -1462500 -2093457
-2312500 -1462500 -2112149
-2250000 -1387500 -2037383
-2187500 -1312499 -1962616
-2125000 -1462500 -2000000
-2156250 -1349999 -1962616
-2125000 -1349999 -1943925
-2187500 -1387500 -2000000
-2156250 -1425000 -2000000
-2187500 -1312499 -1962616
-2250000 -1425000 -2056074
-2187500 -1425000 -2018691
-2250000 -1574999 -2130841
-2312500 -1537499 -2149532
-2250000 -1387500 -2037383
-2250000 -1349999 -2018691
-2218750 -1349999 -2000000
-2250000 -1425000 -2056074
-2343750 -1612500 -2205607
-2343750 -1649999 -2224299
-2312500 -1537499 -2149532
-2187500 -1462500 -2037383
-2218750 -1425000 -2037383
-2250000 -1462500 -2074766
-2281250 -1612500 -2168224
-2343750 -1762499 -2280373
-2312500 -1574999 -2168224
-2281250 -1500000 -2112149
-2250000 -1574999 -2130841
-2218750 -1537499 -2093457
-2250000 -1612500 -2149532
-2250000 -1612500 -2149532
-2187500 -1537499 -2074766
-2125000 -1500000 -2018691
-2156250 -1425000 -2000000
-2156250 -1649999 -2112149
-2218750 -1687500 -2168224
-2250000 -1687500 -2186915
-2250000 -1537499 -2112149
-2281250 -1500000 -2112149
-2156250 -1537499 -2056074
-2218750 -1537499 -2093457
-2187500 -1574999 -2093457
-2250000 -1574999 -2130841
-2218750 -1462500 -2056074
-2250000 -1462500 -2074766
-2156250 -1462500 -2018691
-2093750 -1500000 -2000000
-2062500 -1687500 -2074766
-2062500 -1687500 -2074766
-1937500 -1537499 -1925233
-1906250 -1425000 -1850467
-1875000 -1462500 -1850467
-1906250 -1425000 -1850467
-1843750 -1500000 -1850467
-1906250 -1387500 -1831775
-1781250 -1349999 -1738317
-1718750 -1237500 -1644859
-1656250 -1275000 -1626168
-1593750 -1349999 -1626168
-1593750 -1312499 -1607476
-1625000 -1275000 -1607476
-1656250 -1237500 -1607476
-1593750 -1124999 -1514018
-1593750 -1162499 -1532710
-1625000 -1237500 -1588785
-1750000 -1275000 -1682242
-1812500 -1237500 -1700934
-1750000 -1237500 -1663551
-1687500 -1162499 -1588785
-1593750 -1275000 -1588785
-1718750 -1349999 -1700934
-1812500 -1275000 -1719626
-2000000 -1237500 -1813084
-1875000 -1200000 -1719626
-1843750 -1200000 -1700934
-1687500 -1349999 -1682242
-1656250 -1425000 -1700934
-1687500 -1537499 -1775700
-1781250 -1425000 -1775700
-1875000 -1425000 -1831775
-1937500 -1275000 -1794392
-1968750 -1387500 -1869158
-2000000 -1425000 -1906542
-2187500 -1462500 -2037383
-2312500 -1687500 -2224299
-2281250 -1612500 -2168224
-2281250 -1500000 -2112149
-2281250 -1537499 -2130841
-2312500 -1537499 -2149532
-2312500 -1537499 -2149532
-2312500 -1649999 -2205607
-2375000 -1574999 -2205607
-2250000 -1574999 -2130841
-2343750 -1574999 -2186915
-2343750 -1612500 -2205607
-2500000 -1687500 -2336448
-2625000 -1762499 -2448598
-2531250 -1724999 -2373831
-2500000 -1537499 -2261682
-2406250 -1612500 -2242990
-2375000 -1687500 -2261682
-2500000 -1687500 -2336448
-2593750 -1649999 -2373831
-2531250 -1649999 -2336448
-2468750 -1612500 -2280373
-2468750 -1687500 -2317757
-2468750 -1687500 -2317757
-2562500 -1912499 -2485981
-2687500 -2062500 -2635514
-2750000 -2174999 -2728971
-2843750 -2174999 -2785046
-3062500 -2362500 -3009345
-3031250 -2475000 -3046728
-3250000 -2287500 -3084112
-3562500 -1837499 -3046728
-3593749 -862499 -2579439
-3281250 -187500 -2056074
-2625000 225000 -1457943
-1906250 600000 -841121
-1187500 1162499 -130841
-125000 1987500 915887
1375000 2887500 2261682
3031250 3750000 3682242
4468750 4087500 4710280
5281250 3375000 4841121
5531250 1612500 4112149
4937500 -674999 2616822
3500000 -2437500 878504
1406250 -2925000 -616822
-437500 -2887500 -1700934
-1781250 -2737500 -2429906
-2656250 -2512500 -2841121
-3125000 -2212500 -2971962
-3437500 -2137499 -3121495
-3343750 -2025000 -3009345
-3125000 -1987500 -2859813
-2906250 -2025000 -2747663
-2812500 -2062500 -2710280
-2812500 -2137499 -2747663
-2718750 -1987500 -2616822
-2625000 -1875000 -2504672
-2562500 -1950000 -2504672
-2562500 -1950000 -2504672
-2593750 -1987500 -2542056
-2625000 -2025000 -2579439
-2656250 -1987500 -2579439
-2625000 -1837499 -2485981
-2687500 -1950000 -2579439
-2687500 -1912499 -2560747
-2750000 -2100000 -2691588
-2812500 -1950000 -2654205
-2812500 -1875000 -2616822
-2687500 -1875000 -2542056
-2687500 -1912499 -2560747
-2687500 -1912499 -2560747
-2781250 -1950000 -2635514
-2781250 -1950000 -2635514
-2750000 -1912499 -2598130
-2656250 -1687500 -2429906
-2687500 -1800000 -2504672
-2687500 -1837499 -2523364
-2656250 -1987500 -2579439
-2781250 -2062500 -2691588
-2781250 -1875000 -2598130
-2687500 -1837499 -2523364
-2718750 -1724999 -2485981
-2718750 -1800000 -2523364
-2781250 -1912499 -2616822
-2781250 -1875000 -2598130
-2718750 -1875000 -2560747
-2687500 -1837499 -2523364
-2656250 -1762499 -2467289
-2687500 -1800000 -2504672
-2687500 -1875000 -2542056
-2750000 -1875000 -2579439
-2625000 -1837499 -2485981
-2687500 -1649999 -2429906
-2656250 -1837499 -2504672
-2687500 -1837499 -2523364
-2750000 -1800000 -2542056
-2750000 -1912499 -2598130
-2687500 -1837499 -2523364
-2687500 -1687500 -2448598
-2593750 -1800000 -2448598
-2656250 -1875000 -2523364
-2687500 -1950000 -2579439
-2843750 -1987500 -2691588
-2781250 -1912499 -2616822
-2781250 -1800000 -2560747
-2687500 -1875000 -2542056
-2687500 -1875000 -2542056
-2750000 -1987500 -2635514
-2750000 -1950000 -2616822
-2718750 -1950000 -2598130
-2687500 -1987500 -2598130
-2593750 -2062500 -2579439
-2593750 -2025000 -2560747
-2656250 -2025000 -2598130
-2656250 -2025000 -2598130
-2625000 -2025000 -2579439
-2531250 -1837499 -2429906
-2531250 -1987500 -2504672
-2593750 -1987500 -2542056
-2593750 -2025000 -2560747
-2656250 -2137499 -2654205
-2687500 -1950000 -2579439
-2531250 -1837499 -2429906
-2531250 -1912499 -2467289
-2531250 -1987500 -2504672
-2531250 -2137499 -2579439
-2687500 -2212500 -2710280
-2593750 -2249999 -2672897
-2562500 -2212500 -2635514
-2593750 -2137499 -2616822
-2687500 -2400000 -2803738
-2781250 -2437500 -2878504
-2906250 -2512500 -2990654
-2875000 -2512500 -2971962
-2812500 -2475000 -2915887
-2843750 -2624999 -3009345
-2875000 -2587500 -3009345
-2906250 -2737500 -3102803
-3031250 -2850000 -3233644
-3093750 -2812500 -3252336
-2968750 -2812500 -3177570
-3062500 -2887500 -3271028
-3125000 -2887500 -3308411
-3093750 -3000000 -3345794
-3218750 -3000000 -3420560
-3125000 -2962500 -3345794
-3031250 -2925000 -3271028
-3062500 -2925000 -3289719
-3031250 -3000000 -3308411
-3125000 -3037500 -3383177
-3125000 -3074999 -3401869
-3062500 -2850000 -3252336
-3000000 -2662500 -3121495
-2875000 -2624999 -3028037
-2875000 -2550000 -2990654
-2937500 -2587500 -3046728
-2906250 -2512500 -2990654
-2750000 -2324999 -2803738
-2687500 -2137499 -2672897
-2656250 -2100000 -2635514
-2562500 -2025000 -2542056
-2562500 -1912499 -2485981
-2500000 -1837499 -2411214
-2437500 -1762499 -2336448
-2375000 -1574999 -2205607
-2218750 -1612500 -2130841
-2187500 -1649999 -2130841
-2218750 -1649999 -2149532
-2187500 -1612500 -2112149
-2125000 -1425000 -1981308
-2062500 -1349999 -1906542
-2031250 -1349999 -1887850
-1906250 -1387500 -1831775
-2000000 -1462500 -1925233
-1968750 -1462500 -1906542
-1906250 -1425000 -1850467
-1875000 -1275000 -1757009
-1906250 -1275000 -1775700
-1906250 -1387500 -1831775
-1937500 -1387500 -1850467
-2062500 -1387500 -1925233
-1937500 -1349999 -1831775
-1968750 -1275000 -1813084
-1968750 -1425000 -1887850
-2000000 -1349999 -1869158
-2031250 -1462500 -1943925
-2031250 -1425000 -1925233
-2031250 -1275000 -1850467
-1937500 -1275000 -1794392
-1937500 -1312499 -1813084
-1968750 -1425000 -1887850
-2031250 -1462500 -1943925
-2062500 -1425000 -1943925
-2031250 -1387500 -1906542
-2031250 -1387500 -1906542
-1968750 -1349999 -1850467
-2000000 -1387500 -1887850
-2062500 -1425000 -1943925
-2093750 -1537499 -2018691
-2062500 -1462500 -1962616
-1968750 -1387500 -1869158
-2000000 -1387500 -1887850
-2000000 -1387500 -1887850
-2093750 -1537499 -2018691
-2093750 -1537499 -2018691
-2031250 -1349999 -1887850
-2031250 -1462500 -1943925
-2000000 -1462500 -1925233
-2000000 -1537499 -1962616
-2031250 -1574999 -2000000
-2187500 -1687500 -2149532
-2156250 -1574999 -2074766
-2156250 -1500000 -2037383
-2093750 -1500000 -2000000
-2156250 -1537499 -2056074
-2218750 -1574999 -2112149
-2218750 -1687500 -2168224
-2218750 -1574999 -2112149
-2156250 -1500000 -2037383
-2093750 -1500000 -2000000
-2093750 -1537499 -2018691
-2156250 -1574999 -2074766
-2218750 -1500000 -2074766
-2125000 -1462500 -2000000
-2093750 -1387500 -1943925
-2062500 -1537499 -2000000
-2093750 -1574999 -2037383
-2156250 -1649999 -2112149
-2187500 -1612500 -2112149
-2187500 -1537499 -2074766
-2125000 -1500000 -2018691
-2093750 -1612500 -2056074
-2062500 -1574999 -2018691
-2250000 -1687500 -2186915
-2218750 -1649999 -2149532
-2156250 -1612500 -2093457
-2093750 -1500000 -2000000
-2156250 -1574999 -2074766
-2187500 -1537499 -2074766
-2250000 -1612500 -2149532
-2375000 -1612500 -2224299
-2312500 -1612500 -2186915
-2156250 -1500000 -2037383
-2156250 -1500000 -2037383
-2187500 -1574999 -2093457
-2218750 -1649999 -2149532
-2281250 -1574999 -2149532
-2250000 -1462500 -2074766
-2156250 -1500000 -2037383
-2156250 -1425000 -2000000
-2187500 -1574999 -2093457
-2250000 -1649999 -2168224
-2250000 -1612500 -2149532
-2187500 -1500000 -2056074
-2218750 -1387500 -2018691
-2125000 -1462500 -2000000
-2156250 -1500000 -2037383
-2218750 -1500000 -2074766
-2218750 -1537499 -2093457
-2218750 -1462500 -2056074
-2125000 -1387500 -1962616
-2125000 -1425000 -1981308
-2156250 -1462500 -2018691
-2281250 -1500000 -2112149
-2312500 -1500000 -2130841
-2187500 -1500000 -2056074
-2062500 -1425000 -1943925
-2000000 -1500000 -1943925
-1968750 -1425000 -1887850
-1843750 -1500000 -1850467
-1906250 -1462500 -1869158
-1843750 -1349999 -1775700
-1875000 -1200000 -1719626
-1781250 -1349999 -1738317
-1718750 -1349999 -1700934
-1625000 -1387500 -1663551
-1718750 -1349999 -1700934
-1656250 -1200000 -1588785
-1625000 -1087499 -1514018
-1562500 -1162499 -1514018
-1531250 -1275000 -1551401
-1593750 -1275000 -1588785
-1656250 -1162499 -1570093
-1625000 -1087499 -1514018
-1625000 -975000 -1457943
-1562500 -1012500 -1439252
-1625000 -1050000 -1495327
-1750000 -1012500 -1551401
-1750000 -1050000 -1570093
-1718750 -1050000 -1551401
-1781250 -937500 -1532710
-1750000 -975000 -1532710
-1593750 -1124999 -1514018
-1531250 -1237500 -1532710
-1531250 -1237500 -1532710
-1625000 -1237500 -1588785
-1781250 -1162499 -1644859
-1812500 -1124999 -1644859
-1875000 -1237500 -1738317
-2000000 -1349999 -1869158
-2093750 -1462500 -1981308
-2218750 -1312499 -1981308
-2187500 -1275000 -1943925
-2218750 -1312499 -1981308
-2218750 -1387500 -2018691
-2343750 -1462500 -2130841
-2406250 -1425000 -2149532
-2375000 -1312499 -2074766
-2250000 -1387500 -2037383
-2187500 -1425000 -2018691
-2250000 -1537499 -2112149
-2281250 -1612500 -2168224
-2312500 -1612500 -2186915
-2312500 -1462500 -2112149
-2281250 -1349999 -2037383
-2250000 -1425000 -2056074
-2281250 -1500000 -2112149
-2312500 -1500000 -2130841
-2406250 -1612500 -2242990
-2406250 -1500000 -2186915
-2281250 -1349999 -2037383
-2250000 -1462500 -2074766
-2375000 -1500000 -2168224
-2406250 -1537499 -2205607
-2468750 -1574999 -2261682
-2468750 -1500000 -2224299
-2406250 -1537499 -2205607
-2375000 -1762499 -2299065
-2468750 -1950000 -2448598
-2656250 -2137499 -2654205
-2906250 -2249999 -2859813
-3125000 -2437500 -3084112
-3218750 -2400000 -3121495
-3312500 -2174999 -3065420
-3500000 -1425000 -2803738
-3656250 -412499 -2392523
-3312500 375000 -1794392
-2562500 1124999 -971962
-1593750 1837499 -37383
-656250 2587500 897196
656250 3337500 2056074
2218750 3975000 3308411
3750000 4462499 4467289
5062500 3900000 4971962
5562500 2062500 4355140
5187500 -637500 2785046
3625000 -2249999 1046728
1156250 -2512500 -560747
-1281250 -2137499 -1831775
-2812500 -1875000 -2616822
-3281250 -1837499 -2878504
-3093750 -1762499 -2728971
-2906250 -1612500 -2542056
-2718750 -1724999 -2485981
-2593750 -1724999 -2411214
-2593750 -1800000 -2448598
-2593750 -1762499 -2429906
-2500000 -1762499 -2373831
-2468750 -1837499 -2392523
-2531250 -1912499 -2467289
-2656250 -1875000 -2523364
-2718750 -1800000 -2523364
-2593750 -1687500 -2392523
-2593750 -1724999 -2411214
-2593750 -1875000 -2485981
-2593750 -1800000 -2448598
-2687500 -1912499 -2560747
-2625000 -1724999 -2429906
-2562500 -1687500 -2373831
-2531250 -1687500 -2355140
-2625000 -1687500 -2411214
-2562500 -1724999 -2392523
-2625000 -1800000 -2467289
-2500000 -1687500 -2336448
-2468750 -1612500 -2280373
-2406250 -1612500 -2242990
-2500000 -1687500 -2336448
-2500000 -1762499 -2373831
-2500000 -1800000 -2392523
-2500000 -1687500 -2336448
-2468750 -1537499 -2242990
-2500000 -1574999 -2280373
-2500000 -1687500 -2336448
-2500000 -1724999 -2355140
-2562500 -1762499 -2411214
-2468750 -1687500 -2317757
-2562500 -1612500 -2336448
-2500000 -1649999 -2317757
-2468750 -1724999 -2336448
-2531250 -1762499 -2392523
-2562500 -1724999 -2392523
-2593750 -1612500 -2355140
-2531250 -1612500 -2317757
-2500000 -1612500 -2299065
-2468750 -1687500 -2317757
-2531250 -1762499 -2392523
-2593750 -1762499 -2429906
-2531250 -1724999 -2373831
-2593750 -1612500 -2355140
-2562500 -1687500 -2373831
-2531250 -1687500 -2355140
-2531250 -1762499 -2392523
-2562500 -1837499 -2448598
-2531250 -1800000 -2411214
-2500000 -1687500 -2336448
-2468750 -1574999 -2261682
-2531250 -1724999 -2373831
-2531250 -1724999 -2373831
-2500000 -1837499 -2411214
-2468750 -1649999 -2299065
-2437500 -1687500 -2299065
-2468750 -1762499 -2355140
-2437500 -1837499 -2373831
-2468750 -1875000 -2411214
-2625000 -1875000 -2504672
-2593750 -1800000 -2448598
-2531250 -1800000 -2411214
-2500000 -1837499 -2411214
-2500000 -1875000 -2429906
-2593750 -2025000 -2560747
-2625000 -2025000 -2579439
-2562500 -1987500 -2523364
-2468750 -1950000 -2448598
-2500000 -2100000 -2542056
-2531250 -2212500 -2616822
-2593750 -2212500 -2654205
-2718750 -2362500 -2803738
-2593750 -2324999 -2710280
-2593750 -2287500 -2691588
-2500000 -2324999 -2654205
-2531250 -2437500 -2728971
-2625000 -2475000 -2803738
-2687500 -2624999 -2915887
-2656250 -2550000 -2859813
-2562500 -2512500 -2785046
-2562500 -2624999 -2841121
-2531250 -2624999 -2822429
-2593750 -2775000 -2934579
-2656250 -2737500 -2953271
-2656250 -2662500 -2915887
-2625000 -2512500 -2822429
-2562500 -2662500 -2859813
-2562500 -2737500 -2897196
-2625000 -2775000 -2953271
-2687500 -2699999 -2953271
-2656250 -2512500 -2841121
-2625000 -2362500 -2747663
-2531250 -2362500 -2691588
-2593750 -2287500 -2691588
-2562500 -2137499 -2598130
-2562500 -2137499 -2598130
-2406250 -2025000 -2448598
-2312500 -1800000 -2280373
-2250000 -1724999 -2205607
-2187500 -1649999 -2130841
-2187500 -1649999 -2130841
-2187500 -1500000 -2056074
-2093750 -1349999 -1925233
-2000000 -1312499 -1850467
-1906250 -1349999 -1813084
-1968750 -1387500 -1869158
-1968750 -1425000 -1887850
-2000000 -1387500 -1887850
-1906250 -1349999 -1813084
-1906250 -1312499 -1794392
-1843750 -1275000 -1738317
-1812500 -1237500 -1700934
-1843750 -1312499 -1757009
-1843750 -1275000 -1738317
-1781250 -1237500 -1682242
-1781250 -1162499 -1644859
-1687500 -1200000 -1607476
-1750000 -1200000 -1644859
-1750000 -1237500 -1663551
-1843750 -1237500 -1719626
-1750000 -1200000 -1644859
-1781250 -1087499 -1607476
-1718750 -1124999 -1588785
-1781250 -1200000 -1663551
-1843750 -1237500 -1719626
-1906250 -1312499 -1794392
-1843750 -1124999 -1663551
-1781250 -1050000 -1588785
-1781250 -1162499 -1644859
-1812500 -1200000 -1682242
-1875000 -1312499 -1775700
-1937500 -1312499 -1813084
-1843750 -1275000 -1738317
-1875000 -1200000 -1719626
-1812500 -1162499 -1663551
-1781250 -1237500 -1682242
-1906250 -1312499 -1794392
-1937500 -1349999 -1831775
-1875000 -1275000 -1757009
-1843750 -1237500 -1719626
-1906250 -1275000 -1775700
-1875000 -1387500 -1813084
-1906250 -1387500 -1831775
-2000000 -1349999 -1869158
-2000000 -1312499 -1850467
-1937500 -1275000 -1794392
-1875000 -1349999 -1794392
-1937500 -1387500 -1850467
-2000000 -1500000 -1943925
-2125000 -1462500 -2000000
-2062500 -1387500 -1925233
-1937500 -1312499 -1813084
-1968750 -1349999 -1850467
-2031250 -1387500 -1906542
-2031250 -1537499 -1981308
-2156250 -1574999 -2074766
-2062500 -1425000 -1943925
-2000000 -1387500 -1887850
-2000000 -1425000 -1906542
-2093750 -1500000 -2000000
-2093750 -1537499 -2018691
-2218750 -1612500 -2130841
-2125000 -1500000 -2018691
-2000000 -1349999 -1869158
-1968750 -1387500 -1869158
-2062500 -1500000 -1981308
-2125000 -1537499 -2037383
-2125000 -1500000 -2018691
-2187500 -1537499 -2074766
-2062500 -1425000 -1943925
-2062500 -1425000 -1943925
-2125000 -1349999 -1943925
-2187500 -1537499 -2074766
-2218750 -1500000 -2074766
-2156250 -1462500 -2018691
-2093750 -1349999 -1925233
-2093750 -1387500 -1943925
-2125000 -1387500 -1962616
-2125000 -1500000 -2018691
-2156250 -1500000 -2037383
-2093750 -1349999 -1925233
-2093750 -1349999 -1925233
-2031250 -1387500 -1906542
-2031250 -1387500 -1906542
-2093750 -1500000 -2000000
-2125000 -1462500 -2000000
-2125000 -1312499 -1925233
-2000000 -1312499 -1850467
-1968750 -1387500 -1869158
-2000000 -1425000 -1906542
-2093750 -1462500 -1981308
-2093750 -1537499 -2018691
-2000000 -1387500 -1887850
-2031250 -1200000 -1813084
-1968750 -1275000 -1813084
-2000000 -1425000 -1906542
-2000000 -1425000 -1906542
-2156250 -1425000 -2000000
-2093750 -1349999 -1925233
-2000000 -1275000 -1831775
-1937500 -1200000 -1757009
-2000000 -1275000 -1831775
-2000000 -1387500 -1887850
-2125000 -1462500 -2000000
-2062500 -1349999 -1906542
-2000000 -1312499 -1850467
-1937500 -1275000 -1794392
-1937500 -1275000 -1794392
-1937500 -1462500 -1887850
-1843750 -1500000 -1850467
-1750000 -1349999 -1719626
-1593750 -1275000 -1588785
-1562500 -1312499 -1588785
-1562500 -1349999 -1607476
-1593750 -1349999 -1626168
-1625000 -1275000 -1607476
-1500000 -1162499 -1476635
-1375000 -1012500 -1327102
-1437500 -1087499 -1401869
-1437500 -1200000 -1457943
-1343750 -1200000 -1401869
-1375000 -1200000 -1420560
-1406250 -1050000 -1364485
-1437500 -900000 -1308411
-1437500 -900000 -1308411
-1468750 -975000 -1364485
-1531250 -975000 -1401869
-1593750 -937500 -1420560
-1500000 -937500 -1364485
-1468750 -862499 -1308411
-1531250 -824999 -1327102
-1468750 -975000 -1364485
-1437500 -1087499 -1401869
-1375000 -1162499 -1401869
-1218750 -1050000 -1252336
-1375000 -1050000 -1345794
-1531250 -1087499 -1457943
-1625000 -1124999 -1532710
-1687500 -1200000 -1607476
-1812500 -1237500 -1700934
-1875000 -1200000 -1719626
-1906250 -1124999 -1700934
-1906250 -1237500 -1757009
-2000000 -1387500 -1887850
-2062500 -1349999 -1906542
-2187500 -1387500 -2000000
-2187500 -1275000 -1943925
-2093750 -1162499 -1831775
-2093750 -1312499 -1906542
-2093750 -1425000 -1962616
-2125000 -1462500 -2000000
-2187500 -1462500 -2037383
-2187500 -1349999 -1981308
-2156250 -1312499 -1943925
-2093750 -1349999 -1925233
-2156250 -1349999 -1962616
-2218750 -1425000 -2037383
-2312500 -1275000 -2018691
-2187500 -1349999 -1981308
-2156250 -1312499 -1943925
-2093750 -1349999 -1925233
-2093750 -1387500 -1943925
-2093750 -1500000 -2000000
-2218750 -1462500 -2056074
-2218750 -1500000 -2074766
-2156250 -1687500 -2130841
-2218750 -1912499 -2280373
-2468750 -2212500 -2579439
-2812500 -2475000 -2915887
-3000000 -2550000 -3065420
-3156250 -2287500 -3028037
-3281250 -1462500 -2691588
-3406250 -487500 -2280373
-3125000 525000 -1607476
-2468750 1349999 -803738
-1593750 2137499 112149
-437500 3112499 1289719
906250 4162500 2616822
2656250 5025000 4093457
4281250 5249999 5177570
5468750 4162500 5345794
5781250 1574999 4242990
4968750 -937500 2504672
2937500 -1987500 766355
125000 -1800000 -822429
-2031250 -1612500 -2018691
-2937500 -1612500 -2560747
-3031250 -1724999 -2672897
-2562500 -1649999 -2355140
-2281250 -1574999 -2149532
-2218750 -1762499 -2205607
-2281250 -1762499 -2242990
-2375000 -1762499 -2299065
-2406250 -1724999 -2299065
-2375000 -1687500 -2261682
-2312500 -1574999 -2168224
-2312500 -1612500 -2186915
-2343750 -1687500 -2242990
-2406250 -1800000 -2336448
-2468750 -1875000 -2411214
-2406250 -1724999 -2299065
-2375000 -1724999 -2280373
-2406250 -1687500 -2280373
-2343750 -1724999 -2261682
-2437500 -1800000 -2355140
-2531250 -1762499 -2392523
-2531250 -1724999 -2373831
-2437500 -1687500 -2299065
-2406250 -1724999 -2299065
-2406250 -1837499 -2355140
-2437500 -1762499 -2336448
-2562500 -1762499 -2411214
-2500000 -1649999 -2317757
-2437500 -1649999 -2280373
-2406250 -1687500 -2280373
-2406250 -1724999 -2299065
-2468750 -1837499 -2392523
-2437500 -1687500 -2299065
-2468750 -1649999 -2299065
-2375000 -1574999 -2205607
-2343750 -1574999 -2186915
-2375000 -1649999 -2242990
-2406250 -1800000 -2336448
-2500000 -1762499 -2373831
-2406250 -1687500 -2280373
-2375000 -1574999 -2205607
-2343750 -1500000 -2149532
-2375000 -1687500 -2261682
-2468750 -1687500 -2317757
-2468750 -1687500 -2317757
-2406250 -1687500 -2280373
-2343750 -1612500 -2205607
-2312500 -1612500 -2186915
-2281250 -1762499 -2242990
-2406250 -1800000 -2336448
-2468750 -1800000 -2373831
-2406250 -1762499 -2317757
-2406250 -1649999 -2261682
-2312500 -1687500 -2224299
-2343750 -1762499 -2280373
-2312500 -1837499 -2299065
-2343750 -1837499 -2317757
-2343750 -1724999 -2261682
-2312500 -1687500 -2224299
-2218750 -1649999 -2149532
-2281250 -1837499 -2280373
-2375000 -1875000 -2355140
-2343750 -1912499 -2355140
-2312500 -1912499 -2336448
-2375000 -1800000 -2317757
-2281250 -1875000 -2299065
-2312500 -1950000 -2355140
-2343750 -2062500 -2429906
-2437500 -2137499 -2523364
-2375000 -2062500 -2448598
-2343750 -2100000 -2448598
-2375000 -2174999 -2504672
-2312500 -2249999 -2504672
-2343750 -2287500 -2542056
-2375000 -2362500 -2598130
-2406250 -2324999 -2598130
-2406250 -2362500 -2616822
-2312500 -2437500 -2598130
-2343750 -2512500 -2654205
-2343750 -2624999 -2710280
-2375000 -2587500 -2710280
-2375000 -2550000 -2691588
-2375000 -2512500 -2672897
-2375000 -2624999 -2728971
-2343750 -2699999 -2747663
-2437500 -2775000 -2841121
-2468750 -2737500 -2841121
-2406250 -2699999 -2785046
-2406250 -2587500 -2728971
-2343750 -2550000 -2672897
-2343750 -2624999 -2710280
-2406250 -2662500 -2766355
-2406250 -2587500 -2728971
-2437500 -2437500 -2672897
-2312500 -2287500 -2523364
-2281250 -2249999 -2485981
-2281250 -2137499 -2429906
-2343750 -2137499 -2467289
-2406250 -2100000 -2485981
-2187500 -1987500 -2299065
-2156250 -1724999 -2149532
-2031250 -1762499 -2093457
-2031250 -1800000 -2112149
-2062500 -1837499 -2149532
-2031250 -1687500 -2056074
-2031250 -1612500 -2018691
-1968750 -1462500 -1906542
-1968750 -1349999 -1850467
-1968750 -1349999 -1850467
-1875000 -1425000 -1831775
-1875000 -1349999 -1794392
-1781250 -1237500 -1682242
-1687500 -1050000 -1532710
-1656250 -1162499 -1570093
-1625000 -1237500 -1588785
-1718750 -1200000 -1626168
-1781250 -1162499 -1644859
-1656250 -1087499 -1532710
-1593750 -1012500 -1457943
-1562500 -1124999 -1495327
-1687500 -1237500 -1626168
-1750000 -1275000 -1682242
-1781250 -1124999 -1626168
-1781250 -1087499 -1607476
-1750000 -1087499 -1588785
-1687500 -1087499 -1551401
-1687500 -1200000 -1607476
-1687500 -1275000 -1644859
-1781250 -1275000 -1700934
-1750000 -1162499 -1626168
-1718750 -1012500 -1532710
-1687500 -1087499 -1551401
-1656250 -1162499 -1570093
-1718750 -1237500 -1644859
-1812500 -1349999 -1757009
-1781250 -1237500 -1682242
-1781250 -1124999 -1626168
-1718750 -1200000 -1626168
-1687500 -1124999 -1570093
-1750000 -1275000 -1682242
-1843750 -1312499 -1757009
-1750000 -1237500 -1663551
-1687500 -1162499 -1588785
-1687500 -1237500 -1626168
-1718750 -1312499 -1682242
-1781250 -1349999 -1738317
-1875000 -1312499 -1775700
-1843750 -1237500 -1719626
-1812500 -1200000 -1682242
-1843750 -1237500 -1719626
-1875000 -1387500 -1813084
-1812500 -1462500 -1813084
-1906250 -1387500 -1831775
-1843750 -1387500 -1794392
-1812500 -1275000 -1719626
-1843750 -1312499 -1757009
-1812500 -1275000 -1719626
-1937500 -1387500 -1850467
-2000000 -1349999 -1869158
-1968750 -1387500 -1869158
-1968750 -1349999 -1850467
-1875000 -1312499 -1775700
-1906250 -1387500 -1831775
-1968750 -1425000 -1887850
-2062500 -1387500 -1925233
-2000000 -1275000 -1831775
-1906250 -1200000 -1738317
-1968750 -1387500 -1869158
-1906250 -1387500 -1831775
-1968750 -1425000 -1887850
-2031250 -1500000 -1962616
-1937500 -1462500 -1887850
-1843750 -1237500 -1719626
-1875000 -1312499 -1775700
-1906250 -1349999 -1813084
-1937500 -1425000 -1869158
-2031250 -1462500 -1943925
-1968750 -1425000 -1887850
-1968750 -1200000 -1775700
-1906250 -1312499 -1794392
-1906250 -1237500 -1757009
-2031250 -1387500 -1906542
-2000000 -1349999 -1869158
-2000000 -1349999 -1869158
-1937500 -1162499 -1738317
-1906250 -1275000 -1775700
-2000000 -1349999 -1869158
-2000000 -1349999 -1869158
-2000000 -1387500 -1887850
-1937500 -1237500 -1775700
-1906250 -1124999 -1700934
-1812500 -1200000 -1682242
-1781250 -1237500 -1682242
-1812500 -1349999 -1757009
-1906250 -1349999 -1813084
-1937500 -1237500 -1775700
-1875000 -1124999 -1682242
-1875000 -1162499 -1700934
-1937500 -1162499 -1738317
-1968750 -1275000 -1813084
-1968750 -1312499 -1831775
-1937500 -1237500 -1775700
-1843750 -1162499 -1682242
-1875000 -1124999 -1682242
-1843750 -1162499 -1682242
-1968750 -1237500 -1794392
-1937500 -1237500 -1775700
-1812500 -1200000 -1682242
-1656250 -1200000 -1588785
-1500000 -1237500 -1514018
-1593750 -1275000 -1588785
-1500000 -1312499 -1551401
-1562500 -1200000 -1532710
-1406250 -1012500 -1345794
-1406250 -1050000 -1364485
-1343750 -1087499 -1345794
-1312500 -1050000 -1308411
-1250000 -1087499 -1289719
-1218750 -1012500 -1233644
-1218750 -937500 -1196261
-1125000 -862499 -1102803
-1093750 -862499 -1084112
-1125000 -937500 -1140186
-1281250 -975000 -1252336
-1343750 -787499 -1196261
-1312500 -712500 -1140186
-1312500 -712500 -1140186
-1312500 -712500 -1140186
-1312500 -712500 -1140186
-1343750 -712500 -1158878
-1406250 -862499 -1271028
-1312500 -900000 -1233644
-1125000 -900000 -1121495
-1062500 -975000 -1121495
-1156250 -1012500 -1196261
-1500000 -937500 -1364485
-1593750 -1050000 -1476635
-1593750 -1012500 -1457943
-1687500 -900000 -1457943
-1718750 -1124999 -1588785
-1781250 -1124999 -1626168
-1875000 -1162499 -1700934
-1875000 -1200000 -1719626
-1968750 -1087499 -1719626
-1906250 -1050000 -1663551
-1875000 -1087499 -1663551
-1843750 -1087499 -1644859
-1875000 -1200000 -1719626
-1968750 -1237500 -1794392
-1937500 -1162499 -1738317
-1937500 -1087499 -1700934
-1875000 -1162499 -1700934
-1875000 -1162499 -1700934
-1906250 -1275000 -1775700
-1968750 -1237500 -1794392
-2031250 -1200000 -1813084
-2000000 -1162499 -1775700
-2000000 -1200000 -1794392
-2000000 -1275000 -1831775
-2031250 -1275000 -1850467
-2125000 -1237500 -1887850
-2093750 -1237500 -1869158
-2031250 -1087499 -1757009
-1968750 -1275000 -1813084
-2000000 -1425000 -1906542
-2156250 -1687500 -2130841
-2312500 -1875000 -2317757
-2468750 -2025000 -2485981
-2656250 -2100000 -2635514
-2781250 -2287500 -2803738
-2906250 -2174999 -2822429
-3187500 -1500000 -2654205
-3312500 -562499 -2261682
-3031250 300000 -1663551
-2312500 1012500 -878504
-1468750 1612500 -74766
-562500 2400000 859813
656250 3262499 2018691
2343750 4050000 3420560
4093750 4349999 4616822
5125000 3487500 4803738
5406250 1087499 3775700
4593750 -1162499 2168224
2812500 -2137499 616822
375000 -1875000 -710280
-1687500 -1500000 -1757009
-2687500 -1349999 -2280373
-2875000 -1425000 -2429906
-2593750 -1425000 -2261682
-2406250 -1387500 -2130841
-2281250 -1462500 -2093457
-2218750 -1387500 -2018691
-2218750 -1312499 -1981308
-2156250 -1425000 -2000000
-2187500 -1462500 -2037383
-2187500 -1537499 -2074766
-2250000 -1537499 -2112149
-2156250 -1387500 -1981308
-2125000 -1237500 -1887850
-2125000 -1387500 -1962616
-2093750 -1425000 -1962616
-2093750 -1574999 -2037383
-2218750 -1574999 -2112149
-2156250 -1500000 -2037383
-2125000 -1425000 -1981308
-2093750 -1387500 -1943925
-2125000 -1462500 -2000000
-2187500 -1574999 -2093457
-2281250 -1574999 -2149532
-2250000 -1425000 -2056074
-2281250 -1349999 -2037383
-2187500 -1425000 -2018691
-2156250 -1462500 -2018691
-2281250 -1612500 -2168224
-2250000 -1612500 -2149532
-2187500 -1462500 -2037383
-2218750 -1387500 -2018691
-2187500 -1349999 -1981308
-2218750 -1387500 -2018691
-2187500 -1500000 -2056074
-2250000 -1537499 -2112149
-2093750 -1425000 -1962616
-2093750 -1349999 -1925233
-2062500 -1387500 -1925233
-2125000 -1462500 -2000000
-2187500 -1462500 -2037383
-2187500 -1462500 -2037383
-2156250 -1425000 -2000000
-2093750 -1387500 -1943925
-2156250 -1462500 -2018691
-2218750 -1462500 -2056074
-2218750 -1537499 -2093457
-2312500 -1500000 -2130841
-2218750 -1425000 -2037383
-2187500 -1387500 -2000000
-2156250 -1462500 -2018691
-2281250 -1574999 -2149532
-2281250 -1612500 -2168224
-2312500 -1612500 -2186915
-2281250 -1537499 -2130841
-2218750 -1425000 -2037383
-2156250 -1425000 -2000000
-2156250 -1537499 -2056074
-2156250 -1649999 -2112149
-2125000 -1612500 -2074766
-2093750 -1537499 -2018691
-2031250 -1574999 -2000000
-2093750 -1649999 -2074766
-2156250 -1724999 -2149532
-2187500 -1800000 -2205607
-2187500 -1912499 -2261682
-2218750 -1800000 -2224299
-2218750 -1687500 -2168224
-2250000 -1724999 -2205607
-2187500 -1875000 -2242990
-2250000 -1875000 -2280373
-2281250 -1950000 -2336448
-2156250 -1950000 -2261682
-2156250 -1912499 -2242990
-2062500 -1950000 -2205607
-2187500 -2137499 -2373831
-2156250 -2212500 -2392523
-2218750 -2249999 -2448598
-2187500 -2137499 -2373831
-2125000 -2100000 -2317757
-2093750 -2174999 -2336448
-2187500 -2287500 -2448598
-2281250 -2362500 -2542056
-2375000 -2400000 -2616822
-2406250 -2324999 -2598130
-2218750 -2287500 -2467289
-2250000 -2324999 -2504672
-2218750 -2400000 -2523364
-2312500 -2437500 -2598130
-2406250 -2512500 -2691588
-2312500 -2400000 -2579439
-2312500 -2249999 -2504672
-2187500 -2249999 -2429906
-2156250 -2249999 -2411214
-2281250 -2137499 -2429906
-2281250 -2100000 -2411214
-2250000 -1950000 -2317757
-2156250 -1800000 -2186915
-2062500 -1762499 -2112149
-2062500 -1687500 -2074766
-2062500 -1724999 -2093457
-2093750 -1687500 -2093457
-1968750 -1425000 -1887850
-1937500 -1349999 -1831775
-1781250 -1387500 -1757009
-1812500 -1349999 -1757009
-1812500 -1462500 -1813084
-1875000 -1349999 -1794392
-1750000 -1275000 -1682242
-1718750 -1200000 -1626168
-1625000 -1275000 -1607476
-1625000 -1275000 -1607476
-1687500 -1349999 -1682242
-1656250 -1349999 -1663551
-1593750 -1275000 -1588785
-1562500 -1162499 -1514018
-1531250 -1162499 -1495327
-1531250 -1200000 -1514018
-1593750 -1349999 -1626168
-1656250 -1312499 -1644859
-1625000 -1237500 -1588785
-1593750 -1200000 -1551401
-1500000 -1275000 -1532710
-1562500 -1312499 -1588785
-1593750 -1425000 -1663551
-1718750 -1425000 -1738317
-1718750 -1312499 -1682242
-1656250 -1237500 -1607476
-1687500 -1312499 -1663551
-1718750 -1349999 -1700934
-1750000 -1387500 -1738317
-1812500 -1387500 -1775700
-1750000 -1387500 -1738317
-1718750 -1237500 -1644859
-1687500 -1387500 -1700934
-1687500 -1387500 -1700934
-1750000 -1537499 -1813084
-1812500 -1574999 -1869158
-1750000 -1462500 -1775700
-1781250 -1275000 -1700934
-1718750 -1349999 -1700934
-1812500 -1387500 -1775700
-1750000 -1425000 -1757009
-1812500 -1500000 -1831775
-1750000 -1500000 -1794392
-1781250 -1462500 -1794392
-1718750 -1500000 -1775700
-1750000 -1537499 -1813084
-1843750 -1574999 -1887850
-1906250 -1612500 -1943925
-1875000 -1537499 -1887850
-1875000 -1537499 -1887850
-1906250 -1649999 -1962616
-1968750 -1612500 -1981308
-2000000 -1687500 -2037383
-1937500 -1612500 -1962616
-1937500 -1574999 -1943925
-1875000 -1425000 -1831775
-1937500 -1537499 -1925233
-1937500 -1612500 -1962616
-2000000 -1649999 -2018691
-2031250 -1687500 -2056074
-1937500 -1574999 -1943925
-2000000 -1500000 -1943925
-1937500 -1537499 -1925233
-1937500 -1612500 -1962616
-1968750 -1649999 -2000000
-2031250 -1687500 -2056074
-1968750 -1612500 -1981308
-1906250 -1537499 -1906542
-1968750 -1462500 -1906542
-1937500 -1612500 -1962616
-2000000 -1724999 -2056074
-2031250 -1762499 -2093457
-2031250 -1649999 -2037383
-2000000 -1537499 -1962616
-1906250 -1649999 -1962616
-1906250 -1724999 -2000000
-1875000 -1800000 -2018691
-1968750 -1762499 -2056074
-1875000 -1612500 -1925233
-1937500 -1574999 -1943925
-1968750 -1537499 -1943925
-1906250 -1537499 -1906542
-1937500 -1574999 -1943925
-2000000 -1612500 -2000000
-1937500 -1649999 -1981308
-1875000 -1537499 -1887850
-1843750 -1649999 -1925233
-1875000 -1724999 -1981308
-1968750 -1687500 -2018691
-2031250 -1687500 -2056074
-2031250 -1462500 -1943925
-1906250 -1462500 -1869158
-1937500 -1649999 -1981308
-1812500 -1724999 -1943925
-1968750 -1875000 -2112149
-2031250 -1800000 -2112149
-2000000 -1687500 -2037383
-1812500 -1574999 -1869158
-1750000 -1574999 -1831775
-1625000 -1724999 -1831775
-1625000 -1762499 -1850467
-1656250 -1800000 -1887850
-1625000 -1574999 -1757009
-1562500 -1462500 -1663551
-1437500 -1462500 -1588785
-1375000 -1425000 -1532710
-1375000 -1500000 -1570093
-1468750 -1462500 -1607476
-1375000 -1349999 -1495327
-1281250 -1349999 -1439252
-1281250 -1425000 -1476635
-1312500 -1425000 -1495327
-1312500 -1349999 -1457943
-1437500 -1387500 -1551401
-1500000 -1237500 -1514018
-1437500 -1237500 -1476635
-1406250 -1312499 -1495327
-1468750 -1387500 -1570093
-1562500 -1500000 -1682242
-1656250 -1462500 -1719626
-1625000 -1387500 -1663551
-1531250 -1349999 -1588785
-1343750 -1462500 -1532710
-1343750 -1462500 -1532710
-1531250 -1612500 -1719626
-1750000 -1500000 -1794392
-1718750 -1574999 -1813084
-1718750 -1462500 -1757009
-1843750 -1687500 -1943925
-1937500 -1762499 -2037383
-2031250 -1837499 -2130841
-2125000 -1837499 -2186915
-2125000 -1649999 -2093457
-2031250 -1724999 -2074766
-1968750 -1649999 -2000000
-1937500 -1687500 -2000000
-1968750 -1800000 -2074766
-2062500 -1687500 -2074766
-2062500 -1574999 -2018691
-2031250 -1649999 -2037383
-2031250 -1724999 -2074766
-2093750 -1724999 -2112149
-2156250 -1800000 -2186915
-2187500 -1837499 -2224299
-2187500 -1837499 -2224299
-2187500 -1800000 -2205607
-2156250 -1762499 -2168224
-2187500 -1800000 -2205607
-2281250 -1912499 -2317757
-2250000 -1912499 -2299065
-2187500 -1875000 -2242990
-2218750 -1724999 -2186915
-2156250 -1800000 -2186915
-2156250 -1875000 -2224299
-2187500 -1987500 -2299065
-2281250 -2174999 -2448598
-2375000 -2324999 -2579439
-2531250 -2287500 -2654205
-2656250 -2512500 -2841121
-2750000 -2662500 -2971962
-2937500 -2512500 -3009345
-3250000 -2025000 -2953271
-3375000 -1200000 -2616822
-3062500 -375000 -2018691
-2437500 75000 -1420560
-1625000 487500 -728971
-718750 1012500 74766
531250 1800000 1214953
2250000 2662500 2672897
3843750 2962500 3775700
4875000 1912499 3869158
5218750 -112500 3065420
4500000 -2212500 1588785
2562500 -3037500 18691
187500 -2925000 -1345794
-1593750 -2550000 -2224299
-2593750 -2287500 -2691588
-2937500 -2324999 -2915887
-2906250 -2212500 -2841121
-2718750 -2212500 -2728971
-2468750 -2100000 -2523364
-2343750 -2025000 -2411214
-2312500 -1987500 -2373831
-2343750 -2137499 -2467289
-2343750 -2174999 -2485981
-2437500 -2174999 -2542056
-2500000 -2174999 -2579439
-2375000 -2137499 -2485981
-2406250 -2174999 -2523364
-2406250 -2174999 -2523364
-2406250 -2137499 -2504672
-2406250 -2137499 -2504672
-2312500 -2137499 -2448598
-2312500 -1987500 -2373831
-2250000 -1987500 -2336448
-2375000 -2062500 -2448598
-2375000 -2137499 -2485981
-2406250 -2100000 -2485981
-2312500 -2025000 -2392523
-2312500 -2025000 -2392523
-2281250 -2062500 -2392523
-2343750 -2025000 -2411214
-2406250 -2137499 -2504672
-2437500 -2249999 -2579439
-2437500 -2100000 -2504672
-2406250 -2062500 -2467289
-2406250 -2137499 -2504672
-2468750 -2137499 -2542056
-2437500 -2212500 -2560747
-2500000 -2174999 -2579439
-2531250 -2137499 -2579439
-2437500 -2062500 -2485981
-2468750 -1987500 -2467289
-2437500 -2137499 -2523364
-2531250 -2249999 -2635514
-2531250 -2287500 -2654205
-2500000 -2137499 -2560747
-2343750 -2025000 -2411214
-2375000 -2100000 -2467289
-2437500 -2062500 -2485981
-2468750 -2174999 -2560747
-2468750 -2100000 -2523364
-2437500 -2174999 -2542056
-2437500 -2100000 -2504672
-2406250 -2100000 -2485981
-2531250 -2137499 -2579439
-2500000 -2137499 -2560747
-2531250 -2137499 -2579439
-2468750 -2212500 -2579439
-2437500 -2062500 -2485981
-2468750 -2100000 -2523364
-2437500 -2174999 -2542056
-2500000 -2212500 -2598130
-2531250 -2212500 -2616822
-2531250 -2137499 -2579439
-2437500 -2062500 -2485981
-2437500 -2212500 -2560747
-2468750 -2287500 -2616822
-2500000 -2287500 -2635514
-2500000 -2400000 -2691588
-2468750 -2287500 -2616822
-2375000 -2212500 -2523364
-2312500 -2249999 -2504672
-2375000 -2249999 -2542056
-2406250 -2400000 -2635514
-2468750 -2400000 -2672897
-2437500 -2324999 -2616822
-2375000 -2287500 -2560747
-2375000 -2362500 -2598130
-2406250 -2475000 -2672897
-2437500 -2587500 -2747663
-2437500 -2662500 -2785046
-2500000 -2550000 -2766355
-2500000 -2512500 -2747663
-2531250 -2624999 -2822429
-2593750 -2775000 -2934579
-2625000 -2850000 -2990654
-2687500 -2850000 -3028037
-2687500 -2812500 -3009345
-2656250 -2887500 -3028037
-2625000 -3037500 -3084112
-2687500 -3037500 -3121495
-2781250 -3149999 -3233644
-2906250 -3225000 -3345794
-2843750 -3112499 -3252336
-2750000 -3074999 -3177570
-2656250 -3112499 -3140186
-2718750 -3187500 -3214953
-2812500 -3187500 -3271028
-2750000 -3187500 -3233644
-2781250 -3037500 -3177570
-2656250 -2887500 -3028037
-2656250 -2925000 -3046728
-2656250 -2887500 -3028037
-2687500 -2887500 -3046728
-2687500 -2850000 -3028037
-2593750 -2624999 -2859813
-2593750 -2400000 -2747663
-2406250 -2362500 -2616822
-2343750 -2362500 -2579439
-2406250 -2287500 -2579439
-2312500 -2287500 -2523364
-2250000 -2025000 -2355140
-2187500 -1875000 -2242990
-2093750 -1762499 -2130841
-2093750 -1762499 -2130841
-2031250 -1837499 -2130841
-2000000 -1800000 -2093457
-2031250 -1762499 -2093457
-1906250 -1612500 -1943925
-1843750 -1649999 -1925233
-1875000 -1649999 -1943925
-1812500 -1687500 -1925233
-1843750 -1649999 -1925233
-1812500 -1612500 -1887850
-1812500 -1537499 -1850467
-1781250 -1612500 -1869158
-1781250 -1612500 -1869158
-1781250 -1687500 -1906542
-1812500 -1687500 -1925233
-1812500 -1612500 -1887850
-1781250 -1425000 -1775700
-1687500 -1462500 -1738317
-1687500 -1574999 -1794392
-1750000 -1537499 -1813084
-1812500 -1537499 -1850467
-1781250 -1500000 -1813084
-1718750 -1537499 -1794392
-1718750 -1537499 -1794392
-1718750 -1537499 -1794392
-1812500 -1612500 -1887850
-1906250 -1574999 -1925233
-1906250 -1574999 -1925233
-1875000 -1500000 -1869158
-1750000 -1500000 -1794392
-1812500 -1537499 -1850467
-1906250 -1649999 -1962616
-1968750 -1574999 -1962616
-1937500 -1500000 -1906542
-1843750 -1500000 -1850467
-1812500 -1462500 -1813084
-1875000 -1612500 -1925233
-1906250 -1612500 -1943925
-1906250 -1649999 -1962616
-1937500 -1574999 -1943925
-1875000 -1574999 -1906542
-1843750 -1574999 -1887850
-1906250 -1612500 -1943925
-1906250 -1687500 -1981308
-1968750 -1724999 -2037383
-1937500 -1612500 -1962616
-1937500 -1612500 -1962616
-1843750 -1612500 -1906542
-1875000 -1649999 -1943925
-1906250 -1724999 -2000000
-1937500 -1649999 -1981308
-1906250 -1537499 -1906542
-1906250 -1500000 -1887850
-1843750 -1649999 -1925233
-1875000 -1687500 -1962616
-1968750 -1800000 -2074766
-2031250 -1724999 -2074766
-2000000 -1724999 -2056074
-2000000 -1612500 -2000000
-1968750 -1687500 -2018691
-1937500 -1649999 -1981308
-2031250 -1762499 -2093457
-2093750 -1687500 -2093457
-2062500 -1687500 -2074766
-2000000 -1574999 -1981308
-2000000 -1687500 -2037383
-1937500 -1687500 -2000000
-2062500 -1687500 -2074766
-2062500 -1724999 -2093457
-2031250 -1649999 -2037383
-1937500 -1574999 -1943925
-1906250 -1649999 -1962616
-1906250 -1612500 -1943925
-2000000 -1724999 -2056074
-2062500 -1762499 -2112149
-2031250 -1612500 -2018691
-1875000 -1574999 -1906542
-1937500 -1612500 -1962616
-1906250 -1687500 -1981308
-1968750 -1687500 -2018691
-2062500 -1762499 -2112149
-2062500 -1724999 -2093457
-2062500 -1612500 -2037383
-2000000 -1687500 -2037383
-2031250 -1649999 -2037383
-2031250 -1724999 -2074766
-2093750 -1687500 -2093457
-2031250 -1649999 -2037383
-1968750 -1574999 -1962616
-1937500 -1612500 -1962616
-1968750 -1649999 -2000000
-2000000 -1649999 -2018691
-2031250 -1687500 -2056074
-1968750 -1574999 -1962616
-1937500 -1537499 -1925233
-1906250 -1612500 -1943925
-1937500 -1687500 -2000000
-1968750 -1724999 -2037383
-2000000 -1800000 -2093457
-1968750 -1687500 -2018691
-1937500 -1537499 -1925233
-1843750 -1612500 -1906542
-1843750 -1612500 -1906542
-1906250 -1649999 -1962616
-1937500 -1724999 -2018691
-1875000 -1687500 -1962616
-1750000 -1612500 -1850467
-1718750 -1687500 -1869158
-1656250 -1649999 -1813084
-1718750 -1649999 -1850467
-1718750 -1687500 -1869158
-1625000 -1462500 -1700934
-1500000 -1462500 -1626168
-1500000 -1537499 -1663551
-1468750 -1500000 -1626168
-1500000 -1500000 -1644859
-1468750 -1462500 -1607476
-1406250 -1425000 -1551401
-1343750 -1275000 -1439252
-1281250 -1275000 -1401869
-1281250 -1349999 -1439252
-1312500 -1349999 -1457943
-1343750 -1387500 -1495327
-1375000 -1275000 -1457943
-1375000 -1237500 -1439252
-1343750 -1349999 -1476635
-1375000 -1312499 -1476635
-1375000 -1387500 -1514018
-1437500 -1312499 -1514018
-1437500 -1275000 -1495327
-1500000 -1124999 -1457943
-1312500 -1124999 -1345794
-1375000 -1162499 -1401869
-1437500 -1349999 -1532710
-1593750 -1349999 -1626168
-1468750 -1275000 -1514018
-1312500 -1312499 -1439252
-1187500 -1349999 -1383177
-1281250 -1425000 -1476635
-1406250 -1462500 -1570093
-1625000 -1500000 -1719626
-1718750 -1425000 -1738317
-1750000 -1387500 -1738317
-1781250 -1500000 -1813084
-1906250 -1462500 -1869158
-2000000 -1612500 -2000000
-1968750 -1574999 -1962616
-2093750 -1500000 -2000000
-2031250 -1462500 -1943925
-2093750 -1537499 -2018691
-2000000 -1649999 -2018691
-2031250 -1612500 -2018691
-2000000 -1687500 -2037383
-2031250 -1687500 -2056074
-2031250 -1574999 -2000000
-1937500 -1537499 -1925233
-1906250 -1574999 -1925233
-2000000 -1687500 -2037383
-2000000 -1724999 -2056074
-2062500 -1612500 -2037383
-2000000 -1500000 -1943925
-2000000 -1612500 -2000000
-2062500 -1649999 -2056074
-2062500 -1687500 -2074766
-2250000 -1574999 -2130841
-2218750 -1574999 -2112149
-2062500 -1500000 -1981308
-2031250 -1574999 -2000000
-2031250 -1612500 -2018691
-2093750 -1687500 -2093457
-2187500 -1762499 -2186915
-2125000 -1800000 -2168224
-2156250 -1912499 -2242990
-2218750 -2174999 -2411214
-2406250 -2324999 -2598130
-2656250 -2512500 -2841121
-2812500 -2699999 -3028037
-2937500 -2624999 -3065420
-3031250 -2137499 -2878504
-3187500 -1312499 -2560747
-3218750 -375000 -2112149
-2843750 562499 -1420560
-2031250 1425000 -504672
-1031250 2362500 560747
62500 3225000 1644859
1562500 4087500 2971962
3218750 4912500 4373831
4625000 4912500 5214953
5531250 3787500 5196261
5843750 1574999 4280373
5218750 -674999 2785046
3281250 -2062500 934579
750000 -2174999 -635514
-1437500 -1987500 -1850467
-2656250 -1875000 -2523364
-2843750 -1912499 -2654205
-2625000 -1724999 -2429906
-2375000 -1724999 -2280373
-2250000 -1875000 -2280373
-2281250 -1912499 -2317757
-2343750 -1912499 -2355140
-2375000 -1875000 -2355140
-2218750 -1762499 -2205607
-2218750 -1875000 -2261682
-2312500 -1875000 -2317757
-2343750 -1987500 -2392523
-2406250 -1912499 -2392523
-2375000 -1875000 -2355140
-2281250 -1800000 -2261682
-2312500 -1837499 -2299065
-2312500 -1912499 -2336448
-2281250 -1912499 -2317757
-2375000 -1987500 -2411214
-2312500 -1800000 -2280373
-2343750 -1800000 -2299065
-2281250 -1912499 -2317757
-2312500 -1912499 -2336448
-2375000 -1987500 -2411214
-2343750 -1950000 -2373831
-2281250 -1875000 -2299065
-2250000 -1912499 -2299065
-2250000 -1912499 -2299065
-2218750 -1912499 -2280373
-2218750 -1912499 -2280373
-2312500 -1875000 -2317757
-2281250 -1837499 -2280373
-2218750 -1687500 -2168224
-2187500 -1724999 -2168224
-2187500 -1837499 -2224299
-2187500 -1912499 -2261682
-2250000 -1950000 -2317757
-2250000 -1837499 -2261682
-2250000 -1837499 -2261682
-2187500 -1837499 -2224299
-2218750 -1800000 -2224299
-2281250 -1875000 -2299065
-2312500 -1837499 -2299065
-2250000 -1837499 -2261682
-2187500 -1800000 -2205607
-2218750 -1800000 -2224299
-2187500 -1875000 -2242990
-2218750 -1987500 -2317757
-2312500 -1912499 -2336448
-2343750 -1800000 -2299065
-2250000 -1800000 -2242990
-2187500 -1800000 -2205607
-2156250 -1912499 -2242990
-2187500 -1950000 -2280373
-2312500 -1950000 -2355140
-2312500 -1912499 -2336448
-2218750 -1912499 -2280373
-2187500 -1875000 -2242990
-2156250 -1950000 -2261682
-2250000 -2062500 -2373831
-2312500 -2100000 -2429906
-2281250 -2100000 -2411214
-2250000 -2025000 -2355140
-2187500 -1987500 -2299065
-2218750 -2137499 -2392523
-2281250 -2174999 -2448598
-2281250 -2100000 -2411214
-2312500 -2100000 -2429906
-2281250 -2062500 -2392523
-2187500 -2212500 -2411214
-2187500 -2287500 -2448598
-2250000 -2324999 -2504672
-2250000 -2324999 -2504672
-2218750 -2400000 -2523364
-2156250 -2287500 -2429906
-2187500 -2400000 -2504672
-2156250 -2587500 -2579439
-2218750 -2624999 -2635514
-2312500 -2662500 -2710280
-2281250 -2662500 -2691588
-2218750 -2624999 -2635514
-2250000 -2624999 -2654205
-2281250 -2699999 -2710280
-2281250 -2850000 -2785046
-2375000 -2887500 -2859813
-2406250 -2850000 -2859813
-2343750 -2850000 -2822429
-2312500 -2812500 -2785046
-2343750 -2887500 -2841121
-2406250 -2962500 -2915887
-2468750 -2850000 -2897196
-2343750 -2925000 -2859813
-2406250 -2850000 -2859813
-2375000 -2887500 -2859813
-2312500 -2850000 -2803738
-2406250 -2812500 -2841121
-2406250 -2775000 -2822429
-2375000 -2512500 -2672897
-2312500 -2362500 -2560747
-2250000 -2324999 -2504672
-2187500 -2249999 -2429906
-2093750 -2324999 -2411214
-2062500 -2137499 -2299065
-1968750 -1950000 -2149532
-1843750 -1687500 -1943925
-1812500 -1687500 -1925233
-1812500 -1649999 -1906542
-1781250 -1724999 -1925233
-1812500 -1612500 -1887850
-1750000 -1537499 -1813084
-1750000 -1462500 -1775700
-1625000 -1387500 -1663551
-1593750 -1462500 -1682242
-1687500 -1425000 -1719626
-1718750 -1349999 -1700934
-1625000 -1275000 -1607476
-1562500 -1124999 -1495327
-1531250 -1200000 -1514018
-1562500 -1312499 -1588785
-1625000 -1387500 -1663551
-1656250 -1312499 -1644859
-1531250 -1275000 -1551401
-1468750 -1200000 -1476635
-1531250 -1237500 -1532710
-1500000 -1237500 -1514018
-1562500 -1349999 -1607476
-1656250 -1312499 -1644859
-1562500 -1275000 -1570093
-1562500 -1237500 -1551401
-1562500 -1275000 -1570093
-1562500 -1349999 -1607476
-1593750 -1387500 -1644859
-1656250 -1425000 -1700934
-1625000 -1275000 -1607476
-1500000 -1162499 -1476635
-1562500 -1200000 -1532710
-1531250 -1237500 -1532710
-1562500 -1312499 -1588785
-1687500 -1349999 -1682242
-1656250 -1275000 -1626168
-1687500 -1237500 -1626168
-1656250 -1237500 -1607476
-1656250 -1312499 -1644859
-1718750 -1387500 -1719626
-1781250 -1425000 -1775700
-1718750 -1425000 -1738317
-1656250 -1312499 -1644859
-1687500 -1425000 -1719626
-1687500 -1349999 -1682242
-1750000 -1462500 -1775700
-1781250 -1462500 -1794392
-1781250 -1349999 -1738317
-1750000 -1349999 -1719626
-1781250 -1425000 -1775700
-1750000 -1537499 -1813084
-1781250 -1612500 -1869158
-1875000 -1612500 -1925233
-1812500 -1574999 -1869158
-1781250 -1425000 -1775700
-1687500 -1387500 -1700934
-1750000 -1500000 -1794392
-1843750 -1537499 -1869158
-1812500 -1687500 -1925233
-1812500 -1537499 -1850467
-1843750 -1500000 -1850467
-1812500 -1537499 -1850467
-1781250 -1537499 -1831775
-1906250 -1612500 -1943925
-1968750 -1612500 -1981308
-1937500 -1500000 -1906542
-1937500 -1500000 -1906542
-1812500 -1574999 -1869158
-1843750 -1574999 -1887850
-1937500 -1724999 -2018691
-2000000 -1612500 -2000000
-1968750 -1649999 -2000000
-1937500 -1537499 -1925233
-1875000 -1537499 -1887850
-1875000 -1649999 -1943925
-1968750 -1762499 -2056074
-2000000 -1687500 -2037383
-1968750 -1649999 -2000000
-2000000 -1574999 -1981308
-1812500 -1612500 -1887850
-1875000 -1649999 -1943925
-1875000 -1724999 -1981308
-1968750 -1649999 -2000000
-1937500 -1649999 -1981308
-1875000 -1612500 -1925233
-1875000 -1574999 -1906542
-1812500 -1762499 -1962616
-1937500 -1687500 -2000000
-2031250 -1649999 -2037383
-1968750 -1649999 -2000000
-1906250 -1500000 -1887850
-1906250 -1649999 -1962616
-1906250 -1612500 -1943925
-1968750 -1762499 -2056074
-2031250 -1724999 -2074766
-2000000 -1687500 -2037383
-1937500 -1574999 -1943925
-1875000 -1612500 -1925233
-1843750 -1649999 -1925233
-1968750 -1687500 -2018691
-2000000 -1612500 -2000000
-1906250 -1574999 -1925233
-1875000 -1500000 -1869158
-1812500 -1574999 -1869158
-1843750 -1649999 -1925233
-1843750 -1687500 -1943925
-1937500 -1687500 -2000000
-1843750 -1687500 -1943925
-1843750 -1574999 -1887850
-1781250 -1537499 -1831775
-1843750 -1574999 -1887850
-1843750 -1724999 -1962616
-1937500 -1687500 -2000000
-1875000 -1612500 -1925233
-1781250 -1574999 -1850467
-1750000 -1574999 -1831775
-1718750 -1687500 -1869158
-1750000 -1687500 -1887850
-1656250 -1687500 -1831775
-1531250 -1537499 -1682242
-1437500 -1500000 -1607476
-1500000 -1574999 -1682242
-1500000 -1649999 -1719626
-1500000 -1574999 -1682242
-1531250 -1612500 -1719626
-1375000 -1425000 -1532710
-1375000 -1425000 -1532710
-1343750 -1387500 -1495327
-1250000 -1387500 -1439252
-1250000 -1387500 -1439252
-1312500 -1500000 -1532710
-1281250 -1387500 -1457943
-1218750 -1275000 -1364485
-1281250 -1275000 -1401869
-1312500 -1162499 -1364485
-1343750 -1200000 -1401869
-1406250 -1200000 -1439252
-1406250 -1312499 -1495327
-1250000 -1237500 -1364485
-1250000 -1200000 -1345794
-1312500 -1200000 -1383177
-1406250 -1237500 -1457943
-1375000 -1275000 -1457943
-1218750 -1237500 -1345794
-1125000 -1200000 -1271028
-1093750 -1312499 -1308411
-1281250 -1462500 -1495327
-1531250 -1500000 -1663551
-1656250 -1537499 -1757009
-1718750 -1462500 -1757009
-1750000 -1462500 -1775700
-1781250 -1537499 -1831775
-1875000 -1500000 -1869158
-1937500 -1649999 -1981308
-2031250 -1687500 -2056074
-2000000 -1649999 -2018691
-2031250 -1574999 -2000000
-1937500 -1612500 -1962616
-2031250 -1649999 -2037383
-2062500 -1724999 -2093457
-2125000 -1800000 -2168224
-2093750 -1612500 -2056074
-2062500 -1612500 -2037383
-2031250 -1687500 -2056074
-2000000 -1762499 -2074766
-2125000 -1800000 -2168224
-2156250 -1875000 -2224299
-2125000 -1724999 -2130841
-2062500 -1537499 -2000000
-2093750 -1687500 -2093457
-2062500 -1724999 -2093457
-2125000 -1800000 -2168224
-2125000 -1875000 -2205607
-2093750 -1724999 -2112149
-2093750 -1612500 -2056074
-2062500 -1724999 -2093457
-2093750 -1912499 -2205607
-2156250 -2100000 -2336448
-2343750 -2287500 -2542056
-2468750 -2362500 -2654205
-2687500 -2437500 -2822429
-2750000 -2475000 -2878504
-2812500 -2624999 -2990654
-2812500 -2812500 -3084112
-2968750 -3112499 -3327102
-3000000 -3112499 -3345794
-3187500 -2812500 -3308411
-3437500 -2400000 -3252336
-3593749 -1762499 -3028037
-3406250 -937500 -2504672
-3062500 0 -1831775
-2343750 862499 -971962
-1562500 1537499 -168224
-750000 2362500 728971
375000 3149999 1794392
1781250 3937500 3028037
3281250 4575000 4242990
4625000 4612500 5065420
5375000 3524999 4971962
5562500 1012500 3831775
4562500 -1237500 2112149
2656250 -2437500 373831
93750 -2287500 -1084112
-1781250 -2025000 -2074766
-2718750 -1950000 -2598130
-2812500 -1950000 -2654205
-2718750 -1875000 -2560747
-2406250 -2025000 -2448598
-2375000 -2062500 -2448598
-2312500 -1950000 -2355140
-2312500 -1950000 -2355140
-2312500 -2062500 -2411214
-2250000 -2025000 -2355140
-2250000 -2025000 -2355140
-2312500 -2025000 -2392523
-2406250 -1987500 -2429906
-2281250 -1950000 -2336448
-2250000 -2025000 -2355140
-2281250 -2025000 -2373831
-2281250 -2100000 -2411214
-2343750 -2137499 -2467289
-2406250 -1987500 -2429906
-2250000 -1912499 -2299065
-2281250 -1950000 -2336448
-2218750 -2025000 -2336448
-2343750 -2062500 -2429906
-2375000 -2137499 -2485981
-2343750 -2025000 -2411214
-2218750 -1987500 -2317757
-2218750 -1987500 -2317757
-2250000 -1950000 -2317757
-2281250 -2062500 -2392523
-2375000 -2025000 -2429906
-2312500 -1987500 -2373831
-2218750 -1912499 -2280373
-2187500 -1950000 -2280373
-2218750 -1912499 -2280373
-2281250 -2062500 -2392523
-2375000 -1987500 -2411214
-2281250 -1950000 -2336448
-2218750 -1912499 -2280373
-2218750 -1912499 -2280373
-2281250 -1950000 -2336448
-2406250 -1987500 -2429906
-2437500 -2100000 -2504672
-2343750 -1950000 -2373831
-2218750 -1800000 -2224299
-2281250 -1875000 -2299065
-2250000 -1987500 -2336448
-2218750 -2025000 -2336448
-2281250 -2100000 -2411214
-2281250 -1987500 -2355140
-2218750 -1875000 -2261682
-2156250 -1912499 -2242990
-2156250 -1950000 -2261682
-2281250 -2025000 -2373831
-2250000 -2100000 -2392523
-2343750 -2062500 -2429906
-2218750 -1950000 -2299065
-2250000 -2025000 -2355140
-2281250 -2137499 -2429906
-2281250 -2100000 -2411214
-2312500 -2100000 -2429906
-2250000 -2062500 -2373831
-2218750 -2100000 -2373831
-2250000 -2062500 -2373831
-2281250 -2025000 -2373831
-2406250 -2212500 -2542056
-2375000 -2287500 -2560747
-2281250 -2212500 -2467289
-2218750 -2100000 -2373831
-2093750 -2249999 -2373831
-2250000 -2324999 -2504672
-2250000 -2324999 -2504672
-2406250 -2362500 -2616822
-2375000 -2362500 -2598130
-2343750 -2324999 -2560747
-2250000 -2362500 -2523364
-2250000 -2475000 -2579439
-2281250 -2624999 -2672897
-2343750 -2624999 -2710280
-2281250 -2662500 -2691588
-2218750 -2512500 -2579439
-2250000 -2587500 -2635514
-2187500 -2662500 -2635514
-2250000 -2775000 -2728971
-2312500 -2812500 -2785046
-2312500 -2887500 -2822429
-2281250 -2850000 -2785046
-2312500 -2925000 -2841121
-2375000 -2925000 -2878504
-2437500 -3037500 -2971962
-2406250 -3074999 -2971962
-2375000 -2962500 -2897196
-2312500 -2962500 -2859813
-2312500 -2962500 -2859813
-2281250 -3000000 -2859813
-2281250 -3074999 -2897196
-2437500 -3037500 -2971962
-2343750 -2887500 -2841121
-2312500 -2812500 -2785046
-2218750 -2737500 -2691588
-2281250 -2737500 -2728971
-2250000 -2737500 -2710280
-2312500 -2662500 -2710280
-2187500 -2437500 -2523364
-2125000 -2212500 -2373831
-2031250 -2212500 -2317757
-2000000 -1987500 -2186915
-1968750 -2100000 -2224299
-2031250 -2062500 -2242990
-1937500 -1837499 -2074766
-1843750 -1724999 -1962616
-1781250 -1612500 -1869158
-1812500 -1574999 -1869158
-1812500 -1687500 -1925233
-1718750 -1612500 -1831775
-1687500 -1574999 -1794392
-1656250 -1462500 -1719626
-1625000 -1425000 -1682242
-1625000 -1612500 -1775700
-1718750 -1462500 -1757009
-1718750 -1574999 -1813084
-1781250 -1349999 -1738317
-1625000 -1349999 -1644859
-1625000 -1425000 -1682242
-1656250 -1462500 -1719626
-1687500 -1500000 -1757009
-1750000 -1500000 -1794392
-1718750 -1425000 -1738317
-1593750 -1275000 -1588785
-1593750 -1349999 -1626168
-1531250 -1462500 -1644859
-1593750 -1462500 -1682242
-1625000 -1574999 -1757009
-1593750 -1500000 -1700934
-1593750 -1462500 -1682242
-1625000 -1387500 -1663551
-1656250 -1425000 -1700934
-1750000 -1612500 -1850467
-1843750 -1574999 -1887850
-1812500 -1574999 -1869158
-1718750 -1500000 -1775700
-1750000 -1537499 -1813084
-1750000 -1612500 -1850467
-1750000 -1612500 -1850467
-1781250 -1687500 -1906542
-1781250 -1612500 -1869158
-1750000 -1462500 -1775700
-1687500 -1537499 -1775700
-1781250 -1649999 -1887850
-1875000 -1800000 -2018691
-1937500 -1800000 -2056074
-1875000 -1649999 -1943925
-1812500 -1574999 -1869158
-1750000 -1612500 -1850467
-1875000 -1612500 -1925233
-1812500 -1649999 -1906542
-1937500 -1762499 -2037383
-1875000 -1687500 -1962616
-1843750 -1649999 -1925233
-1812500 -1687500 -1925233
-1781250 -1724999 -1925233
-1843750 -1762499 -1981308
-2031250 -1837499 -2130841
-1968750 -1687500 -2018691
-1937500 -1649999 -1981308
-1906250 -1724999 -2000000
-1875000 -1837499 -2037383
-1968750 -1950000 -2149532
-2062500 -1950000 -2205607
-2000000 -1875000 -2130841
-2000000 -1724999 -2056074
-1968750 -1800000 -2074766
-2000000 -1837499 -2112149
-2031250 -1875000 -2149532
-2093750 -1875000 -2186915
-2062500 -1800000 -2130841
-2031250 -1762499 -2093457
-1937500 -1837499 -2074766
-1968750 -1800000 -2074766
-1968750 -1912499 -2130841
-2093750 -1912499 -2205607
-2000000 -1875000 -2130841
-1937500 -1875000 -2093457
-1968750 -1875000 -2112149
-1937500 -1950000 -2130841
-2000000 -1950000 -2168224
-2093750 -1875000 -2186915
-2031250 -1837499 -2130841
-2031250 -1724999 -2074766
-1968750 -1762499 -2056074
-1937500 -1800000 -2056074
-2000000 -1800000 -2093457
-2062500 -1875000 -2168224
-2000000 -1800000 -2093457
-2000000 -1800000 -2093457
-1937500 -1950000 -2130841
-2062500 -1912499 -2186915
-2062500 -2025000 -2242990
-2156250 -2025000 -2299065
-2125000 -1912499 -2224299
-2062500 -1912499 -2186915
-2000000 -1800000 -2093457
-1968750 -1837499 -2093457
-2093750 -1800000 -2149532
-2093750 -1800000 -2149532
-2062500 -1837499 -2149532
-1937500 -1762499 -2037383
-1937500 -1762499 -2037383
-1968750 -1837499 -2093457
-2062500 -2025000 -2242990
-2000000 -1950000 -2168224
-1968750 -1875000 -2112149
-1875000 -1875000 -2056074
-1781250 -1912499 -2018691
-1750000 -1875000 -1981308
-1656250 -2025000 -2000000
-1625000 -2025000 -1981308
-1656250 -1875000 -1925233
-1625000 -1724999 -1831775
-1593750 -1762499 -1831775
-1625000 -1800000 -1869158
-1562500 -1762499 -1813084
-1593750 -1762499 -1831775
-1500000 -1724999 -1757009
-1437500 -1687500 -1700934
-1281250 -1612500 -1570093
-1312500 -1762499 -1663551
-1406250 -1687500 -1682242
-1468750 -1649999 -1700934
-1406250 -1537499 -1607476
-1406250 -1537499 -1607476
-1437500 -1537499 -1626168
-1406250 -1537499 -1607476
-1500000 -1574999 -1682242
-1500000 -1687500 -1738317
-1437500 -1574999 -1644859
-1468750 -1462500 -1607476
-1562500 -1500000 -1682242
-1562500 -1612500 -1738317
-1593750 -1762499 -1831775
-1468750 -1724999 -1738317
-1375000 -1687500 -1663551
-1281250 -1687500 -1607476
-1343750 -1837499 -1719626
-1500000 -1875000 -1831775
-1656250 -1950000 -1962616
-1750000 -1987500 -2037383
-1750000 -1724999 -1906542
-1687500 -1762499 -1887850
-1687500 -1800000 -1906542
-1812500 -1875000 -2018691
-2000000 -2100000 -2242990
-2093750 -2025000 -2261682
-2125000 -1987500 -2261682
-2062500 -1912499 -2186915
-2062500 -1987500 -2224299
-2093750 -2062500 -2280373
-2187500 -2100000 -2355140
-2250000 -2174999 -2429906
-2187500 -2062500 -2336448
-2187500 -1987500 -2299065
-2156250 -2025000 -2299065
-2187500 -2025000 -2317757
-2218750 -2100000 -2373831
-2281250 -2100000 -2411214
-2250000 -2025000 -2355140
-2218750 -1987500 -2317757
-2187500 -2100000 -2355140
-2125000 -2137499 -2336448
-2250000 -2212500 -2448598
-2312500 -2212500 -2485981
-2312500 -2100000 -2429906
-2218750 -1987500 -2317757
-2156250 -2100000 -2336448
-2187500 -2249999 -2429906
-2312500 -2437500 -2598130
-2406250 -2662500 -2766355
-2562500 -2699999 -2878504
-2750000 -2662500 -2971962
-2875000 -2887500 -3158878
-3062500 -3000000 -3327102
-3375000 -2662500 -3345794
-3531250 -2025000 -3121495
-3437500 -1275000 -2691588
-3031250 -562499 -2093457
-2281250 -75000 -1401869
-1593750 375000 -766355
-781250 1012500 37383
562500 1912499 1289719
2250000 2699999 2691588
3750000 2925000 3700934
4687500 2062500 3831775
4968750 300000 3121495
4375000 -1687500 1775700
2750000 -3000000 149532
593750 -3074999 -1177570
-1156250 -2699999 -2037383
-2312500 -2587500 -2672897
-2937500 -2550000 -3028037
-3062500 -2587500 -3121495
-2937500 -2587500 -3046728
-2750000 -2475000 -2878504
-2656250 -2287500 -2728971
-2562500 -2362500 -2710280
-2562500 -2362500 -2710280
-2562500 -2437500 -2747663
-2625000 -2512500 -2822429
-2500000 -2475000 -2728971
-2468750 -2324999 -2635514
-2531250 -2362500 -2691588
-2562500 -2400000 -2728971
-2531250 -2400000 -2710280
-2625000 -2400000 -2766355
-2468750 -2400000 -2672897
-2468750 -2324999 -2635514
-2437500 -2437500 -2672897
-2468750 -2475000 -2710280
-2468750 -2587500 -2766355
-2562500 -2550000 -2803738
-2500000 -2400000 -2691588
-2500000 -2324999 -2654205
-2562500 -2324999 -2691588
-2500000 -2400000 -2691588
-2531250 -2437500 -2728971
-2562500 -2437500 -2747663
-2562500 -2362500 -2710280
-2500000 -2324999 -2654205
-2437500 -2324999 -2616822
-2437500 -2362500 -2635514
-2500000 -2475000 -2728971
-2500000 -2400000 -2691588
-2468750 -2362500 -2654205
-2437500 -2174999 -2542056
-2406250 -2287500 -2579439
-2437500 -2287500 -2598130
-2562500 -2400000 -2728971
-2562500 -2400000 -2728971
-2562500 -2437500 -2747663
-2593750 -2400000 -2747663
-2562500 -2362500 -2710280
-2531250 -2400000 -2710280
-2625000 -2437500 -2785046
-2625000 -2475000 -2803738
-2625000 -2362500 -2747663
-2593750 -2324999 -2710280
-2562500 -2362500 -2710280
-2593750 -2475000 -2785046
-2656250 -2550000 -2859813
-2656250 -2512500 -2841121
-2625000 -2362500 -2747663
-2656250 -2287500 -2728971
-2625000 -2400000 -2766355
-2562500 -2437500 -2747663
-2562500 -2400000 -2728971
-2593750 -2437500 -2766355
-2562500 -2475000 -2766355
-2562500 -2400000 -2728971
-2500000 -2324999 -2654205
-2531250 -2437500 -2728971
-2531250 -2437500 -2728971
-2656250 -2475000 -2822429
-2625000 -2437500 -2785046
-2562500 -2475000 -2766355
-2500000 -2475000 -2728971
-2531250 -2512500 -2766355
-2593750 -2512500 -2803738
-2625000 -2587500 -2859813
-2562500 -2512500 -2785046
-2562500 -2550000 -2803738
-2500000 -2587500 -2785046
-2562500 -2624999 -2841121
-2593750 -2699999 -2897196
-2625000 -2850000 -2990654
-2562500 -2737500 -2897196
-2500000 -2699999 -2841121
-2437500 -2775000 -2841121
-2500000 -2850000 -2915887
-2593750 -3037500 -3065420
-2625000 -3187500 -3158878
-2593750 -3149999 -3121495
-2593750 -3037500 -3065420
-2500000 -3074999 -3028037
-2593750 -3187500 -3140186
-2687500 -3299999 -3252336
-2812500 -3337500 -3345794
-2750000 -3299999 -3289719
-2750000 -3225000 -3252336
-2718750 -3225000 -3233644
-2718750 -3299999 -3271028
-2750000 -3375000 -3327102
-2812500 -3487500 -3420560
-2718750 -3299999 -3271028
-2750000 -3262499 -3271028
-2687500 -3337500 -3271028
-2750000 -3487500 -3383177
-2781250 -3375000 -3345794
-2781250 -3337500 -3327102
-2750000 -3149999 -3214953
-2718750 -3000000 -3121495
-2625000 -2887500 -3009345
-2593750 -2850000 -2971962
-2562500 -2850000 -2953271
-2531250 -2812500 -2915887
-2375000 -2737500 -2785046
-2343750 -2587500 -2691588
-2312500 -2550000 -2654205
-2312500 -2550000 -2654205
-2312500 -2437500 -2598130
-2250000 -2287500 -2485981
-2218750 -2100000 -2373831
-2031250 -2062500 -2242990
-1906250 -2174999 -2224299
-1937500 -2287500 -2299065
-2000000 -2324999 -2355140
-2031250 -2287500 -2355140
-2031250 -2174999 -2299065
-1968750 -2100000 -2224299
-1875000 -2100000 -2168224
-1906250 -2025000 -2149532
-2000000 -2174999 -2280373
-2062500 -2137499 -2299065
-2062500 -2174999 -2317757
-1937500 -2062500 -2186915
-1937500 -2174999 -2242990
-1937500 -2212500 -2261682
-1906250 -2174999 -2224299
-1937500 -2249999 -2280373
-2000000 -2100000 -2242990
-1906250 -2025000 -2149532
-1875000 -2100000 -2168224
-1875000 -2137499 -2186915
-1906250 -2249999 -2261682
-2000000 -2174999 -2280373
-2000000 -2137499 -2261682
-1968750 -2062500 -2205607
-1968750 -2137499 -2242990
-1937500 -2249999 -2280373
-2062500 -2287500 -2373831
-2093750 -2324999 -2411214
-2093750 -2212500 -2355140
-2000000 -2212500 -2299065
-1968750 -2174999 -2261682
-1968750 -2212500 -2280373
-2031250 -2287500 -2355140
-2062500 -2324999 -2392523
-2093750 -2287500 -2392523
-2000000 -2212500 -2299065
-1875000 -2212500 -2224299
-1875000 -2249999 -2242990
-2000000 -2249999 -2317757
-2000000 -2324999 -2355140
-2062500 -2400000 -2429906
-2000000 -2249999 -2317757
-2000000 -2437500 -2411214
-2031250 -2437500 -2429906
-2125000 -2437500 -2485981
-2218750 -2512500 -2579439
-2156250 -2475000 -2523364
-2187500 -2324999 -2467289
-2156250 -2400000 -2485981
-2156250 -2437500 -2504672
-2250000 -2512500 -2598130
-2250000 -2550000 -2616822
-2156250 -2437500 -2504672
-2125000 -2362500 -2448598
-2125000 -2475000 -2504672
-2218750 -2475000 -2560747
-2187500 -2512500 -2560747
-2187500 -2550000 -2579439
-2218750 -2512500 -2579439
-2125000 -2362500 -2448598
-2093750 -2475000 -2485981
-2125000 -2587500 -2560747
-2187500 -2550000 -2579439
-2218750 -2550000 -2598130
-2218750 -2475000 -2560747
-2218750 -2437500 -2542056
-2156250 -2475000 -2523364
-2156250 -2550000 -2560747
-2187500 -2624999 -2616822
-2250000 -2662500 -2672897
-2281250 -2512500 -2616822
-2281250 -2400000 -2560747
-2187500 -2437500 -2523364
-2187500 -2475000 -2542056
-2250000 -2475000 -2579439
-2312500 -2662500 -2710280
-2250000 -2550000 -2616822
-2187500 -2400000 -2504672
-2093750 -2512500 -2504672
-2187500 -2512500 -2560747
-2187500 -2475000 -2542056
-2156250 -2624999 -2598130
-2125000 -2512500 -2523364
-2125000 -2512500 -2523364
-2125000 -2550000 -2542056
-2125000 -2550000 -2542056
-2156250 -2624999 -2598130
-2187500 -2587500 -2598130
-2250000 -2437500 -2560747
-2187500 -2400000 -2504672
-2093750 -2437500 -2467289
-2156250 -2587500 -2579439
-2187500 -2624999 -2616822
-2187500 -2624999 -2616822
-2218750 -2587500 -2616822
-2125000 -2475000 -2504672
-2093750 -2362500 -2429906
-2062500 -2475000 -2467289
-2125000 -2550000 -2542056
-2218750 -2587500 -2616822
-2218750 -2550000 -2598130
-2062500 -2400000 -2429906
-1968750 -2475000 -2411214
-1968750 -2550000 -2448598
-1968750 -2624999 -2485981
-2000000 -2512500 -2448598
-1875000 -2437500 -2336448
-1875000 -2324999 -2280373
-1750000 -2287500 -2186915
-1656250 -2400000 -2186915
-1750000 -2362500 -2224299
-1781250 -2400000 -2261682
-1656250 -2324999 -2149532
-1468750 -2174999 -1962616
-1437500 -2212500 -1962616
-1437500 -2287500 -2000000
-1531250 -2287500 -2056074
-1593750 -2324999 -2112149
-1562500 -2212500 -2037383
-1531250 -2100000 -1962616
-1562500 -2100000 -1981308
-1593750 -2137499 -2018691
-1656250 -2174999 -2074766
-1687500 -2212500 -2112149
-1812500 -2174999 -2168224
-1750000 -2137499 -2112149
-1718750 -2212500 -2130841
-1625000 -2249999 -2093457
-1593750 -2362500 -2130841
-1625000 -2362500 -2149532
-1718750 -2287500 -2168224
-1843750 -2212500 -2205607
-1875000 -2287500 -2261682
-1906250 -2324999 -2299065
-2093750 -2587500 -2542056
-2218750 -2512500 -2579439
-2187500 -2550000 -2579439
-2187500 -2512500 -2560747
-2187500 -2475000 -2542056
-2218750 -2475000 -2560747
-2312500 -2587500 -2672897
-2312500 -2587500 -2672897
-2250000 -2550000 -2616822
-2281250 -2512500 -2616822
-2218750 -2475000 -2560747
-2281250 -2512500 -2616822
-2343750 -2512500 -2654205
-2406250 -2475000 -2672897
-2375000 -2437500 -2635514
-2343750 -2324999 -2560747
-2218750 -2437500 -2542056
-2312500 -2437500 -2598130
-2406250 -2475000 -2672897
-2437500 -2512500 -2710280
-2437500 -2512500 -2710280
-2312500 -2362500 -2560747
-2250000 -2400000 -2542056
-2312500 -2475000 -2616822
-2375000 -2437500 -2635514
-2406250 -2512500 -2691588
-2375000 -2437500 -2635514
-2343750 -2475000 -2635514
-2312500 -2624999 -2691588
-2375000 -2812500 -2822429
-2531250 -2962500 -2990654
-2781250 -3187500 -3252336
-2906250 -3187500 -3327102
-3000000 -3225000 -3401869
-3031250 -3187500 -3401869
-3281250 -2737500 -3327102
-3468750 -2025000 -3084112
-3343750 -1237500 -2616822
-2812500 -487500 -1925233
-2031250 112500 -1158878
-1156250 600000 -392523
-156250 1349999 579439
1156250 2212500 1794392
2687500 2925000 3065420
4125000 3037500 3981308
5093750 2362500 4224299
5312500 187500 3271028
4687500 -1950000 1831775
3031250 -3299999 168224
687500 -3487500 -1327102
-1312500 -3112499 -2336448
-2437500 -2812500 -2859813
-2875000 -2699999 -3065420
-3031250 -2624999 -3121495
-2937500 -2624999 -3065420
-2812500 -2624999 -2990654
-2656250 -2512500 -2841121
-2593750 -2437500 -2766355
-2531250 -2437500 -2728971
-2593750 -2550000 -2822429
-2593750 -2475000 -2785046
-2625000 -2512500 -2822429
-2500000 -2437500 -2710280
-2468750 -2437500 -2691588
-2406250 -2512500 -2691588
-2468750 -2437500 -2691588
-2500000 -2624999 -2803738
-2625000 -2550000 -2841121
-2562500 -2550000 -2803738
-2500000 -2324999 -2654205
-2500000 -2400000 -2691588
-2531250 -2437500 -2728971
-2531250 -2587500 -2803738
-2718750 -2550000 -2897196
-2625000 -2475000 -2803738
-2562500 -2362500 -2710280
-2531250 -2324999 -2672897
-2593750 -2400000 -2747663
-2687500 -2512500 -2859813
-2750000 -2512500 -2897196
-2718750 -2437500 -2841121
-2593750 -2362500 -2728971
-2625000 -2437500 -2785046
-2687500 -2475000 -2841121
-2593750 -2437500 -2766355
-2687500 -2475000 -2841121
-2656250 -2362500 -2766355
-2625000 -2400000 -2766355
-2625000 -2324999 -2728971
-2593750 -2400000 -2747663
-2656250 -2512500 -2841121
-2656250 -2475000 -2822429
-2625000 -2362500 -2747663
-2562500 -2362500 -2710280
-2562500 -2362500 -2710280
-2562500 -2400000 -2728971
-2625000 -2475000 -2803738
-2687500 -2475000 -2841121
-2625000 -2362500 -2747663
-2593750 -2324999 -2710280
-2468750 -2287500 -2616822
-2531250 -2400000 -2710280
-2593750 -2512500 -2803738
-2687500 -2512500 -2859813
-2625000 -2587500 -2859813
-2625000 -2437500 -2785046
-2593750 -2475000 -2785046
-2625000 -2475000 -2803738
-2656250 -2512500 -2841121
-2750000 -2512500 -2897196
-2687500 -2475000 -2841121
-2656250 -2437500 -2803738
-2593750 -2475000 -2785046
-2625000 -2512500 -2822429
-2656250 -2662500 -2915887
-2750000 -2662500 -2971962
-2687500 -2624999 -2915887
-2687500 -2475000 -2841121
-2656250 -2550000 -2859813
-2625000 -2699999 -2915887
-2593750 -2737500 -2915887
-2656250 -2737500 -2953271
-2687500 -2775000 -2990654
-2656250 -2624999 -2897196
-2593750 -2662500 -2878504
-2531250 -2775000 -2897196
-2531250 -2850000 -2934579
-2656250 -2925000 -3046728
-2593750 -2887500 -2990654
-2625000 -2850000 -2990654
-2625000 -2925000 -3028037
-2625000 -2962500 -3046728
-2718750 -3149999 -3196261
-2718750 -3225000 -3233644
-2750000 -3149999 -3214953
-2625000 -3074999 -3102803
-2687500 -3187500 -3196261
-2812500 -3225000 -3289719
-2843750 -3375000 -3383177
-2906250 -3449999 -3457943
-2906250 -3337500 -3401869
-2906250 -3412500 -3439252
-2906250 -3375000 -3420560
-2906250 -3375000 -3420560
-2937500 -3524999 -3514018
-3062500 -3487500 -3570093
-3031250 -3449999 -3532710
-2875000 -3299999 -3364485
-2843750 -3337500 -3364485
-2875000 -3262499 -3345794
-2843750 -3149999 -3271028
-2843750 -3000000 -3196261
-2750000 -2850000 -3065420
-2656250 -2737500 -2953271
-2593750 -2737500 -2915887
-2500000 -2662500 -2822429
-2531250 -2550000 -2785046
-2500000 -2587500 -2785046
-2406250 -2400000 -2635514
-2281250 -2249999 -2485981
-2281250 -2174999 -2448598
-2250000 -2100000 -2392523
-2312500 -2212500 -2485981
-2343750 -2137499 -2467289
-2218750 -2025000 -2336448
-2125000 -1950000 -2242990
-2062500 -1912499 -2186915
-2062500 -1875000 -2168224
-2062500 -1875000 -2168224
-2125000 -1912499 -2224299
-2093750 -1837499 -2168224
-2000000 -1837499 -2112149
-1906250 -1762499 -2018691
-1968750 -1837499 -2093457
-2000000 -1800000 -2093457
-2000000 -1875000 -2130841
-2000000 -1800000 -2093457
-1968750 -1724999 -2037383
-1937500 -1762499 -2037383
-1937500 -1800000 -2056074
-1968750 -1950000 -2149532
-2062500 -1875000 -2168224
-2000000 -1800000 -2093457
-2000000 -1724999 -2056074
-1937500 -1762499 -2037383
-2000000 -1762499 -2074766
-2062500 -1987500 -2224299
-2125000 -1987500 -2261682
-2062500 -1912499 -2186915
-2031250 -1837499 -2130841
-2031250 -1837499 -2130841
-2000000 -1875000 -2130841
-2125000 -2025000 -2280373
-2187500 -2025000 -2317757
-2125000 -1912499 -2224299
-2000000 -1875000 -2130841
-1968750 -1912499 -2130841
-2031250 -1912499 -2168224
-2125000 -1950000 -2242990
-2156250 -1912499 -2242990
-2156250 -1912499 -2242990
-2125000 -1875000 -2205607
-2062500 -1912499 -2186915
-2093750 -2025000 -2261682
-2156250 -2062500 -2317757
-2250000 -2100000 -2392523
-2218750 -1875000 -2261682
-2125000 -1875000 -2205607
-2062500 -1912499 -2186915
-2093750 -2025000 -2261682
-2156250 -2062500 -2317757
-2281250 -2062500 -2392523
-2312500 -2025000 -2392523
-2187500 -1950000 -2280373
-2125000 -1950000 -2242990
-2093750 -1987500 -2242990
-2250000 -2100000 -2392523
-2218750 -2100000 -2373831
-2125000 -1987500 -2261682
-2093750 -1912499 -2205607
-2093750 -1950000 -2224299
-2000000 -2100000 -2242990
-2093750 -2062500 -2280373
-2218750 -2100000 -2373831
-2187500 -1987500 -2299065
-2156250 -1912499 -2242990
-2125000 -2025000 -2280373
-2093750 -1987500 -2242990
-2187500 -2137499 -2373831
-2312500 -2137499 -2448598
-2250000 -2025000 -2355140
-2218750 -1950000 -2299065
-2187500 -1987500 -2299065
-2156250 -1950000 -2261682
-2281250 -2100000 -2411214
-2250000 -2025000 -2355140
-2250000 -2062500 -2373831
-2187500 -1987500 -2299065
-2156250 -1912499 -2242990
-2218750 -2062500 -2355140
-2218750 -2100000 -2373831
-2281250 -2062500 -2392523
-2250000 -2025000 -2355140
-2156250 -1950000 -2261682
-2156250 -1987500 -2280373
-2187500 -1950000 -2280373
-2218750 -2025000 -2336448
-2250000 -2100000 -2392523
-2218750 -1950000 -2299065
-2187500 -1912499 -2261682
-2093750 -1950000 -2224299
-2093750 -2025000 -2261682
-2218750 -2025000 -2336448
-2156250 -2062500 -2317757
-2125000 -1987500 -2261682
-2062500 -1875000 -2168224
-2125000 -1875000 -2205607
-2156250 -1950000 -2261682
-2187500 -1987500 -2299065
-2218750 -2062500 -2355140
-2187500 -1987500 -2299065
-2093750 -1912499 -2205607
-2062500 -1875000 -2168224
-2062500 -1987500 -2224299
-2062500 -1950000 -2205607
-2062500 -1987500 -2224299
-1906250 -1875000 -2074766
-1781250 -1762499 -1943925
-1718750 -1950000 -2000000
-1750000 -1950000 -2018691
-1781250 -1875000 -2000000
-1812500 -1875000 -2018691
-1718750 -1800000 -1925233
-1625000 -1649999 -1794392
-1531250 -1612500 -1719626
-1500000 -1724999 -1757009
-1500000 -1800000 -1794392
-1500000 -1687500 -1738317
-1468750 -1649999 -1700934
-1406250 -1462500 -1570093
-1375000 -1500000 -1570093
