-1990000 -1990000 0
-1990000 -1990000 0
-1990000 -1990000 0
-1990000 -1990000 0
-1990000 -1990000 0
-1990000 -1990000 0
-1990000 -1990000 0
-2029999 -2029999 0
-1970000 -1970000 0
-1970000 -1970000 0
-1940000 -1940000 0
-1950000 -1950000 0
-1940000 -1940000 0
-1980000 -1980000 0
-2000000 -2000000 0
-2040000 -2040000 0
-2049999 -2049999 0
-2060000 -2060000 0
-2089999 -2089999 0
-2049999 -2049999 0
-2069999 -2069999 0
-2029999 -2029999 0
-2029999 -2029999 0
-1990000 -1990000 0
-1980000 -1980000 0
-1980000 -1980000 0
-1990000 -1990000 0
-2009999 -2009999 0
-2009999 -2009999 0
-2029999 -2029999 0
-2020000 -2020000 0
-1980000 -1980000 0
-2040000 -2040000 0
-2020000 -2020000 0
-2029999 -2029999 0
-2000000 -2000000 0
-1980000 -1980000 0
-1990000 -1990000 0
-2020000 -2020000 0
-2009999 -2009999 0
-2029999 -2029999 0
-1990000 -1990000 0
-2009999 -2009999 0
-2009999 -2009999 0
-1970000 -1970000 0
-1970000 -1970000 0
-1960000 -1960000 0
-1920000 -1920000 0
-1880000 -1880000 0
-1920000 -1920000 0
-1880000 -1880000 0
-1890000 -1890000 0
-1890000 -1890000 0
-1880000 -1880000 0
-1900000 -1900000 0
-1870000 -1870000 0
-1830000 -1830000 0
-1810000 -1810000 0
-1780000 -1780000 0
-1750000 -1750000 0
-1720000 -1720000 0
-1730000 -1730000 0
-1720000 -1720000 0
-1690000 -1690000 0
-1700000 -1700000 0
-1700000 -1700000 0
-1680000 -1680000 0
-1640000 -1640000 0
-1610000 -1610000 0
-1550000 -1550000 0
-1510000 -1510000 0
-1450000 -1450000 0
-1410000 -1410000 0
-1370000 -1370000 0
-1340000 -1340000 0
-1340000 -1340000 0
-1320000 -1320000 0
-1300000 -1300000 0
-1260000 -1260000 0
-1210000 -1210000 0
-1200000 -1200000 0
-1120000 -1120000 0
-1060000 -1060000 0
-1040000 -1040000 0
-990000 -990000 0
-950000 -950000 0
-940000 -940000 0
-900000 -900000 0
-900000 -900000 0
-890000 -890000 0
-870000 -870000 0
-850000 -850000 0
-830000 -830000 0
-770000 -770000 0
-740000 -740000 0
-730000 -730000 0
-730000 -730000 0
-700000 -700000 0
-740000 -740000 0
-790000 -790000 0
-840000 -840000 0
-890000 -890000 0
-940000 -940000 0
-980000 -980000 0
-1050000 -1050000 0
-1100000 -1100000 0
-1110000 -1110000 0
-1180000 -1180000 0
-1230000 -1230000 0
-1300000 -1300000 0
-1370000 -1370000 0
-1480000 -1480000 0
-1530000 -1530000 0
-1600000 -1600000 0
-1660000 -1660000 0
-1690000 -1690000 0
-1700000 -1700000 0
-1730000 -1730000 0
-1750000 -1750000 0
-1740000 -1740000 0
-1730000 -1730000 0
-1740000 -1740000 0
-1780000 -1780000 0
-1810000 -1810000 0
-1850000 -1850000 0
-1860000 -1860000 0
-1890000 -1890000 0
-1900000 -1900000 0
-1870000 -1870000 0
-1860000 -1860000 0
-1860000 -1860000 0
-1850000 -1850000 0
-1860000 -1860000 0
-1870000 -1870000 0
-1880000 -1880000 0
-1860000 -1860000 0
-1900000 -1900000 0
-1870000 -1870000 0
-1900000 -1900000 0
-1910000 -1910000 0
-1920000 -1920000 0
-1890000 -1890000 0
-1840000 -1840000 0
-1830000 -1830000 0
-1810000 -1810000 0
-1840000 -1840000 0
-1830000 -1830000 0
-1860000 -1860000 0
-1870000 -1870000 0
-1890000 -1890000 0
-1840000 -1840000 0
-1830000 -1830000 0
-1810000 -1810000 0
-1800000 -1800000 0
-1810000 -1810000 0
-1760000 -1760000 0
-1750000 -1750000 0
-1740000 -1740000 0
-1740000 -1740000 0
-1760000 -1760000 0
-1760000 -1760000 0
-1810000 -1810000 0
-1800000 -1800000 0
-1820000 -1820000 0
-1800000 -1800000 0
-1770000 -1770000 0
-1730000 -1730000 0
-1700000 -1700000 0
-1700000 -1700000 0
-1690000 -1690000 0
-1710000 -1710000 0
-1730000 -1730000 0
-1750000 -1750000 0
-1780000 -1780000 0
-1790000 -1790000 0
-1790000 -1790000 0
-1780000 -1780000 0
-1770000 -1770000 0
-1750000 -1750000 0
-1750000 -1750000 0
-1720000 -1720000 0
-1740000 -1740000 0
-1760000 -1760000 0
-1780000 -1780000 0
-1800000 -1800000 0
-1830000 -1830000 0
-1860000 -1860000 0
-1860000 -1860000 0
-1810000 -1810000 0
-1840000 -1840000 0
-1760000 -1760000 0
-1780000 -1780000 0
-1770000 -1770000 0
-1810000 -1810000 0
-1770000 -1770000 0
-1820000 -1820000 0
-1800000 -1800000 0
-1840000 -1840000 0
-1850000 -1850000 0
-1840000 -1840000 0
-1850000 -1850000 0
-1840000 -1840000 0
-1840000 -1840000 0
-1810000 -1810000 0
-1800000 -1800000 0
-1830000 -1830000 0
-1840000 -1840000 0
-1870000 -1870000 0
-1890000 -1890000 0
-1880000 -1880000 0
-1930000 -1930000 0
-1900000 -1900000 0
-1920000 -1920000 0
-1880000 -1880000 0
-1880000 -1880000 0
-1850000 -1850000 0
-1820000 -1820000 0
-1830000 -1830000 0
-1840000 -1840000 0
-1830000 -1830000 0
-1840000 -1840000 0
-1860000 -1860000 0
-1880000 -1880000 0
-1880000 -1880000 0
-1870000 -1870000 0
-1830000 -1830000 0
-1830000 -1830000 0
-1810000 -1810000 0
-1790000 -1790000 0
-1810000 -1810000 0
-1800000 -1800000 0
-1820000 -1820000 0
-1820000 -1820000 0
-1820000 -1820000 0
-1850000 -1850000 0
-1820000 -1820000 0
-1780000 -1780000 0
-1730000 -1730000 0
-1690000 -1690000 0
-1640000 -1640000 0
-1600000 -1600000 0
-1580000 -1580000 0
-1540000 -1540000 0
-1540000 -1540000 0
-1510000 -1510000 0
-1490000 -1490000 0
-1440000 -1440000 0
-1350000 -1350000 0
-1280000 -1280000 0
-1210000 -1210000 0
-1160000 -1160000 0
-1100000 -1100000 0
-1120000 -1120000 0
-1150000 -1150000 0
-1220000 -1220000 0
-1210000 -1210000 0
-1250000 -1250000 0
-1310000 -1310000 0
-1330000 -1330000 0
-1410000 -1410000 0
-1490000 -1490000 0
-1560000 -1560000 0
-1700000 -1700000 0
-1750000 -1750000 0
-1820000 -1820000 0
-1820000 -1820000 0
-1850000 -1850000 0
-1870000 -1870000 0
-1900000 -1900000 0
-1890000 -1890000 0
-1900000 -1900000 0
-1910000 -1910000 0
-1920000 -1920000 0
-1920000 -1920000 0
-1890000 -1890000 0
-1870000 -1870000 0
-1880000 -1880000 0
-1890000 -1890000 0
-1900000 -1900000 0
-1910000 -1910000 0
-1930000 -1930000 0
-1960000 -1960000 0
-1940000 -1940000 0
-1950000 -1950000 0
-1950000 -1950000 0
-1900000 -1900000 0
-1910000 -1910000 0
-1890000 -1890000 0
-1860000 -1860000 0
-1890000 -1890000 0
-1940000 -1940000 0
-1910000 -1910000 0
-1900000 -1900000 0
-1910000 -1910000 0
-1930000 -1930000 0
-1950000 -1950000 0
-1980000 -1980000 0
-2009999 -2009999 0
-2000000 -2000000 0
-1940000 -1940000 0
-1780000 -1780000 0
-1510000 -1510000 0
-1140000 -1140000 0
-670000 -670000 0
-80000 -80000 0
640000 640000 0
1330000 1330000 0
1890000 1890000 0
2230000 2230000 0
2410000 2410000 0
2350000 2350000 0
2080000 2080000 0
1640000 1640000 0
900000 900000 0
-60000 -60000 0
-1070000 -1070000 0
-1810000 -1810000 0
-2170000 -2170000 0
-2140000 -2140000 0
-1930000 -1930000 0
-1660000 -1660000 0
-1470000 -1470000 0
-1380000 -1380000 0
-1420000 -1420000 0
-1510000 -1510000 0
-1650000 -1650000 0
-1760000 -1760000 0
-1840000 -1840000 0
-1910000 -1910000 0
-1910000 -1910000 0
-1930000 -1930000 0
-1910000 -1910000 0
-1880000 -1880000 0
-1870000 -1870000 0
-1890000 -1890000 0
-1860000 -1860000 0
-1920000 -1920000 0
-1890000 -1890000 0
-1930000 -1930000 0
-1940000 -1940000 0
-1940000 -1940000 0
-1960000 -1960000 0
-1960000 -1960000 0
-1970000 -1970000 0
-1960000 -1960000 0
-1960000 -1960000 0
-1940000 -1940000 0
-1930000 -1930000 0
-1950000 -1950000 0
-1940000 -1940000 0
-1960000 -1960000 0
-1950000 -1950000 0
-1970000 -1970000 0
-2000000 -2000000 0
-2029999 -2029999 0
-1980000 -1980000 0
-1940000 -1940000 0
-1940000 -1940000 0
-1920000 -1920000 0
-1920000 -1920000 0
-1880000 -1880000 0
-1900000 -1900000 0
-1900000 -1900000 0
-1950000 -1950000 0
-1940000 -1940000 0
-1930000 -1930000 0
-1900000 -1900000 0
-1920000 -1920000 0
-1910000 -1910000 0
-1860000 -1860000 0
-1870000 -1870000 0
-1830000 -1830000 0
-1810000 -1810000 0
-1810000 -1810000 0
-1800000 -1800000 0
-1820000 -1820000 0
-1820000 -1820000 0
-1840000 -1840000 0
-1800000 -1800000 0
-1790000 -1790000 0
-1770000 -1770000 0
-1770000 -1770000 0
-1730000 -1730000 0
-1670000 -1670000 0
-1650000 -1650000 0
-1640000 -1640000 0
-1620000 -1620000 0
-1630000 -1630000 0
-1610000 -1610000 0
-1620000 -1620000 0
-1600000 -1600000 0
-1560000 -1560000 0
-1550000 -1550000 0
-1490000 -1490000 0
-1450000 -1450000 0
-1370000 -1370000 0
-1330000 -1330000 0
-1300000 -1300000 0
-1300000 -1300000 0
-1300000 -1300000 0
-1300000 -1300000 0
-1220000 -1220000 0
-1180000 -1180000 0
-1110000 -1110000 0
-1070000 -1070000 0
-1000000 -1000000 0
-970000 -970000 0
-910000 -910000 0
-860000 -860000 0
-810000 -810000 0
-810000 -810000 0
-790000 -790000 0
-790000 -790000 0
-770000 -770000 0
-750000 -750000 0
-740000 -740000 0
-720000 -720000 0
-680000 -680000 0
-670000 -670000 0
-610000 -610000 0
-620000 -620000 0
-690000 -690000 0
-730000 -730000 0
-760000 -760000 0
-810000 -810000 0
-850000 -850000 0
-910000 -910000 0
-970000 -970000 0
-1030000 -1030000 0
-1070000 -1070000 0
-1090000 -1090000 0
-1160000 -1160000 0
-1170000 -1170000 0
-1250000 -1250000 0
-1290000 -1290000 0
-1370000 -1370000 0
-1440000 -1440000 0
-1470000 -1470000 0
-1530000 -1530000 0
-1570000 -1570000 0
-1600000 -1600000 0
-1610000 -1610000 0
-1610000 -1610000 0
-1610000 -1610000 0
-1660000 -1660000 0
-1650000 -1650000 0
-1680000 -1680000 0
-1740000 -1740000 0
-1750000 -1750000 0
-1780000 -1780000 0
-1790000 -1790000 0
-1780000 -1780000 0
-1820000 -1820000 0
-1800000 -1800000 0
-1800000 -1800000 0
-1810000 -1810000 0
-1780000 -1780000 0
-1820000 -1820000 0
-1800000 -1800000 0
-1820000 -1820000 0
-1830000 -1830000 0
-1830000 -1830000 0
-1860000 -1860000 0
-1850000 -1850000 0
-1820000 -1820000 0
-1790000 -1790000 0
-1780000 -1780000 0
-1740000 -1740000 0
-1730000 -1730000 0
-1740000 -1740000 0
-1750000 -1750000 0
-1770000 -1770000 0
-1780000 -1780000 0
-1780000 -1780000 0
-1740000 -1740000 0
-1710000 -1710000 0
-1730000 -1730000 0
-1700000 -1700000 0
-1710000 -1710000 0
-1710000 -1710000 0
-1700000 -1700000 0
-1710000 -1710000 0
-1700000 -1700000 0
-1720000 -1720000 0
-1700000 -1700000 0
-1660000 -1660000 0
-1540000 -1540000 0
-1370000 -1370000 0
-1100000 -1100000 0
-820000 -820000 0
-490000 -490000 0
-200000 -200000 0
150000 150000 0
470000 470000 0
890000 890000 0
1260000 1260000 0
1670000 1670000 0
2120000 2120000 0
2520000 2520000 0
2880000 2880000 0
3220000 3220000 0
3470000 3470000 0
3650000 3650000 0
3770000 3770000 0
3820000 3820000 0
3810000 3810000 0
3750000 3750000 0
3650000 3650000 0
3520000 3520000 0
3350000 3350000 0
3150000 3150000 0
3060000 3060000 0
3020000 3020000 0
3100000 3100000 0
3120000 3120000 0
3080000 3080000 0
3070000 3070000 0
2890000 2890000 0
2670000 2670000 0
2400000 2400000 0
2130000 2130000 0
1780000 1780000 0
1420000 1420000 0
960000 960000 0
360000 360000 0
-350000 -350000 0
-1040000 -1040000 0
-1620000 -1620000 0
-1950000 -1950000 0
-2089999 -2089999 0
-2130000 -2130000 0
-2100000 -2100000 0
-2100000 -2100000 0
-2130000 -2130000 0
-2220000 -2220000 0
-2310000 -2310000 0
-2440000 -2440000 0
-2490000 -2490000 0
-2540000 -2540000 0
-2540000 -2540000 0
-2560000 -2560000 0
-2600000 -2600000 0
-2640000 -2640000 0
-2660000 -2660000 0
-2730000 -2730000 0
-2740000 -2740000 0
-2780000 -2780000 0
-2830000 -2830000 0
-2810000 -2810000 0
-2850000 -2850000 0
-2850000 -2850000 0
-2890000 -2890000 0
-2870000 -2870000 0
-2890000 -2890000 0
-2960000 -2960000 0
-2980000 -2980000 0
-3010000 -3010000 0
-3080000 -3080000 0
-3070000 -3070000 0
-3110000 -3110000 0
-3090000 -3090000 0
-3130000 -3130000 0
-3130000 -3130000 0
-3140000 -3140000 0
-3140000 -3140000 0
-3150000 -3150000 0
-3170000 -3170000 0
-3170000 -3170000 0
-3180000 -3180000 0
-3200000 -3200000 0
-3230000 -3230000 0
-3240000 -3240000 0
-3260000 -3260000 0
-3260000 -3260000 0
-3290000 -3290000 0
-3230000 -3230000 0
-3220000 -3220000 0
-3240000 -3240000 0
-3230000 -3230000 0
-3220000 -3220000 0
-3210000 -3210000 0
-3260000 -3260000 0
-3280000 -3280000 0
-3350000 -3350000 0
-3400000 -3400000 0
-3450000 -3450000 0
-3490000 -3490000 0
-3510000 -3510000 0
-3560000 -3560000 0
-3630000 -3630000 0
-3770000 -3770000 0
-3840000 -3840000 0
-3970000 -3970000 0
-4110000 -4110000 0
-4240000 -4240000 0
-4360000 -4360000 0
-4450000 -4450000 0
-4500000 -4500000 0
-4540000 -4540000 0
-4590000 -4590000 0
-4600000 -4600000 0
-4610000 -4610000 0
-4620000 -4620000 0
-4630000 -4630000 0
-4610000 -4610000 0
-4590000 -4590000 0
-4570000 -4570000 0
-4570000 -4570000 0
-4500000 -4500000 0
-4440000 -4440000 0
-4360000 -4360000 0
-4290000 -4290000 0
-4250000 -4250000 0
-4190000 -4190000 0
-4099999 -4099999 0
-4030000 -4030000 0
-3990000 -3990000 0
-3880000 -3880000 0
-3760000 -3760000 0
-3650000 -3650000 0
-3540000 -3540000 0
-3400000 -3400000 0
-3260000 -3260000 0
-3150000 -3150000 0
-3030000 -3030000 0
-2970000 -2970000 0
-2900000 -2900000 0
-2840000 -2840000 0
-2800000 -2800000 0
-2740000 -2740000 0
-2660000 -2660000 0
-2620000 -2620000 0
-2570000 -2570000 0
-2510000 -2510000 0
-2460000 -2460000 0
-2460000 -2460000 0
-2390000 -2390000 0
-2390000 -2390000 0
-2390000 -2390000 0
-2420000 -2420000 0
-2440000 -2440000 0
-2470000 -2470000 0
-2460000 -2460000 0
-2440000 -2440000 0
-2450000 -2450000 0
-2430000 -2430000 0
-2420000 -2420000 0
-2350000 -2350000 0
-2360000 -2360000 0
-2370000 -2370000 0
-2420000 -2420000 0
-2380000 -2380000 0
-2400000 -2400000 0
-2410000 -2410000 0
-2420000 -2420000 0
-2420000 -2420000 0
-2420000 -2420000 0
-2410000 -2410000 0
-2370000 -2370000 0
-2390000 -2390000 0
-2320000 -2320000 0
-2350000 -2350000 0
-2330000 -2330000 0
-2340000 -2340000 0
-2340000 -2340000 0
-2350000 -2350000 0
-2350000 -2350000 0
-2330000 -2330000 0
-2350000 -2350000 0
-2310000 -2310000 0
-2290000 -2290000 0
-2320000 -2320000 0
-2300000 -2300000 0
-2280000 -2280000 0
-2310000 -2310000 0
-2310000 -2310000 0
-2300000 -2300000 0
-2280000 -2280000 0
-2290000 -2290000 0
-2310000 -2310000 0
-2320000 -2320000 0
-2270000 -2270000 0
-2270000 -2270000 0
-2240000 -2240000 0
-2250000 -2250000 0
-2260000 -2260000 0
-2250000 -2250000 0
-2260000 -2260000 0
-2270000 -2270000 0
-2290000 -2290000 0
-2300000 -2300000 0
-2290000 -2290000 0
-2270000 -2270000 0
-2250000 -2250000 0
-2240000 -2240000 0
-2200000 -2200000 0
-2190000 -2190000 0
-2200000 -2200000 0
-2200000 -2200000 0
-2220000 -2220000 0
-2240000 -2240000 0
-2270000 -2270000 0
-2270000 -2270000 0
-2270000 -2270000 0
-2250000 -2250000 0
-2250000 -2250000 0
-2190000 -2190000 0
-2220000 -2220000 0
-2190000 -2190000 0
-2240000 -2240000 0
-2280000 -2280000 0
-2230000 -2230000 0
-2260000 -2260000 0
-2200000 -2200000 0
-2240000 -2240000 0
-2260000 -2260000 0
-2260000 -2260000 0
-2240000 -2240000 0
-2220000 -2220000 0
-2200000 -2200000 0
-2180000 -2180000 0
-2200000 -2200000 0
-2190000 -2190000 0
-2190000 -2190000 0
-2200000 -2200000 0
-2250000 -2250000 0
-2240000 -2240000 0
-2260000 -2260000 0
-2230000 -2230000 0
-2210000 -2210000 0
-2200000 -2200000 0
-2170000 -2170000 0
-2150000 -2150000 0
-2170000 -2170000 0
-2180000 -2180000 0
-2170000 -2170000 0
-2180000 -2180000 0
-2200000 -2200000 0
-2180000 -2180000 0
-2190000 -2190000 0
-2200000 -2200000 0
-2160000 -2160000 0
-2160000 -2160000 0
-2170000 -2170000 0
-2140000 -2140000 0
-2160000 -2160000 0
-2170000 -2170000 0
-2150000 -2150000 0
-2140000 -2140000 0
-2160000 -2160000 0
-2180000 -2180000 0
-2170000 -2170000 0
-2160000 -2160000 0
-2150000 -2150000 0
-2140000 -2140000 0
-2130000 -2130000 0
-2110000 -2110000 0
-2100000 -2100000 0
-2100000 -2100000 0
-2120000 -2120000 0
-2130000 -2130000 0
-2150000 -2150000 0
-2170000 -2170000 0
-2170000 -2170000 0
-2150000 -2150000 0
-2160000 -2160000 0
-2150000 -2150000 0
-2150000 -2150000 0
-2120000 -2120000 0
-2120000 -2120000 0
-2100000 -2100000 0
-2110000 -2110000 0
-2120000 -2120000 0
-2140000 -2140000 0
-2150000 -2150000 0
-2130000 -2130000 0
-2140000 -2140000 0
-2140000 -2140000 0
-2110000 -2110000 0
-2100000 -2100000 0
-2100000 -2100000 0
-2089999 -2089999 0
-2110000 -2110000 0
-2110000 -2110000 0
-2120000 -2120000 0
-2120000 -2120000 0
-2130000 -2130000 0
-2140000 -2140000 0
-2140000 -2140000 0
-2150000 -2150000 0
-2130000 -2130000 0
-2100000 -2100000 0
-2080000 -2080000 0
-2080000 -2080000 0
-2089999 -2089999 0
-2100000 -2100000 0
-2110000 -2110000 0
-2140000 -2140000 0
-2120000 -2120000 0
-2160000 -2160000 0
-2160000 -2160000 0
-2140000 -2140000 0
-2130000 -2130000 0
-2110000 -2110000 0
-2069999 -2069999 0
-2080000 -2080000 0
-2089999 -2089999 0
-2069999 -2069999 0
-2100000 -2100000 0
-2110000 -2110000 0
-2120000 -2120000 0
-2110000 -2110000 0
-2130000 -2130000 0
-2100000 -2100000 0
-2130000 -2130000 0
-2110000 -2110000 0
-2069999 -2069999 0
-2089999 -2089999 0
-2089999 -2089999 0
-2069999 -2069999 0
-2080000 -2080000 0
-2080000 -2080000 0
-2089999 -2089999 0
-2089999 -2089999 0
-2080000 -2080000 0
-2089999 -2089999 0
-2049999 -2049999 0
-2020000 -2020000 0
-2009999 -2009999 0
-2040000 -2040000 0
-2029999 -2029999 0
-2049999 -2049999 0
-2060000 -2060000 0
-2100000 -2100000 0
-2110000 -2110000 0
-2130000 -2130000 0
-2089999 -2089999 0
-2040000 -2040000 0
-2069999 -2069999 0
-2049999 -2049999 0
-2029999 -2029999 0
-2060000 -2060000 0
-2009999 -2009999 0
-2040000 -2040000 0
-2049999 -2049999 0
-2060000 -2060000 0
-2060000 -2060000 0
-2080000 -2080000 0
-2069999 -2069999 0
-2069999 -2069999 0
-2029999 -2029999 0
-2060000 -2060000 0
-2000000 -2000000 0
-1990000 -1990000 0
-1990000 -1990000 0
-2009999 -2009999 0
-2020000 -2020000 0
-2069999 -2069999 0
-2080000 -2080000 0
-2089999 -2089999 0
-2069999 -2069999 0
-2060000 -2060000 0
-2020000 -2020000 0
-2029999 -2029999 0
-2000000 -2000000 0
-2000000 -2000000 0
-2009999 -2009999 0
-2020000 -2020000 0
-2040000 -2040000 0
-2040000 -2040000 0
-2069999 -2069999 0
-2100000 -2100000 0
-2089999 -2089999 0
-2100000 -2100000 0
-2089999 -2089999 0
-2060000 -2060000 0
-2020000 -2020000 0
-2000000 -2000000 0
-2020000 -2020000 0
-2020000 -2020000 0
-2029999 -2029999 0
-2049999 -2049999 0
-2089999 -2089999 0
-2089999 -2089999 0
-2080000 -2080000 0
-2040000 -2040000 0
-2029999 -2029999 0
-2029999 -2029999 0
-2020000 -2020000 0
-2020000 -2020000 0
-2000000 -2000000 0
-1990000 -1990000 0
-2020000 -2020000 0
-2029999 -2029999 0
-2040000 -2040000 0
-2049999 -2049999 0
-2040000 -2040000 0
-2029999 -2029999 0
-2020000 -2020000 0
-1970000 -1970000 0
-1960000 -1960000 0
-1970000 -1970000 0
-1980000 -1980000 0
-1990000 -1990000 0
-2029999 -2029999 0
-2029999 -2029999 0
-2040000 -2040000 0
-2020000 -2020000 0
-2029999 -2029999 0
-1980000 -1980000 0
-1970000 -1970000 0
-1940000 -1940000 0
-1900000 -1900000 0
-1860000 -1860000 0
-1860000 -1860000 0
-1830000 -1830000 0
-1810000 -1810000 0
-1790000 -1790000 0
-1750000 -1750000 0
-1720000 -1720000 0
-1730000 -1730000 0
-1660000 -1660000 0
-1610000 -1610000 0
-1560000 -1560000 0
-1480000 -1480000 0
-1400000 -1400000 0
-1330000 -1330000 0
-1260000 -1260000 0
-1250000 -1250000 0
-1310000 -1310000 0
-1350000 -1350000 0
-1410000 -1410000 0
-1400000 -1400000 0
-1370000 -1370000 0
-1380000 -1380000 0
-1410000 -1410000 0
-1440000 -1440000 0
-1540000 -1540000 0
-1640000 -1640000 0
-1770000 -1770000 0
-1910000 -1910000 0
-1990000 -1990000 0
-2040000 -2040000 0
-2029999 -2029999 0
-2040000 -2040000 0
-2040000 -2040000 0
-2029999 -2029999 0
-1970000 -1970000 0
-1960000 -1960000 0
-2000000 -2000000 0
-1990000 -1990000 0
-2040000 -2040000 0
-2069999 -2069999 0
-2060000 -2060000 0
-2069999 -2069999 0
-2060000 -2060000 0
-2060000 -2060000 0
-2069999 -2069999 0
-2020000 -2020000 0
-2000000 -2000000 0
-1980000 -1980000 0
-1990000 -1990000 0
-1990000 -1990000 0
-2029999 -2029999 0
-2049999 -2049999 0
-2120000 -2120000 0
-2180000 -2180000 0
-2160000 -2160000 0
-2089999 -2089999 0
-1930000 -1930000 0
-1600000 -1600000 0
-1150000 -1150000 0
-540000 -540000 0
170000 170000 0
910000 910000 0
1560000 1560000 0
2060000 2060000 0
2290000 2290000 0
2280000 2280000 0
1980000 1980000 0
1370000 1370000 0
480000 480000 0
-600000 -600000 0
-1510000 -1510000 0
-2080000 -2080000 0
-2230000 -2230000 0
-2069999 -2069999 0
-1840000 -1840000 0
-1630000 -1630000 0
-1540000 -1540000 0
-1580000 -1580000 0
-1740000 -1740000 0
-1830000 -1830000 0
-1960000 -1960000 0
-2000000 -2000000 0
-2009999 -2009999 0
-2009999 -2009999 0
-2009999 -2009999 0
-2029999 -2029999 0
-2040000 -2040000 0
-2080000 -2080000 0
-2060000 -2060000 0
-2080000 -2080000 0
-2120000 -2120000 0
-2089999 -2089999 0
-2110000 -2110000 0
-2089999 -2089999 0
-2100000 -2100000 0
-2089999 -2089999 0
-2060000 -2060000 0
-2049999 -2049999 0
-2089999 -2089999 0
-2110000 -2110000 0
-2130000 -2130000 0
-2140000 -2140000 0
-2120000 -2120000 0
-2110000 -2110000 0
-2110000 -2110000 0
-2100000 -2100000 0
-2089999 -2089999 0
-2049999 -2049999 0
-2089999 -2089999 0
-2130000 -2130000 0
-2130000 -2130000 0
-2120000 -2120000 0
-2140000 -2140000 0
-2160000 -2160000 0
-2140000 -2140000 0
-2120000 -2120000 0
-2120000 -2120000 0
-2110000 -2110000 0
-2069999 -2069999 0
-2049999 -2049999 0
-2060000 -2060000 0
-2049999 -2049999 0
-2080000 -2080000 0
-2069999 -2069999 0
-2089999 -2089999 0
-2080000 -2080000 0
-2049999 -2049999 0
-2049999 -2049999 0
-2009999 -2009999 0
-2020000 -2020000 0
-1990000 -1990000 0
-1980000 -1980000 0
-1970000 -1970000 0
-1950000 -1950000 0
-1970000 -1970000 0
-1970000 -1970000 0
-1970000 -1970000 0
-1980000 -1980000 0
-1940000 -1940000 0
-1920000 -1920000 0
-1900000 -1900000 0
-1830000 -1830000 0
-1820000 -1820000 0
-1820000 -1820000 0
-1770000 -1770000 0
-1770000 -1770000 0
-1770000 -1770000 0
-1750000 -1750000 0
-1730000 -1730000 0
-1720000 -1720000 0
-1700000 -1700000 0
-1670000 -1670000 0
-1590000 -1590000 0
-1570000 -1570000 0
-1530000 -1530000 0
-1490000 -1490000 0
-1440000 -1440000 0
-1420000 -1420000 0
-1390000 -1390000 0
-1380000 -1380000 0
-1350000 -1350000 0
-1320000 -1320000 0
-1300000 -1300000 0
-1240000 -1240000 0
-1240000 -1240000 0
-1150000 -1150000 0
-1090000 -1090000 0
-1090000 -1090000 0
-1070000 -1070000 0
-1040000 -1040000 0
-1030000 -1030000 0
-1020000 -1020000 0
-1010000 -1010000 0
-990000 -990000 0
-970000 -970000 0
-940000 -940000 0
-920000 -920000 0
-910000 -910000 0
-900000 -900000 0
-920000 -920000 0
-960000 -960000 0
-1000000 -1000000 0
-1050000 -1050000 0
-1100000 -1100000 0
-1140000 -1140000 0
-1190000 -1190000 0
-1230000 -1230000 0
-1260000 -1260000 0
-1300000 -1300000 0
-1350000 -1350000 0
-1390000 -1390000 0
-1400000 -1400000 0
-1480000 -1480000 0
-1530000 -1530000 0
-1560000 -1560000 0
-1620000 -1620000 0
-1620000 -1620000 0
-1670000 -1670000 0
-1680000 -1680000 0
-1700000 -1700000 0
-1700000 -1700000 0
-1680000 -1680000 0
-1670000 -1670000 0
-1680000 -1680000 0
-1700000 -1700000 0
-1710000 -1710000 0
-1750000 -1750000 0
-1790000 -1790000 0
-1820000 -1820000 0
-1830000 -1830000 0
-1830000 -1830000 0
-1810000 -1810000 0
-1780000 -1780000 0
-1740000 -1740000 0
-1760000 -1760000 0
-1760000 -1760000 0
-1750000 -1750000 0
-1770000 -1770000 0
-1780000 -1780000 0
-1760000 -1760000 0
-1790000 -1790000 0
-1800000 -1800000 0
-1790000 -1790000 0
-1770000 -1770000 0
-1740000 -1740000 0
-1720000 -1720000 0
-1700000 -1700000 0
-1680000 -1680000 0
-1700000 -1700000 0
-1730000 -1730000 0
-1700000 -1700000 0
-1720000 -1720000 0
-1710000 -1710000 0
-1720000 -1720000 0
-1720000 -1720000 0
-1740000 -1740000 0
-1700000 -1700000 0
-1710000 -1710000 0
-1690000 -1690000 0
-1680000 -1680000 0
-1730000 -1730000 0
-1720000 -1720000 0
-1710000 -1710000 0
-1700000 -1700000 0
-1710000 -1710000 0
-1750000 -1750000 0
-1750000 -1750000 0
-1750000 -1750000 0
-1720000 -1720000 0
-1690000 -1690000 0
-1680000 -1680000 0
-1670000 -1670000 0
-1710000 -1710000 0
-1730000 -1730000 0
-1750000 -1750000 0
-1780000 -1780000 0
-1800000 -1800000 0
-1780000 -1780000 0
-1790000 -1790000 0
-1780000 -1780000 0
-1800000 -1800000 0
-1790000 -1790000 0
-1760000 -1760000 0
-1720000 -1720000 0
-1770000 -1770000 0
-1770000 -1770000 0
-1800000 -1800000 0
-1810000 -1810000 0
-1840000 -1840000 0
-1850000 -1850000 0
-1850000 -1850000 0
-1820000 -1820000 0
-1850000 -1850000 0
-1860000 -1860000 0
-1840000 -1840000 0
-1860000 -1860000 0
-1820000 -1820000 0
-1860000 -1860000 0
-1840000 -1840000 0
-1890000 -1890000 0
-1910000 -1910000 0
-1890000 -1890000 0
-1910000 -1910000 0
-1900000 -1900000 0
-1900000 -1900000 0
-1880000 -1880000 0
-1840000 -1840000 0
-1830000 -1830000 0
-1850000 -1850000 0
-1880000 -1880000 0
-1890000 -1890000 0
-1910000 -1910000 0
-1920000 -1920000 0
-1900000 -1900000 0
-1910000 -1910000 0
-1910000 -1910000 0
-1890000 -1890000 0
-1910000 -1910000 0
-1900000 -1900000 0
-1880000 -1880000 0
-1870000 -1870000 0
-1880000 -1880000 0
-1900000 -1900000 0
-1920000 -1920000 0
-1920000 -1920000 0
-1930000 -1930000 0
-1920000 -1920000 0
-1930000 -1930000 0
-1890000 -1890000 0
-1830000 -1830000 0
-1860000 -1860000 0
-1870000 -1870000 0
-1890000 -1890000 0
-1860000 -1860000 0
-1910000 -1910000 0
-1890000 -1890000 0
-1890000 -1890000 0
-1910000 -1910000 0
-1870000 -1870000 0
-1900000 -1900000 0
-1890000 -1890000 0
-1870000 -1870000 0
-1850000 -1850000 0
-1840000 -1840000 0
-1840000 -1840000 0
-1820000 -1820000 0
-1830000 -1830000 0
-1840000 -1840000 0
-1830000 -1830000 0
-1810000 -1810000 0
-1780000 -1780000 0
-1700000 -1700000 0
-1660000 -1660000 0
-1620000 -1620000 0
-1580000 -1580000 0
-1540000 -1540000 0
-1530000 -1530000 0
-1520000 -1520000 0
-1470000 -1470000 0
-1450000 -1450000 0
-1420000 -1420000 0
-1340000 -1340000 0
-1270000 -1270000 0
-1200000 -1200000 0
-1170000 -1170000 0
-1160000 -1160000 0
-1180000 -1180000 0
-1190000 -1190000 0
-1220000 -1220000 0
-1230000 -1230000 0
-1230000 -1230000 0
-1240000 -1240000 0
-1300000 -1300000 0
-1370000 -1370000 0
-1460000 -1460000 0
-1530000 -1530000 0
-1630000 -1630000 0
-1730000 -1730000 0
-1790000 -1790000 0
-1840000 -1840000 0
-1880000 -1880000 0
-1890000 -1890000 0
-1920000 -1920000 0
-1920000 -1920000 0
-1930000 -1930000 0
-1940000 -1940000 0
-1950000 -1950000 0
-1930000 -1930000 0
-1920000 -1920000 0
-1900000 -1900000 0
-1920000 -1920000 0
-1920000 -1920000 0
-1920000 -1920000 0
-1920000 -1920000 0
-1930000 -1930000 0
-1940000 -1940000 0
-1940000 -1940000 0
-1960000 -1960000 0
-1940000 -1940000 0
-1940000 -1940000 0
-1940000 -1940000 0
-1900000 -1900000 0
-1860000 -1860000 0
-1890000 -1890000 0
-1850000 -1850000 0
-1860000 -1860000 0
-1890000 -1890000 0
-1890000 -1890000 0
-1960000 -1960000 0
-2040000 -2040000 0
-2080000 -2080000 0
-2029999 -2029999 0
-1920000 -1920000 0
-1720000 -1720000 0
-1390000 -1390000 0
-960000 -960000 0
-450000 -450000 0
180000 180000 0
790000 790000 0
1430000 1430000 0
1910000 1910000 0
2230000 2230000 0
2340000 2340000 0
2330000 2330000 0
2190000 2190000 0
1850000 1850000 0
1280000 1280000 0
460000 460000 0
-530000 -530000 0
-1410000 -1410000 0
-2020000 -2020000 0
-2170000 -2170000 0
-2100000 -2100000 0
-1800000 -1800000 0
-1540000 -1540000 0
-1420000 -1420000 0
-1400000 -1400000 0
-1440000 -1440000 0
-1540000 -1540000 0
-1690000 -1690000 0
-1810000 -1810000 0
-1830000 -1830000 0
-1850000 -1850000 0
-1870000 -1870000 0
-1890000 -1890000 0
-1890000 -1890000 0
-1880000 -1880000 0
-1880000 -1880000 0
-1870000 -1870000 0
-1870000 -1870000 0
-1850000 -1850000 0
-1870000 -1870000 0
-1890000 -1890000 0
-1900000 -1900000 0
-1910000 -1910000 0
-1930000 -1930000 0
-1950000 -1950000 0
-2000000 -2000000 0
-1970000 -1970000 0
-1960000 -1960000 0
-1970000 -1970000 0
-1940000 -1940000 0
-1930000 -1930000 0
-1930000 -1930000 0
-1950000 -1950000 0
-1960000 -1960000 0
-1940000 -1940000 0
-1940000 -1940000 0
-1960000 -1960000 0
-1980000 -1980000 0
-1930000 -1930000 0
-1940000 -1940000 0
-1920000 -1920000 0
-1890000 -1890000 0
-1880000 -1880000 0
-1880000 -1880000 0
-1890000 -1890000 0
-1890000 -1890000 0
-1900000 -1900000 0
-1920000 -1920000 0
-1920000 -1920000 0
-1920000 -1920000 0
-1900000 -1900000 0
-1890000 -1890000 0
-1890000 -1890000 0
-1860000 -1860000 0
-1820000 -1820000 0
-1820000 -1820000 0
-1820000 -1820000 0
-1850000 -1850000 0
-1820000 -1820000 0
-1840000 -1840000 0
-1870000 -1870000 0
-1840000 -1840000 0
-1830000 -1830000 0
-1810000 -1810000 0
-1760000 -1760000 0
-1740000 -1740000 0
-1720000 -1720000 0
-1700000 -1700000 0
-1730000 -1730000 0
-1710000 -1710000 0
-1670000 -1670000 0
-1680000 -1680000 0
-1650000 -1650000 0
-1620000 -1620000 0
-1630000 -1630000 0
-1560000 -1560000 0
-1570000 -1570000 0
-1510000 -1510000 0
-1470000 -1470000 0
-1420000 -1420000 0
-1420000 -1420000 0
-1410000 -1410000 0
-1350000 -1350000 0
-1340000 -1340000 0
-1300000 -1300000 0
-1290000 -1290000 0
-1250000 -1250000 0
-1210000 -1210000 0
-1180000 -1180000 0
-1130000 -1130000 0
-1070000 -1070000 0
-1020000 -1020000 0
-1000000 -1000000 0
-970000 -970000 0
-970000 -970000 0
-950000 -950000 0
-940000 -940000 0
-950000 -950000 0
-880000 -880000 0
-850000 -850000 0
-800000 -800000 0
-780000 -780000 0
-730000 -730000 0
-730000 -730000 0
-710000 -710000 0
-700000 -700000 0
-700000 -700000 0
-720000 -720000 0
-740000 -740000 0
-780000 -780000 0
-790000 -790000 0
-820000 -820000 0
-850000 -850000 0
-880000 -880000 0
-900000 -900000 0
-980000 -980000 0
-1020000 -1020000 0
-1100000 -1100000 0
-1190000 -1190000 0
-1240000 -1240000 0
-1310000 -1310000 0
-1360000 -1360000 0
-1400000 -1400000 0
-1430000 -1430000 0
-1490000 -1490000 0
-1490000 -1490000 0
-1530000 -1530000 0
-1550000 -1550000 0
-1580000 -1580000 0
-1600000 -1600000 0
-1660000 -1660000 0
-1680000 -1680000 0
-1700000 -1700000 0
-1740000 -1740000 0
-1760000 -1760000 0
-1780000 -1780000 0
-1790000 -1790000 0
-1780000 -1780000 0
-1740000 -1740000 0
-1750000 -1750000 0
-1780000 -1780000 0
-1770000 -1770000 0
-1770000 -1770000 0
-1820000 -1820000 0
-1840000 -1840000 0
-1830000 -1830000 0
-1850000 -1850000 0
-1840000 -1840000 0
-1820000 -1820000 0
-1820000 -1820000 0
-1800000 -1800000 0
-1800000 -1800000 0
-1800000 -1800000 0
-1830000 -1830000 0
-1840000 -1840000 0
-1850000 -1850000 0
-1860000 -1860000 0
-1850000 -1850000 0
-1850000 -1850000 0
-1830000 -1830000 0
-1800000 -1800000 0
-1760000 -1760000 0
-1760000 -1760000 0
-1730000 -1730000 0
-1730000 -1730000 0
-1780000 -1780000 0
-1780000 -1780000 0
-1800000 -1800000 0
-1840000 -1840000 0
-1800000 -1800000 0
-1780000 -1780000 0
-1780000 -1780000 0
-1780000 -1780000 0
-1750000 -1750000 0
-1760000 -1760000 0
-1750000 -1750000 0
-1720000 -1720000 0
-1720000 -1720000 0
-1760000 -1760000 0
-1760000 -1760000 0
-1800000 -1800000 0
-1790000 -1790000 0
-1840000 -1840000 0
-1810000 -1810000 0
-1780000 -1780000 0
-1740000 -1740000 0
-1760000 -1760000 0
-1750000 -1750000 0
-1770000 -1770000 0
-1780000 -1780000 0
-1810000 -1810000 0
-1810000 -1810000 0
-1800000 -1800000 0
-1830000 -1830000 0
-1840000 -1840000 0
-1840000 -1840000 0
-1810000 -1810000 0
-1830000 -1830000 0
-1830000 -1830000 0
-1780000 -1780000 0
-1850000 -1850000 0
-1850000 -1850000 0
-1860000 -1860000 0
-1860000 -1860000 0
-1870000 -1870000 0
-1890000 -1890000 0
-1870000 -1870000 0
-1850000 -1850000 0
-1860000 -1860000 0
-1840000 -1840000 0
-1840000 -1840000 0
-1820000 -1820000 0
-1820000 -1820000 0
-1860000 -1860000 0
-1890000 -1890000 0
-1910000 -1910000 0
-1920000 -1920000 0
-1930000 -1930000 0
-1910000 -1910000 0
-1920000 -1920000 0
-1890000 -1890000 0
-1880000 -1880000 0
-1870000 -1870000 0
-1880000 -1880000 0
-1880000 -1880000 0
-1860000 -1860000 0
-1890000 -1890000 0
-1910000 -1910000 0
-1910000 -1910000 0
-1930000 -1930000 0
-1900000 -1900000 0
-1910000 -1910000 0
-1900000 -1900000 0
-1920000 -1920000 0
-1890000 -1890000 0
-1900000 -1900000 0
-1910000 -1910000 0
-1890000 -1890000 0
-1910000 -1910000 0
-1930000 -1930000 0
-1970000 -1970000 0
-1980000 -1980000 0
-1930000 -1930000 0
-1930000 -1930000 0
-1920000 -1920000 0
-1910000 -1910000 0
-1920000 -1920000 0
-1880000 -1880000 0
-1890000 -1890000 0
-1880000 -1880000 0
-1880000 -1880000 0
-1860000 -1860000 0
-1880000 -1880000 0
-1840000 -1840000 0
-1840000 -1840000 0
-1800000 -1800000 0
-1770000 -1770000 0
-1680000 -1680000 0
-1670000 -1670000 0
-1630000 -1630000 0
-1580000 -1580000 0
-1600000 -1600000 0
-1570000 -1570000 0
-1500000 -1500000 0
-1470000 -1470000 0
-1380000 -1380000 0
-1300000 -1300000 0
-1300000 -1300000 0
-1280000 -1280000 0
-1280000 -1280000 0
-1290000 -1290000 0
-1280000 -1280000 0
-1300000 -1300000 0
-1330000 -1330000 0
-1320000 -1320000 0
-1340000 -1340000 0
-1440000 -1440000 0
-1470000 -1470000 0
-1570000 -1570000 0
-1660000 -1660000 0
-1770000 -1770000 0
-1860000 -1860000 0
-1890000 -1890000 0
-1920000 -1920000 0
-1950000 -1950000 0
-1950000 -1950000 0
-2000000 -2000000 0
-2040000 -2040000 0
-2029999 -2029999 0
-2029999 -2029999 0
-2040000 -2040000 0
-2029999 -2029999 0
-2020000 -2020000 0
-2020000 -2020000 0
-2020000 -2020000 0
-2020000 -2020000 0
-2029999 -2029999 0
-2020000 -2020000 0
-2029999 -2029999 0
-2069999 -2069999 0
-2069999 -2069999 0
-2060000 -2060000 0
-2080000 -2080000 0
-2080000 -2080000 0
-2080000 -2080000 0
-2029999 -2029999 0
-2020000 -2020000 0
-2009999 -2009999 0
-1980000 -1980000 0
-1990000 -1990000 0
-2000000 -2000000 0
-2020000 -2020000 0
-2080000 -2080000 0
-2089999 -2089999 0
-2150000 -2150000 0
-2190000 -2190000 0
-2150000 -2150000 0
-1990000 -1990000 0
-1740000 -1740000 0
-1360000 -1360000 0
-860000 -860000 0
-210000 -210000 0
510000 510000 0
1180000 1180000 0
1760000 1760000 0
2110000 2110000 0
2220000 2220000 0
2120000 2120000 0
1820000 1820000 0
1230000 1230000 0
390000 390000 0
-590000 -590000 0
-1520000 -1520000 0
-2140000 -2140000 0
-2370000 -2370000 0
-2270000 -2270000 0
-2009999 -2009999 0
-1760000 -1760000 0
-1630000 -1630000 0
-1590000 -1590000 0
-1680000 -1680000 0
-1770000 -1770000 0
-1890000 -1890000 0
-1980000 -1980000 0
-2020000 -2020000 0
-2049999 -2049999 0
-2040000 -2040000 0
-2069999 -2069999 0
-2080000 -2080000 0
-2110000 -2110000 0
-2110000 -2110000 0
-2110000 -2110000 0
-2100000 -2100000 0
-2089999 -2089999 0
-2089999 -2089999 0
-2080000 -2080000 0
-2110000 -2110000 0
-2100000 -2100000 0
-2110000 -2110000 0
-2130000 -2130000 0
-2160000 -2160000 0
-2140000 -2140000 0
-2150000 -2150000 0
-2120000 -2120000 0
-2160000 -2160000 0
-2140000 -2140000 0
-2140000 -2140000 0
-2130000 -2130000 0
-2140000 -2140000 0
-2130000 -2130000 0
-2120000 -2120000 0
-2130000 -2130000 0
-2150000 -2150000 0
-2180000 -2180000 0
-2150000 -2150000 0
-2140000 -2140000 0
-2150000 -2150000 0
-2110000 -2110000 0
-2080000 -2080000 0
-2069999 -2069999 0
-2089999 -2089999 0
-2110000 -2110000 0
-2110000 -2110000 0
-2120000 -2120000 0
-2120000 -2120000 0
-2160000 -2160000 0
-2110000 -2110000 0
-2120000 -2120000 0
-2069999 -2069999 0
-2029999 -2029999 0
-2029999 -2029999 0
-2000000 -2000000 0
-1990000 -1990000 0
-2009999 -2009999 0
-2020000 -2020000 0
-2029999 -2029999 0
-2020000 -2020000 0
-2009999 -2009999 0
-1970000 -1970000 0
-1950000 -1950000 0
-1920000 -1920000 0
-1880000 -1880000 0
-1830000 -1830000 0
-1820000 -1820000 0
-1810000 -1810000 0
-1800000 -1800000 0
-1790000 -1790000 0
-1760000 -1760000 0
-1760000 -1760000 0
-1780000 -1780000 0
-1760000 -1760000 0
-1700000 -1700000 0
-1630000 -1630000 0
-1570000 -1570000 0
-1500000 -1500000 0
-1470000 -1470000 0
-1430000 -1430000 0
-1410000 -1410000 0
-1410000 -1410000 0
-1380000 -1380000 0
-1370000 -1370000 0
-1340000 -1340000 0
-1320000 -1320000 0
-1260000 -1260000 0
-1270000 -1270000 0
-1180000 -1180000 0
-1120000 -1120000 0
-1110000 -1110000 0
-1060000 -1060000 0
-1040000 -1040000 0
-1040000 -1040000 0
-1020000 -1020000 0
-1020000 -1020000 0
-1020000 -1020000 0
-1000000 -1000000 0
-980000 -980000 0
-960000 -960000 0
-940000 -940000 0
-930000 -930000 0
-920000 -920000 0
-960000 -960000 0
-990000 -990000 0
-1060000 -1060000 0
-1090000 -1090000 0
-1170000 -1170000 0
-1210000 -1210000 0
-1270000 -1270000 0
-1300000 -1300000 0
-1340000 -1340000 0
-1420000 -1420000 0
-1440000 -1440000 0
-1490000 -1490000 0
-1550000 -1550000 0
-1630000 -1630000 0
-1680000 -1680000 0
-1730000 -1730000 0
-1800000 -1800000 0
-1840000 -1840000 0
-1840000 -1840000 0
-1890000 -1890000 0
-1890000 -1890000 0
-1920000 -1920000 0
-1950000 -1950000 0
-1950000 -1950000 0
-1980000 -1980000 0
-2009999 -2009999 0
-2009999 -2009999 0
-2060000 -2060000 0
-2089999 -2089999 0
-2130000 -2130000 0
-2120000 -2120000 0
-2089999 -2089999 0
-2069999 -2069999 0
-2060000 -2060000 0
-2080000 -2080000 0
-2060000 -2060000 0
-2100000 -2100000 0
-2120000 -2120000 0
-2120000 -2120000 0
-2120000 -2120000 0
-2140000 -2140000 0
-2140000 -2140000 0
-2130000 -2130000 0
-2120000 -2120000 0
-2089999 -2089999 0
-2069999 -2069999 0
-2060000 -2060000 0
-2029999 -2029999 0
-2020000 -2020000 0
-2029999 -2029999 0
-2080000 -2080000 0
-2080000 -2080000 0
-2060000 -2060000 0
-2069999 -2069999 0
-2100000 -2100000 0
-2049999 -2049999 0
-2020000 -2020000 0
-2040000 -2040000 0
-2009999 -2009999 0
-1990000 -1990000 0
-1960000 -1960000 0
-1980000 -1980000 0
-2009999 -2009999 0
-2020000 -2020000 0
-2029999 -2029999 0
-2009999 -2009999 0
-2029999 -2029999 0
-2020000 -2020000 0
-1990000 -1990000 0
-1970000 -1970000 0
-1950000 -1950000 0
-1950000 -1950000 0
-1930000 -1930000 0
-1930000 -1930000 0
-1990000 -1990000 0
-1990000 -1990000 0
-2000000 -2000000 0
-2009999 -2009999 0
-2040000 -2040000 0
-2009999 -2009999 0
-2009999 -2009999 0
-2000000 -2000000 0
-1950000 -1950000 0
-1970000 -1970000 0
-2009999 -2009999 0
-2000000 -2000000 0
-2040000 -2040000 0
-2040000 -2040000 0
-2060000 -2060000 0
-2020000 -2020000 0
-2020000 -2020000 0
-2029999 -2029999 0
-2020000 -2020000 0
-2000000 -2000000 0
-1990000 -1990000 0
-2020000 -2020000 0
-2009999 -2009999 0
-2029999 -2029999 0
-2060000 -2060000 0
-2049999 -2049999 0
-2089999 -2089999 0
-2120000 -2120000 0
-2100000 -2100000 0
-2080000 -2080000 0
-2080000 -2080000 0
-2060000 -2060000 0
-2069999 -2069999 0
-2029999 -2029999 0
-2060000 -2060000 0
-2069999 -2069999 0
-2080000 -2080000 0
-2069999 -2069999 0
-2100000 -2100000 0
-2120000 -2120000 0
-2150000 -2150000 0
-2120000 -2120000 0
-2100000 -2100000 0
-2089999 -2089999 0
-2080000 -2080000 0
-2060000 -2060000 0
-2060000 -2060000 0
-2069999 -2069999 0
-2089999 -2089999 0
-2100000 -2100000 0
-2120000 -2120000 0
-2130000 -2130000 0
-2150000 -2150000 0
-2120000 -2120000 0
-2100000 -2100000 0
-2069999 -2069999 0
-2069999 -2069999 0
-2029999 -2029999 0
-2020000 -2020000 0
-1990000 -1990000 0
-1990000 -1990000 0
-1970000 -1970000 0
-1970000 -1970000 0
-1940000 -1940000 0
-1900000 -1900000 0
-1890000 -1890000 0
-1850000 -1850000 0
-1820000 -1820000 0
-1780000 -1780000 0
-1730000 -1730000 0
-1720000 -1720000 0
-1650000 -1650000 0
-1620000 -1620000 0
-1540000 -1540000 0
-1480000 -1480000 0
-1440000 -1440000 0
-1420000 -1420000 0
-1390000 -1390000 0
-1400000 -1400000 0
-1410000 -1410000 0
-1440000 -1440000 0
-1390000 -1390000 0
-1420000 -1420000 0
-1440000 -1440000 0
-1510000 -1510000 0
-1600000 -1600000 0
-1680000 -1680000 0
-1800000 -1800000 0
-1930000 -1930000 0
-2029999 -2029999 0
-2089999 -2089999 0
-2080000 -2080000 0
-2110000 -2110000 0
-2120000 -2120000 0
-2089999 -2089999 0
-2110000 -2110000 0
-2100000 -2100000 0
-2150000 -2150000 0
-2170000 -2170000 0
-2160000 -2160000 0
-2160000 -2160000 0
-2160000 -2160000 0
-2140000 -2140000 0
-2130000 -2130000 0
-2150000 -2150000 0
-2140000 -2140000 0
-2160000 -2160000 0
-2180000 -2180000 0
-2170000 -2170000 0
-2200000 -2200000 0
-2170000 -2170000 0
-2200000 -2200000 0
-2210000 -2210000 0
-2170000 -2170000 0
-2150000 -2150000 0
-2110000 -2110000 0
-2130000 -2130000 0
-2100000 -2100000 0
-2110000 -2110000 0
-2120000 -2120000 0
-2170000 -2170000 0
-2240000 -2240000 0
-2240000 -2240000 0
-2180000 -2180000 0
-1980000 -1980000 0
-1670000 -1670000 0
-1150000 -1150000 0
-510000 -510000 0
290000 290000 0
1070000 1070000 0
1730000 1730000 0
2130000 2130000 0
2330000 2330000 0
2220000 2220000 0
1800000 1800000 0
1050000 1050000 0
-30000 -30000 0
-1150000 -1150000 0
-2000000 -2000000 0
-2420000 -2420000 0
-2420000 -2420000 0
-2170000 -2170000 0
-1910000 -1910000 0
-1710000 -1710000 0
-1660000 -1660000 0
-1710000 -1710000 0
-1870000 -1870000 0
-1980000 -1980000 0
-2069999 -2069999 0
-2100000 -2100000 0
-2170000 -2170000 0
-2110000 -2110000 0
-2120000 -2120000 0
-2049999 -2049999 0
-2069999 -2069999 0
-2089999 -2089999 0
-2100000 -2100000 0
-2110000 -2110000 0
-2180000 -2180000 0
-2180000 -2180000 0
-2170000 -2170000 0
-2170000 -2170000 0
-2160000 -2160000 0
-2160000 -2160000 0
-2140000 -2140000 0
-2110000 -2110000 0
-2130000 -2130000 0
-2140000 -2140000 0
-2120000 -2120000 0
-2160000 -2160000 0
-2180000 -2180000 0
-2180000 -2180000 0
-2180000 -2180000 0
-2170000 -2170000 0
-2140000 -2140000 0
-2140000 -2140000 0
-2100000 -2100000 0
-2089999 -2089999 0
-2110000 -2110000 0
-2130000 -2130000 0
-2130000 -2130000 0
-2080000 -2080000 0
-2120000 -2120000 0
-2110000 -2110000 0
-2100000 -2100000 0
-2130000 -2130000 0
-2080000 -2080000 0
-2060000 -2060000 0
-2040000 -2040000 0
-2049999 -2049999 0
-2020000 -2020000 0
-1980000 -1980000 0
-1990000 -1990000 0
-1980000 -1980000 0
-1980000 -1980000 0
-1970000 -1970000 0
-1960000 -1960000 0
-1940000 -1940000 0
-1910000 -1910000 0
-1870000 -1870000 0
-1870000 -1870000 0
-1820000 -1820000 0
-1810000 -1810000 0
-1810000 -1810000 0
-1780000 -1780000 0
-1800000 -1800000 0
-1830000 -1830000 0
-1810000 -1810000 0
-1760000 -1760000 0
-1690000 -1690000 0
-1640000 -1640000 0
-1630000 -1630000 0
-1550000 -1550000 0
-1530000 -1530000 0
-1490000 -1490000 0
-1420000 -1420000 0
-1450000 -1450000 0
-1390000 -1390000 0
-1350000 -1350000 0
-1280000 -1280000 0
-1250000 -1250000 0
-1210000 -1210000 0
-1140000 -1140000 0
-1100000 -1100000 0
-1060000 -1060000 0
-1020000 -1020000 0
-970000 -970000 0
-940000 -940000 0
-940000 -940000 0
-900000 -900000 0
-890000 -890000 0
-840000 -840000 0
-850000 -850000 0
-830000 -830000 0
-820000 -820000 0
-790000 -790000 0
-790000 -790000 0
-740000 -740000 0
-800000 -800000 0
-820000 -820000 0
-900000 -900000 0
-970000 -970000 0
-1000000 -1000000 0
-1060000 -1060000 0
-1170000 -1170000 0
-1230000 -1230000 0
-1240000 -1240000 0
-1300000 -1300000 0
-1330000 -1330000 0
-1410000 -1410000 0
-1480000 -1480000 0
-1530000 -1530000 0
-1600000 -1600000 0
-1660000 -1660000 0
-1700000 -1700000 0
-1720000 -1720000 0
-1770000 -1770000 0
-1820000 -1820000 0
-1810000 -1810000 0
-1830000 -1830000 0
-1840000 -1840000 0
-1860000 -1860000 0
-1860000 -1860000 0
-1910000 -1910000 0
-1920000 -1920000 0
-1940000 -1940000 0
-1950000 -1950000 0
-1970000 -1970000 0
-1990000 -1990000 0
-2000000 -2000000 0
-1960000 -1960000 0
-1980000 -1980000 0
-1950000 -1950000 0
-1920000 -1920000 0
-1930000 -1930000 0
-1960000 -1960000 0
-1970000 -1970000 0
-1980000 -1980000 0
-1990000 -1990000 0
-1960000 -1960000 0
-1970000 -1970000 0
-1970000 -1970000 0
-1930000 -1930000 0
-1890000 -1890000 0
-1890000 -1890000 0
-1850000 -1850000 0
-1850000 -1850000 0
-1880000 -1880000 0
-1900000 -1900000 0
-1910000 -1910000 0
-1910000 -1910000 0
-1870000 -1870000 0
-1890000 -1890000 0
-1890000 -1890000 0
-1860000 -1860000 0
-1830000 -1830000 0
-1830000 -1830000 0
-1820000 -1820000 0
-1830000 -1830000 0
-1840000 -1840000 0
-1860000 -1860000 0
-1880000 -1880000 0
-1840000 -1840000 0
-1850000 -1850000 0
-1870000 -1870000 0
-1830000 -1830000 0
-1810000 -1810000 0
-1790000 -1790000 0
-1770000 -1770000 0
-1780000 -1780000 0
-1800000 -1800000 0
-1800000 -1800000 0
-1810000 -1810000 0
-1810000 -1810000 0
-1830000 -1830000 0
-1860000 -1860000 0
-1850000 -1850000 0
-1860000 -1860000 0
-1830000 -1830000 0
-1840000 -1840000 0
-1830000 -1830000 0
-1840000 -1840000 0
-1830000 -1830000 0
-1840000 -1840000 0
-1850000 -1850000 0
-1860000 -1860000 0
-1850000 -1850000 0
-1890000 -1890000 0
-1910000 -1910000 0
-1910000 -1910000 0
-1910000 -1910000 0
-1880000 -1880000 0
-1840000 -1840000 0
-1840000 -1840000 0
-1890000 -1890000 0
-1890000 -1890000 0
-1870000 -1870000 0
-1890000 -1890000 0
-1900000 -1900000 0
-1930000 -1930000 0
-1920000 -1920000 0
-1930000 -1930000 0
-1890000 -1890000 0
-1900000 -1900000 0
-1880000 -1880000 0
-1850000 -1850000 0
-1890000 -1890000 0
-1900000 -1900000 0
-1940000 -1940000 0
-1930000 -1930000 0
-1940000 -1940000 0
-1940000 -1940000 0
-1980000 -1980000 0
-1980000 -1980000 0
-1920000 -1920000 0
-1950000 -1950000 0
-1890000 -1890000 0
-1900000 -1900000 0
-1900000 -1900000 0
-1920000 -1920000 0
-1910000 -1910000 0
-1930000 -1930000 0
-1980000 -1980000 0
-1950000 -1950000 0
-1950000 -1950000 0
-1950000 -1950000 0
-1920000 -1920000 0
-1920000 -1920000 0
-1890000 -1890000 0
-1880000 -1880000 0
-1870000 -1870000 0
-1860000 -1860000 0
-1890000 -1890000 0
-1890000 -1890000 0
-1930000 -1930000 0
-1900000 -1900000 0
-1920000 -1920000 0
-1910000 -1910000 0
-1840000 -1840000 0
-1810000 -1810000 0
-1760000 -1760000 0
-1720000 -1720000 0
-1690000 -1690000 0
-1700000 -1700000 0
-1670000 -1670000 0
-1660000 -1660000 0
-1630000 -1630000 0
-1640000 -1640000 0
-1630000 -1630000 0
-1560000 -1560000 0
-1490000 -1490000 0
-1450000 -1450000 0
-1370000 -1370000 0
-1260000 -1260000 0
-1210000 -1210000 0
-1180000 -1180000 0
-1180000 -1180000 0
-1200000 -1200000 0
-1240000 -1240000 0
-1270000 -1270000 0
-1330000 -1330000 0
-1290000 -1290000 0
-1280000 -1280000 0
-1290000 -1290000 0
-1300000 -1300000 0
-1420000 -1420000 0
-1510000 -1510000 0
-1640000 -1640000 0
-1750000 -1750000 0
-1850000 -1850000 0
-1920000 -1920000 0
-1990000 -1990000 0
-2040000 -2040000 0
-2020000 -2020000 0
-1980000 -1980000 0
-1940000 -1940000 0
-1920000 -1920000 0
-1940000 -1940000 0
-1950000 -1950000 0
-1950000 -1950000 0
-1980000 -1980000 0
-2020000 -2020000 0
-2020000 -2020000 0
-2029999 -2029999 0
-2049999 -2049999 0
-2020000 -2020000 0
-2009999 -2009999 0
-2029999 -2029999 0
-1990000 -1990000 0
-1980000 -1980000 0
-1960000 -1960000 0
-1970000 -1970000 0
-1980000 -1980000 0
-1980000 -1980000 0
-1980000 -1980000 0
-1980000 -1980000 0
-1980000 -1980000 0
-1970000 -1970000 0
-1990000 -1990000 0
-1970000 -1970000 0
-1970000 -1970000 0
-1980000 -1980000 0
-2020000 -2020000 0
-2069999 -2069999 0
-2100000 -2100000 0
-2069999 -2069999 0
-1970000 -1970000 0
-1760000 -1760000 0
-1420000 -1420000 0
-900000 -900000 0
-290000 -290000 0
450000 450000 0
1200000 1200000 0
1840000 1840000 0
2260000 2260000 0
2410000 2410000 0
2400000 2400000 0
2170000 2170000 0
1690000 1690000 0
900000 900000 0
-90000 -90000 0
-1140000 -1140000 0
-1870000 -1870000 0
-2240000 -2240000 0
-2190000 -2190000 0
-1990000 -1990000 0
-1690000 -1690000 0
-1510000 -1510000 0
-1490000 -1490000 0
-1550000 -1550000 0
-1650000 -1650000 0
-1820000 -1820000 0
-1920000 -1920000 0
-1980000 -1980000 0
-1980000 -1980000 0
-1940000 -1940000 0
-1950000 -1950000 0
-1900000 -1900000 0
-1920000 -1920000 0
-1930000 -1930000 0
-1910000 -1910000 0
-1940000 -1940000 0
-2009999 -2009999 0
-2009999 -2009999 0
-2040000 -2040000 0
-2009999 -2009999 0
-2000000 -2000000 0
-1990000 -1990000 0
-2000000 -2000000 0
-1980000 -1980000 0
-1980000 -1980000 0
-2020000 -2020000 0
-1990000 -1990000 0
-2020000 -2020000 0
-2029999 -2029999 0
-2029999 -2029999 0
-2049999 -2049999 0
-2029999 -2029999 0
-2000000 -2000000 0
-1980000 -1980000 0
-1990000 -1990000 0
-1980000 -1980000 0
-1980000 -1980000 0
-2000000 -2000000 0
-1990000 -1990000 0
-2020000 -2020000 0
-2060000 -2060000 0
-2060000 -2060000 0
-2009999 -2009999 0
-2029999 -2029999 0
-1990000 -1990000 0
-1980000 -1980000 0
-1940000 -1940000 0
-1910000 -1910000 0
-1910000 -1910000 0
-1910000 -1910000 0
-1910000 -1910000 0
-1950000 -1950000 0
-1930000 -1930000 0
-1940000 -1940000 0
-1940000 -1940000 0
-1940000 -1940000 0
-1870000 -1870000 0
-1850000 -1850000 0
-1840000 -1840000 0
-1850000 -1850000 0
-1870000 -1870000 0
-1850000 -1850000 0
-1830000 -1830000 0
-1820000 -1820000 0
-1820000 -1820000 0
-1810000 -1810000 0
-1790000 -1790000 0
-1800000 -1800000 0
-1750000 -1750000 0
-1710000 -1710000 0
-1650000 -1650000 0
-1620000 -1620000 0
-1600000 -1600000 0
-1570000 -1570000 0
-1550000 -1550000 0
-1530000 -1530000 0
-1530000 -1530000 0
-1530000 -1530000 0
-1490000 -1490000 0
-1440000 -1440000 0
-1390000 -1390000 0
-1340000 -1340000 0
-1270000 -1270000 0
-1200000 -1200000 0
-1180000 -1180000 0
-1150000 -1150000 0
-1120000 -1120000 0
-1080000 -1080000 0
-1070000 -1070000 0
-1030000 -1030000 0
-1010000 -1010000 0
-960000 -960000 0
-920000 -920000 0
-870000 -870000 0
-840000 -840000 0
-800000 -800000 0
-760000 -760000 0
-710000 -710000 0
-740000 -740000 0
-730000 -730000 0
-740000 -740000 0
-750000 -750000 0
-770000 -770000 0
-800000 -800000 0
-840000 -840000 0
-880000 -880000 0
-920000 -920000 0
-940000 -940000 0
-1010000 -1010000 0
-1070000 -1070000 0
-1150000 -1150000 0
-1260000 -1260000 0
-1280000 -1280000 0
-1380000 -1380000 0
-1430000 -1430000 0
-1500000 -1500000 0
-1510000 -1510000 0
-1550000 -1550000 0
-1560000 -1560000 0
-1580000 -1580000 0
-1630000 -1630000 0
-1680000 -1680000 0
-1700000 -1700000 0
-1790000 -1790000 0
-1820000 -1820000 0
-1850000 -1850000 0
-1860000 -1860000 0
-1860000 -1860000 0
-1880000 -1880000 0
-1870000 -1870000 0
-1840000 -1840000 0
-1830000 -1830000 0
-1850000 -1850000 0
-1860000 -1860000 0
-1870000 -1870000 0
-1870000 -1870000 0
-1870000 -1870000 0
-1900000 -1900000 0
-1930000 -1930000 0
-1940000 -1940000 0
-1930000 -1930000 0
-1920000 -1920000 0
-1920000 -1920000 0
-1860000 -1860000 0
-1880000 -1880000 0
-1870000 -1870000 0
-1870000 -1870000 0
-1870000 -1870000 0
-1900000 -1900000 0
-1890000 -1890000 0
-1890000 -1890000 0
-1870000 -1870000 0
-1880000 -1880000 0
-1850000 -1850000 0
-1850000 -1850000 0
-1830000 -1830000 0
-1830000 -1830000 0
-1830000 -1830000 0
-1820000 -1820000 0
-1850000 -1850000 0
-1840000 -1840000 0
-1890000 -1890000 0
-1900000 -1900000 0
-1820000 -1820000 0
-1730000 -1730000 0
-1590000 -1590000 0
-1380000 -1380000 0
-1110000 -1110000 0
-810000 -810000 0
-560000 -560000 0
-270000 -270000 0
10000 10000 0
350000 350000 0
720000 720000 0
1110000 1110000 0
1560000 1560000 0
2000000 2000000 0
2430000 2430000 0
2790000 2790000 0
3140000 3140000 0
3430000 3430000 0
3660000 3660000 0
3800000 3800000 0
3870000 3870000 0
3880000 3880000 0
3890000 3890000 0
3830000 3830000 0
3760000 3760000 0
3630000 3630000 0
3470000 3470000 0
3350000 3350000 0
3260000 3260000 0
3200000 3200000 0
3210000 3210000 0
3220000 3220000 0
3140000 3140000 0
3060000 3060000 0
2880000 2880000 0
2600000 2600000 0
2300000 2300000 0
1970000 1970000 0
1560000 1560000 0
1060000 1060000 0
360000 360000 0
-420000 -420000 0
-1200000 -1200000 0
-1760000 -1760000 0
-2140000 -2140000 0
-2260000 -2260000 0
-2290000 -2290000 0
-2260000 -2260000 0
-2200000 -2200000 0
-2240000 -2240000 0
-2290000 -2290000 0
-2380000 -2380000 0
-2450000 -2450000 0
-2510000 -2510000 0
-2600000 -2600000 0
-2650000 -2650000 0
-2710000 -2710000 0
-2750000 -2750000 0
-2790000 -2790000 0
-2800000 -2800000 0
-2830000 -2830000 0
-2850000 -2850000 0
-2860000 -2860000 0
-2910000 -2910000 0
-2910000 -2910000 0
-2920000 -2920000 0
-2930000 -2930000 0
-2950000 -2950000 0
-2990000 -2990000 0
-3040000 -3040000 0
-3070000 -3070000 0
-3090000 -3090000 0
-3120000 -3120000 0
-3120000 -3120000 0
-3120000 -3120000 0
-3140000 -3140000 0
-3130000 -3130000 0
-3150000 -3150000 0
-3130000 -3130000 0
-3150000 -3150000 0
-3150000 -3150000 0
-3180000 -3180000 0
-3180000 -3180000 0
-3180000 -3180000 0
-3210000 -3210000 0
-3240000 -3240000 0
-3210000 -3210000 0
-3210000 -3210000 0
-3170000 -3170000 0
-3150000 -3150000 0
-3200000 -3200000 0
-3140000 -3140000 0
-3170000 -3170000 0
-3210000 -3210000 0
-3270000 -3270000 0
-3350000 -3350000 0
-3370000 -3370000 0
-3420000 -3420000 0
-3450000 -3450000 0
-3440000 -3440000 0
-3490000 -3490000 0
-3600000 -3600000 0
-3710000 -3710000 0
-3820000 -3820000 0
-3960000 -3960000 0
-4070000 -4070000 0
-4200000 -4200000 0
-4340000 -4340000 0
-4430000 -4430000 0
-4490000 -4490000 0
-4550000 -4550000 0
-4560000 -4560000 0
-4630000 -4630000 0
-4660000 -4660000 0
-4640000 -4640000 0
-4670000 -4670000 0
-4700000 -4700000 0
-4720000 -4720000 0
-4730000 -4730000 0
-4750000 -4750000 0
-4740000 -4740000 0
-4700000 -4700000 0
-4630000 -4630000 0
-4580000 -4580000 0
-4520000 -4520000 0
-4450000 -4450000 0
-4390000 -4390000 0
-4330000 -4330000 0
-4290000 -4290000 0
-4220000 -4220000 0
-4080000 -4080000 0
-3970000 -3970000 0
-3840000 -3840000 0
-3720000 -3720000 0
-3580000 -3580000 0
-3520000 -3520000 0
-3340000 -3340000 0
-3250000 -3250000 0
-3160000 -3160000 0
-3080000 -3080000 0
-2990000 -2990000 0
-2910000 -2910000 0
-2830000 -2830000 0
-2760000 -2760000 0
-2700000 -2700000 0
-2660000 -2660000 0
-2600000 -2600000 0
-2540000 -2540000 0
-2540000 -2540000 0
-2510000 -2510000 0
-2470000 -2470000 0
-2460000 -2460000 0
-2450000 -2450000 0
-2450000 -2450000 0
-2440000 -2440000 0
-2520000 -2520000 0
-2480000 -2480000 0
-2430000 -2430000 0
-2410000 -2410000 0
-2440000 -2440000 0
-2410000 -2410000 0
-2410000 -2410000 0
-2400000 -2400000 0
-2420000 -2420000 0
-2430000 -2430000 0
-2420000 -2420000 0
-2430000 -2430000 0
-2450000 -2450000 0
-2400000 -2400000 0
-2410000 -2410000 0
-2390000 -2390000 0
-2380000 -2380000 0
-2340000 -2340000 0
-2340000 -2340000 0
-2350000 -2350000 0
-2340000 -2340000 0
-2360000 -2360000 0
-2380000 -2380000 0
-2370000 -2370000 0
-2360000 -2360000 0
-2350000 -2350000 0
-2350000 -2350000 0
-2310000 -2310000 0
-2290000 -2290000 0
-2260000 -2260000 0
-2230000 -2230000 0
-2240000 -2240000 0
-2270000 -2270000 0
-2270000 -2270000 0
-2290000 -2290000 0
-2280000 -2280000 0
-2270000 -2270000 0
-2290000 -2290000 0
-2260000 -2260000 0
-2260000 -2260000 0
-2250000 -2250000 0
-2230000 -2230000 0
-2210000 -2210000 0
-2230000 -2230000 0
-2190000 -2190000 0
-2190000 -2190000 0
-2220000 -2220000 0
-2230000 -2230000 0
-2220000 -2220000 0
-2230000 -2230000 0
-2200000 -2200000 0
-2240000 -2240000 0
-2190000 -2190000 0
-2160000 -2160000 0
-2170000 -2170000 0
-2160000 -2160000 0
-2160000 -2160000 0
-2150000 -2150000 0
-2170000 -2170000 0
-2200000 -2200000 0
-2210000 -2210000 0
-2180000 -2180000 0
-2200000 -2200000 0
-2160000 -2160000 0
-2150000 -2150000 0
-2120000 -2120000 0
-2100000 -2100000 0
-2069999 -2069999 0
-2089999 -2089999 0
-2110000 -2110000 0
-2120000 -2120000 0
-2140000 -2140000 0
-2130000 -2130000 0
-2160000 -2160000 0
-2160000 -2160000 0
-2120000 -2120000 0
-2089999 -2089999 0
-2069999 -2069999 0
-2080000 -2080000 0
-2080000 -2080000 0
-2080000 -2080000 0
-2089999 -2089999 0
-2120000 -2120000 0
-2100000 -2100000 0
-2089999 -2089999 0
-2089999 -2089999 0
-2100000 -2100000 0
-2060000 -2060000 0
-2069999 -2069999 0
-2029999 -2029999 0
-2029999 -2029999 0
-2040000 -2040000 0
-2049999 -2049999 0
-2040000 -2040000 0
-2060000 -2060000 0
-2060000 -2060000 0
-2040000 -2040000 0
-2049999 -2049999 0
-2069999 -2069999 0
-2029999 -2029999 0
-2020000 -2020000 0
-2009999 -2009999 0
-1990000 -1990000 0
-2000000 -2000000 0
-2020000 -2020000 0
-2020000 -2020000 0
-2029999 -2029999 0
-2049999 -2049999 0
-2060000 -2060000 0
-2049999 -2049999 0
-2029999 -2029999 0
-2020000 -2020000 0
-1960000 -1960000 0
-1950000 -1950000 0
-1920000 -1920000 0
-1970000 -1970000 0
-1970000 -1970000 0
-2009999 -2009999 0
-1990000 -1990000 0
-2020000 -2020000 0
-2060000 -2060000 0
-2009999 -2009999 0
-2020000 -2020000 0
-1990000 -1990000 0
-1950000 -1950000 0
-1930000 -1930000 0
-1920000 -1920000 0
-1910000 -1910000 0
-1940000 -1940000 0
-1980000 -1980000 0
-1970000 -1970000 0
-2009999 -2009999 0
-1970000 -1970000 0
-1970000 -1970000 0
-1940000 -1940000 0
-1960000 -1960000 0
-1910000 -1910000 0
-1900000 -1900000 0
-1900000 -1900000 0
-1920000 -1920000 0
-1910000 -1910000 0
-1960000 -1960000 0
-1960000 -1960000 0
-1970000 -1970000 0
-1970000 -1970000 0
-1980000 -1980000 0
-1940000 -1940000 0
-1920000 -1920000 0
-1920000 -1920000 0
-1890000 -1890000 0
-1900000 -1900000 0
-1900000 -1900000 0
-1900000 -1900000 0
-1920000 -1920000 0
-1930000 -1930000 0
-1980000 -1980000 0
-1950000 -1950000 0
-1940000 -1940000 0
-1920000 -1920000 0
-1920000 -1920000 0
-1930000 -1930000 0
-1860000 -1860000 0
-1890000 -1890000 0
-1900000 -1900000 0
-1910000 -1910000 0
-1930000 -1930000 0
-1930000 -1930000 0
-1950000 -1950000 0
-1950000 -1950000 0
-1910000 -1910000 0
-1910000 -1910000 0
-1880000 -1880000 0
-1910000 -1910000 0
-1900000 -1900000 0
-1900000 -1900000 0
-1890000 -1890000 0
-1900000 -1900000 0
-1910000 -1910000 0
-1920000 -1920000 0
-1930000 -1930000 0
-1940000 -1940000 0
-1920000 -1920000 0
-1920000 -1920000 0
-1910000 -1910000 0
-1870000 -1870000 0
-1890000 -1890000 0
-1870000 -1870000 0
-1850000 -1850000 0
-1860000 -1860000 0
-1870000 -1870000 0
-1890000 -1890000 0
-1900000 -1900000 0
-1930000 -1930000 0
-1950000 -1950000 0
-1900000 -1900000 0
-1870000 -1870000 0
-1900000 -1900000 0
-1850000 -1850000 0
-1830000 -1830000 0
-1850000 -1850000 0
-1850000 -1850000 0
-1860000 -1860000 0
-1860000 -1860000 0
-1870000 -1870000 0
-1890000 -1890000 0
-1870000 -1870000 0
-1870000 -1870000 0
-1880000 -1880000 0
-1840000 -1840000 0
-1810000 -1810000 0
-1790000 -1790000 0
-1810000 -1810000 0
-1810000 -1810000 0
-1820000 -1820000 0
-1840000 -1840000 0
-1870000 -1870000 0
-1920000 -1920000 0
-1910000 -1910000 0
-1850000 -1850000 0
-1840000 -1840000 0
-1840000 -1840000 0
-1830000 -1830000 0
-1810000 -1810000 0
-1770000 -1770000 0
-1800000 -1800000 0
-1790000 -1790000 0
-1810000 -1810000 0
-1840000 -1840000 0
-1830000 -1830000 0
-1860000 -1860000 0
-1840000 -1840000 0
-1840000 -1840000 0
-1840000 -1840000 0
-1830000 -1830000 0
-1770000 -1770000 0
-1770000 -1770000 0
-1770000 -1770000 0
-1820000 -1820000 0
-1850000 -1850000 0
-1870000 -1870000 0
-1830000 -1830000 0
-1810000 -1810000 0
-1810000 -1810000 0
-1790000 -1790000 0
-1800000 -1800000 0
-1760000 -1760000 0
-1770000 -1770000 0
-1780000 -1780000 0
-1740000 -1740000 0
-1780000 -1780000 0
-1810000 -1810000 0
-1820000 -1820000 0
-1860000 -1860000 0
-1860000 -1860000 0
-1850000 -1850000 0
-1790000 -1790000 0
-1780000 -1780000 0
-1740000 -1740000 0
-1730000 -1730000 0
-1740000 -1740000 0
-1750000 -1750000 0
-1750000 -1750000 0
-1770000 -1770000 0
-1780000 -1780000 0
-1790000 -1790000 0
-1770000 -1770000 0
-1750000 -1750000 0
-1700000 -1700000 0
-1650000 -1650000 0
-1620000 -1620000 0
-1550000 -1550000 0
-1550000 -1550000 0
-1530000 -1530000 0
-1560000 -1560000 0
-1550000 -1550000 0
-1490000 -1490000 0
-1440000 -1440000 0
-1380000 -1380000 0
-1310000 -1310000 0
-1210000 -1210000 0
-1110000 -1110000 0
-1040000 -1040000 0
-1040000 -1040000 0
-1040000 -1040000 0
-1090000 -1090000 0
-1090000 -1090000 0
-1160000 -1160000 0
-1150000 -1150000 0
-1150000 -1150000 0
-1150000 -1150000 0
-1170000 -1170000 0
-1210000 -1210000 0
-1290000 -1290000 0
-1370000 -1370000 0
-1490000 -1490000 0
-1630000 -1630000 0
-1680000 -1680000 0
-1760000 -1760000 0
-1780000 -1780000 0
-1820000 -1820000 0
-1810000 -1810000 0
-1800000 -1800000 0
-1790000 -1790000 0
-1790000 -1790000 0
-1780000 -1780000 0
-1760000 -1760000 0
-1770000 -1770000 0
-1770000 -1770000 0
-1780000 -1780000 0
-1790000 -1790000 0
-1830000 -1830000 0
-1820000 -1820000 0
-1840000 -1840000 0
-1820000 -1820000 0
-1810000 -1810000 0
-1770000 -1770000 0
-1800000 -1800000 0
-1810000 -1810000 0
-1770000 -1770000 0
-1790000 -1790000 0
-1870000 -1870000 0
-1930000 -1930000 0
-1960000 -1960000 0
-1900000 -1900000 0
-1750000 -1750000 0
-1470000 -1470000 0
-1050000 -1050000 0
-520000 -520000 0
140000 140000 0
870000 870000 0
1590000 1590000 0
2150000 2150000 0
2550000 2550000 0
2690000 2690000 0
2640000 2640000 0
2380000 2380000 0
1870000 1870000 0
1090000 1090000 0
90000 90000 0
-920000 -920000 0
-1680000 -1680000 0
-2000000 -2000000 0
-1960000 -1960000 0
-1720000 -1720000 0
-1490000 -1490000 0
-1340000 -1340000 0
-1330000 -1330000 0
-1390000 -1390000 0
-1560000 -1560000 0
-1660000 -1660000 0
-1770000 -1770000 0
-1820000 -1820000 0
-1860000 -1860000 0
-1810000 -1810000 0
-1790000 -1790000 0
-1780000 -1780000 0
-1800000 -1800000 0
-1790000 -1790000 0
-1820000 -1820000 0
-1850000 -1850000 0
-1870000 -1870000 0
-1900000 -1900000 0
-1890000 -1890000 0
-1860000 -1860000 0
-1870000 -1870000 0
-1850000 -1850000 0
-1820000 -1820000 0
-1830000 -1830000 0
-1870000 -1870000 0
-1870000 -1870000 0
-1870000 -1870000 0
-1920000 -1920000 0
-1970000 -1970000 0
-1920000 -1920000 0
-1910000 -1910000 0
-1910000 -1910000 0
-1870000 -1870000 0
-1870000 -1870000 0
-1850000 -1850000 0
-1850000 -1850000 0
-1860000 -1860000 0
-1890000 -1890000 0
-1910000 -1910000 0
-1960000 -1960000 0
-1940000 -1940000 0
-1910000 -1910000 0
-1900000 -1900000 0
-1880000 -1880000 0
-1870000 -1870000 0
-1850000 -1850000 0
-1840000 -1840000 0
-1860000 -1860000 0
-1840000 -1840000 0
-1850000 -1850000 0
-1890000 -1890000 0
-1870000 -1870000 0
-1880000 -1880000 0
-1870000 -1870000 0
-1830000 -1830000 0
-1830000 -1830000 0
-1790000 -1790000 0
-1770000 -1770000 0
-1750000 -1750000 0
-1740000 -1740000 0
-1750000 -1750000 0
-1720000 -1720000 0
-1730000 -1730000 0
-1760000 -1760000 0
-1740000 -1740000 0
-1700000 -1700000 0
-1700000 -1700000 0
-1620000 -1620000 0
-1620000 -1620000 0
-1560000 -1560000 0
-1540000 -1540000 0
-1540000 -1540000 0
-1520000 -1520000 0
-1530000 -1530000 0
-1500000 -1500000 0
-1530000 -1530000 0
-1480000 -1480000 0
-1460000 -1460000 0
-1390000 -1390000 0
-1340000 -1340000 0
-1300000 -1300000 0
-1240000 -1240000 0
-1210000 -1210000 0
-1190000 -1190000 0
-1150000 -1150000 0
-1140000 -1140000 0
-1130000 -1130000 0
-1110000 -1110000 0
-1090000 -1090000 0
-1070000 -1070000 0
-1030000 -1030000 0
-960000 -960000 0
-950000 -950000 0
-930000 -930000 0
-870000 -870000 0
-850000 -850000 0
-820000 -820000 0
-820000 -820000 0
-840000 -840000 0
-800000 -800000 0
-810000 -810000 0
-760000 -760000 0
-720000 -720000 0
-690000 -690000 0
-680000 -680000 0
-670000 -670000 0
-640000 -640000 0
-660000 -660000 0
-660000 -660000 0
-700000 -700000 0
-740000 -740000 0
-780000 -780000 0
-830000 -830000 0
-890000 -890000 0
-900000 -900000 0
-950000 -950000 0
-970000 -970000 0
-1020000 -1020000 0
-1040000 -1040000 0
-1090000 -1090000 0
-1160000 -1160000 0
-1210000 -1210000 0
-1260000 -1260000 0
-1300000 -1300000 0
-1370000 -1370000 0
-1420000 -1420000 0
-1450000 -1450000 0
-1450000 -1450000 0
-1460000 -1460000 0
-1460000 -1460000 0
-1470000 -1470000 0
-1510000 -1510000 0
-1550000 -1550000 0
-1560000 -1560000 0
-1590000 -1590000 0
-1620000 -1620000 0
-1610000 -1610000 0
-1600000 -1600000 0
-1590000 -1590000 0
-1610000 -1610000 0
-1600000 -1600000 0
-1580000 -1580000 0
-1560000 -1560000 0
-1590000 -1590000 0
-1580000 -1580000 0
-1580000 -1580000 0
-1600000 -1600000 0
-1600000 -1600000 0
-1640000 -1640000 0
-1630000 -1630000 0
-1590000 -1590000 0
-1580000 -1580000 0
-1560000 -1560000 0
-1540000 -1540000 0
-1550000 -1550000 0
-1550000 -1550000 0
-1540000 -1540000 0
-1560000 -1560000 0
-1580000 -1580000 0
-1570000 -1570000 0
-1570000 -1570000 0
-1580000 -1580000 0
-1560000 -1560000 0
-1530000 -1530000 0
-1540000 -1540000 0
-1510000 -1510000 0
-1520000 -1520000 0
-1550000 -1550000 0
-1540000 -1540000 0
-1550000 -1550000 0
-1570000 -1570000 0
-1580000 -1580000 0
-1590000 -1590000 0
-1610000 -1610000 0
-1600000 -1600000 0
-1580000 -1580000 0
-1560000 -1560000 0
-1550000 -1550000 0
-1560000 -1560000 0
-1570000 -1570000 0
-1570000 -1570000 0
-1600000 -1600000 0
-1620000 -1620000 0
-1650000 -1650000 0
-1650000 -1650000 0
-1680000 -1680000 0
-1650000 -1650000 0
-1620000 -1620000 0
-1600000 -1600000 0
-1580000 -1580000 0
-1590000 -1590000 0
-1600000 -1600000 0
-1660000 -1660000 0
-1680000 -1680000 0
-1700000 -1700000 0
-1690000 -1690000 0
-1700000 -1700000 0
-1690000 -1690000 0
-1680000 -1680000 0
-1680000 -1680000 0
-1650000 -1650000 0
-1640000 -1640000 0
-1650000 -1650000 0
-1660000 -1660000 0
-1690000 -1690000 0
-1760000 -1760000 0
-1760000 -1760000 0
-1760000 -1760000 0
-1780000 -1780000 0
-1780000 -1780000 0
-1790000 -1790000 0
-1800000 -1800000 0
-1780000 -1780000 0
-1740000 -1740000 0
-1770000 -1770000 0
-1740000 -1740000 0
-1740000 -1740000 0
-1780000 -1780000 0
-1790000 -1790000 0
-1810000 -1810000 0
-1800000 -1800000 0
-1820000 -1820000 0
-1800000 -1800000 0
-1820000 -1820000 0
-1780000 -1780000 0
-1760000 -1760000 0
-1740000 -1740000 0
-1760000 -1760000 0
-1750000 -1750000 0
-1780000 -1780000 0
-1770000 -1770000 0
-1830000 -1830000 0
-1810000 -1810000 0
-1850000 -1850000 0
-1810000 -1810000 0
-1760000 -1760000 0
-1760000 -1760000 0
-1770000 -1770000 0
-1750000 -1750000 0
-1760000 -1760000 0
-1760000 -1760000 0
-1780000 -1780000 0
-1800000 -1800000 0
-1820000 -1820000 0
-1840000 -1840000 0
-1840000 -1840000 0
-1790000 -1790000 0
-1780000 -1780000 0
-1770000 -1770000 0
-1750000 -1750000 0
-1780000 -1780000 0
-1780000 -1780000 0
-1770000 -1770000 0
-1760000 -1760000 0
-1790000 -1790000 0
-1770000 -1770000 0
-1770000 -1770000 0
-1790000 -1790000 0
-1700000 -1700000 0
-1660000 -1660000 0
-1610000 -1610000 0
-1560000 -1560000 0
-1520000 -1520000 0
-1500000 -1500000 0
-1490000 -1490000 0
-1450000 -1450000 0
-1440000 -1440000 0
-1440000 -1440000 0
-1400000 -1400000 0
-1380000 -1380000 0
-1310000 -1310000 0
-1180000 -1180000 0
-1120000 -1120000 0
-1040000 -1040000 0
-990000 -990000 0
-1030000 -1030000 0
-1070000 -1070000 0
-1130000 -1130000 0
-1140000 -1140000 0
-1130000 -1130000 0
-1170000 -1170000 0
-1150000 -1150000 0
-1180000 -1180000 0
-1190000 -1190000 0
-1210000 -1210000 0
-1300000 -1300000 0
-1410000 -1410000 0
-1510000 -1510000 0
-1610000 -1610000 0
-1720000 -1720000 0
-1790000 -1790000 0
-1780000 -1780000 0
-1830000 -1830000 0
-1800000 -1800000 0
-1830000 -1830000 0
-1780000 -1780000 0
-1810000 -1810000 0
-1780000 -1780000 0
-1780000 -1780000 0
-1820000 -1820000 0
-1860000 -1860000 0
-1890000 -1890000 0
-1880000 -1880000 0
-1890000 -1890000 0
-1880000 -1880000 0
-1890000 -1890000 0
-1850000 -1850000 0
-1850000 -1850000 0
-1830000 -1830000 0
-1820000 -1820000 0
-1810000 -1810000 0
-1820000 -1820000 0
-1820000 -1820000 0
-1800000 -1800000 0
-1860000 -1860000 0
-1860000 -1860000 0
-1880000 -1880000 0
-1940000 -1940000 0
-1950000 -1950000 0
-1950000 -1950000 0
-1860000 -1860000 0
-1700000 -1700000 0
-1400000 -1400000 0
-1000000 -1000000 0
-370000 -370000 0
310000 310000 0
1070000 1070000 0
1760000 1760000 0
2260000 2260000 0
2560000 2560000 0
2580000 2580000 0
2460000 2460000 0
2069999 2069999 0
1420000 1420000 0
500000 500000 0
-570000 -570000 0
-1430000 -1430000 0
-1980000 -1980000 0
-2140000 -2140000 0
-1950000 -1950000 0
-1710000 -1710000 0
-1440000 -1440000 0
-1330000 -1330000 0
-1340000 -1340000 0
-1420000 -1420000 0
-1540000 -1540000 0
-1650000 -1650000 0
-1740000 -1740000 0
-1780000 -1780000 0
-1810000 -1810000 0
-1830000 -1830000 0
-1840000 -1840000 0
-1800000 -1800000 0
-1830000 -1830000 0
-1840000 -1840000 0
-1820000 -1820000 0
-1790000 -1790000 0
-1790000 -1790000 0
-1800000 -1800000 0
-1830000 -1830000 0
-1840000 -1840000 0
-1870000 -1870000 0
-1880000 -1880000 0
-1870000 -1870000 0
-1880000 -1880000 0
-1900000 -1900000 0
-1900000 -1900000 0
-1860000 -1860000 0
-1860000 -1860000 0
-1810000 -1810000 0
-1800000 -1800000 0
-1810000 -1810000 0
-1850000 -1850000 0
-1840000 -1840000 0
-1860000 -1860000 0
-1890000 -1890000 0
-1880000 -1880000 0
-1880000 -1880000 0
-1870000 -1870000 0
-1830000 -1830000 0
-1820000 -1820000 0
-1820000 -1820000 0
-1780000 -1780000 0
-1790000 -1790000 0
-1800000 -1800000 0
-1840000 -1840000 0
-1830000 -1830000 0
-1850000 -1850000 0
-1840000 -1840000 0
-1860000 -1860000 0
-1880000 -1880000 0
-1800000 -1800000 0
-1760000 -1760000 0
-1730000 -1730000 0
-1720000 -1720000 0
-1710000 -1710000 0
-1710000 -1710000 0
-1710000 -1710000 0
-1700000 -1700000 0
-1720000 -1720000 0
-1690000 -1690000 0
-1730000 -1730000 0
-1680000 -1680000 0
-1630000 -1630000 0
-1640000 -1640000 0
-1600000 -1600000 0
-1550000 -1550000 0
-1550000 -1550000 0
-1510000 -1510000 0
-1530000 -1530000 0
-1470000 -1470000 0
-1480000 -1480000 0
-1460000 -1460000 0
-1420000 -1420000 0
-1410000 -1410000 0
-1340000 -1340000 0
-1330000 -1330000 0
-1240000 -1240000 0
-1190000 -1190000 0
-1130000 -1130000 0
-1120000 -1120000 0
-1080000 -1080000 0
-1070000 -1070000 0
-1070000 -1070000 0
-1030000 -1030000 0
-1000000 -1000000 0
-950000 -950000 0
-890000 -890000 0
-820000 -820000 0
-760000 -760000 0
-720000 -720000 0
-700000 -700000 0
-660000 -660000 0
-690000 -690000 0
-670000 -670000 0
-640000 -640000 0
-660000 -660000 0
-640000 -640000 0
-650000 -650000 0
-590000 -590000 0
-620000 -620000 0
-600000 -600000 0
-620000 -620000 0
-650000 -650000 0
-690000 -690000 0
-780000 -780000 0
-810000 -810000 0
-870000 -870000 0
-910000 -910000 0
-1000000 -1000000 0
-1030000 -1030000 0
-1070000 -1070000 0
-1130000 -1130000 0
-1190000 -1190000 0
-1220000 -1220000 0
-1270000 -1270000 0
-1340000 -1340000 0
-1410000 -1410000 0
-1450000 -1450000 0
-1500000 -1500000 0
-1550000 -1550000 0
-1570000 -1570000 0
-1590000 -1590000 0
-1600000 -1600000 0
-1620000 -1620000 0
-1600000 -1600000 0
-1640000 -1640000 0
-1690000 -1690000 0
-1680000 -1680000 0
-1720000 -1720000 0
-1770000 -1770000 0
-1740000 -1740000 0
-1730000 -1730000 0
-1770000 -1770000 0
-1760000 -1760000 0
-1750000 -1750000 0
-1710000 -1710000 0
-1720000 -1720000 0
-1700000 -1700000 0
-1740000 -1740000 0
-1720000 -1720000 0
-1710000 -1710000 0
-1730000 -1730000 0
-1730000 -1730000 0
-1820000 -1820000 0
-1810000 -1810000 0
-1790000 -1790000 0
-1770000 -1770000 0
-1700000 -1700000 0
-1710000 -1710000 0
-1680000 -1680000 0
-1690000 -1690000 0
-1660000 -1660000 0
-1720000 -1720000 0
-1720000 -1720000 0
-1750000 -1750000 0
-1740000 -1740000 0
-1780000 -1780000 0
-1750000 -1750000 0
-1700000 -1700000 0
-1700000 -1700000 0
-1670000 -1670000 0
-1660000 -1660000 0
-1670000 -1670000 0
-1680000 -1680000 0
-1670000 -1670000 0
-1690000 -1690000 0
-1720000 -1720000 0
-1720000 -1720000 0
-1770000 -1770000 0
-1730000 -1730000 0
-1700000 -1700000 0
-1690000 -1690000 0
-1690000 -1690000 0
-1660000 -1660000 0
-1660000 -1660000 0
-1680000 -1680000 0
-1690000 -1690000 0
-1710000 -1710000 0
-1730000 -1730000 0
-1730000 -1730000 0
-1750000 -1750000 0
-1740000 -1740000 0
-1720000 -1720000 0
-1680000 -1680000 0
-1680000 -1680000 0
-1680000 -1680000 0
-1680000 -1680000 0
-1720000 -1720000 0
-1760000 -1760000 0
-1790000 -1790000 0
-1790000 -1790000 0
-1780000 -1780000 0
-1790000 -1790000 0
-1800000 -1800000 0
-1780000 -1780000 0
-1750000 -1750000 0
-1730000 -1730000 0
-1730000 -1730000 0
-1740000 -1740000 0
-1790000 -1790000 0
-1780000 -1780000 0
-1810000 -1810000 0
-1810000 -1810000 0
-1820000 -1820000 0
-1830000 -1830000 0
-1810000 -1810000 0
-1780000 -1780000 0
-1770000 -1770000 0
-1750000 -1750000 0
-1750000 -1750000 0
-1750000 -1750000 0
-1810000 -1810000 0
-1770000 -1770000 0
-1790000 -1790000 0
-1820000 -1820000 0
-1810000 -1810000 0
-1820000 -1820000 0
-1820000 -1820000 0
-1760000 -1760000 0
-1750000 -1750000 0
-1760000 -1760000 0
-1780000 -1780000 0
-1780000 -1780000 0
-1820000 -1820000 0
-1820000 -1820000 0
-1840000 -1840000 0
-1810000 -1810000 0
-1840000 -1840000 0
-1830000 -1830000 0
-1830000 -1830000 0
-1810000 -1810000 0
-1780000 -1780000 0
-1750000 -1750000 0
-1710000 -1710000 0
-1690000 -1690000 0
-1670000 -1670000 0
-1650000 -1650000 0
-1640000 -1640000 0
-1630000 -1630000 0
-1600000 -1600000 0
-1590000 -1590000 0
-1540000 -1540000 0
-1510000 -1510000 0
-1450000 -1450000 0
-1430000 -1430000 0
-1330000 -1330000 0
-1260000 -1260000 0
-1170000 -1170000 0
-1170000 -1170000 0
-1120000 -1120000 0
-1140000 -1140000 0
-1170000 -1170000 0
-1180000 -1180000 0
-1180000 -1180000 0
-1160000 -1160000 0
-1130000 -1130000 0
-1150000 -1150000 0
-1180000 -1180000 0
-1260000 -1260000 0
-1390000 -1390000 0
-1510000 -1510000 0
-1630000 -1630000 0
-1750000 -1750000 0
-1810000 -1810000 0
-1880000 -1880000 0
-1900000 -1900000 0
-1870000 -1870000 0
-1840000 -1840000 0
-1860000 -1860000 0
-1820000 -1820000 0
-1840000 -1840000 0
-1860000 -1860000 0
-1860000 -1860000 0
-1920000 -1920000 0
-1910000 -1910000 0
-1950000 -1950000 0
-1960000 -1960000 0
-1920000 -1920000 0
-1900000 -1900000 0
-1890000 -1890000 0
-1890000 -1890000 0
-1870000 -1870000 0
-1870000 -1870000 0
-1880000 -1880000 0
-1920000 -1920000 0
-1940000 -1940000 0
-1920000 -1920000 0
-1940000 -1940000 0
-1940000 -1940000 0
-1970000 -1970000 0
-1950000 -1950000 0
-1940000 -1940000 0
-1960000 -1960000 0
-2009999 -2009999 0
-2020000 -2020000 0
-2000000 -2000000 0
-1870000 -1870000 0
-1680000 -1680000 0
-1370000 -1370000 0
-950000 -950000 0
-340000 -340000 0
390000 390000 0
1150000 1150000 0
1790000 1790000 0
2270000 2270000 0
2530000 2530000 0
2570000 2570000 0
2400000 2400000 0
1970000 1970000 0
1340000 1340000 0
470000 470000 0
-620000 -620000 0
-1520000 -1520000 0
-2120000 -2120000 0
-2280000 -2280000 0
-2110000 -2110000 0
-1830000 -1830000 0
-1550000 -1550000 0
-1400000 -1400000 0
-1410000 -1410000 0
-1540000 -1540000 0
-1670000 -1670000 0
-1810000 -1810000 0
-1880000 -1880000 0
-1970000 -1970000 0
-1970000 -1970000 0
-1930000 -1930000 0
-1900000 -1900000 0
-1900000 -1900000 0
-1880000 -1880000 0
-1910000 -1910000 0
-1930000 -1930000 0
-1940000 -1940000 0
-1950000 -1950000 0
-1980000 -1980000 0
-2020000 -2020000 0
-2009999 -2009999 0
-2029999 -2029999 0
-1980000 -1980000 0
-1960000 -1960000 0
-1950000 -1950000 0
-1920000 -1920000 0
-1950000 -1950000 0
-1960000 -1960000 0
-1960000 -1960000 0
-1990000 -1990000 0
-2009999 -2009999 0
-2020000 -2020000 0
-2029999 -2029999 0
-2060000 -2060000 0
-2009999 -2009999 0
-1990000 -1990000 0
-1960000 -1960000 0
-1950000 -1950000 0
-1980000 -1980000 0
-1980000 -1980000 0
-1980000 -1980000 0
-1980000 -1980000 0
-2000000 -2000000 0
-1990000 -1990000 0
-2000000 -2000000 0
-2020000 -2020000 0
-1990000 -1990000 0
-1970000 -1970000 0
-1930000 -1930000 0
-1940000 -1940000 0
-1970000 -1970000 0
-1950000 -1950000 0
-1940000 -1940000 0
-1950000 -1950000 0
-1950000 -1950000 0
-1940000 -1940000 0
-1940000 -1940000 0
-1940000 -1940000 0
-1920000 -1920000 0
-1840000 -1840000 0
-1790000 -1790000 0
-1760000 -1760000 0
-1740000 -1740000 0
-1730000 -1730000 0
-1730000 -1730000 0
-1760000 -1760000 0
-1760000 -1760000 0
-1730000 -1730000 0
-1730000 -1730000 0
-1720000 -1720000 0
-1660000 -1660000 0
-1620000 -1620000 0
-1590000 -1590000 0
-1510000 -1510000 0
-1520000 -1520000 0
-1500000 -1500000 0
-1480000 -1480000 0
-1430000 -1430000 0
-1410000 -1410000 0
-1360000 -1360000 0
-1320000 -1320000 0
-1270000 -1270000 0
-1220000 -1220000 0
-1130000 -1130000 0
-1100000 -1100000 0
-1060000 -1060000 0
-1050000 -1050000 0
-1020000 -1020000 0
-970000 -970000 0
-950000 -950000 0
-950000 -950000 0
-920000 -920000 0
-910000 -910000 0
-860000 -860000 0
-820000 -820000 0
-790000 -790000 0
-780000 -780000 0
-720000 -720000 0
-740000 -740000 0
-750000 -750000 0
-760000 -760000 0
-820000 -820000 0
-850000 -850000 0
-920000 -920000 0
-940000 -940000 0
-980000 -980000 0
-990000 -990000 0
-1070000 -1070000 0
-1110000 -1110000 0
-1140000 -1140000 0
-1200000 -1200000 0
-1270000 -1270000 0
-1360000 -1360000 0
-1420000 -1420000 0
-1490000 -1490000 0
-1560000 -1560000 0
-1590000 -1590000 0
-1640000 -1640000 0
-1670000 -1670000 0
-1680000 -1680000 0
-1690000 -1690000 0
-1740000 -1740000 0
-1740000 -1740000 0
-1810000 -1810000 0
-1840000 -1840000 0
-1890000 -1890000 0
-1900000 -1900000 0
-1910000 -1910000 0
-1920000 -1920000 0
-1950000 -1950000 0
-1940000 -1940000 0
-1920000 -1920000 0
-1900000 -1900000 0
-1910000 -1910000 0
-1910000 -1910000 0
-1910000 -1910000 0
-1930000 -1930000 0
-1940000 -1940000 0
-1990000 -1990000 0
-2009999 -2009999 0
-2000000 -2000000 0
-1970000 -1970000 0
-2000000 -2000000 0
-1960000 -1960000 0
-1930000 -1930000 0
-1910000 -1910000 0
-1940000 -1940000 0
-1940000 -1940000 0
-1920000 -1920000 0
-1960000 -1960000 0
-1950000 -1950000 0
-1960000 -1960000 0
-1960000 -1960000 0
-1970000 -1970000 0
-1930000 -1930000 0
-1880000 -1880000 0
-1860000 -1860000 0
-1830000 -1830000 0
-1860000 -1860000 0
-1830000 -1830000 0
-1860000 -1860000 0
-1880000 -1880000 0
-1900000 -1900000 0
-1890000 -1890000 0
-1880000 -1880000 0
-1890000 -1890000 0
-1880000 -1880000 0
-1870000 -1870000 0
-1870000 -1870000 0
-1820000 -1820000 0
-1850000 -1850000 0
-1840000 -1840000 0
-1870000 -1870000 0
-1860000 -1860000 0
-1890000 -1890000 0
-1880000 -1880000 0
-1920000 -1920000 0
-1900000 -1900000 0
-1900000 -1900000 0
-1860000 -1860000 0
-1880000 -1880000 0
-1870000 -1870000 0
-1840000 -1840000 0
-1870000 -1870000 0
-1890000 -1890000 0
-1910000 -1910000 0
-1900000 -1900000 0
-1930000 -1930000 0
-1930000 -1930000 0
-1940000 -1940000 0
-1920000 -1920000 0
-1950000 -1950000 0
-1930000 -1930000 0
-1920000 -1920000 0
-1900000 -1900000 0
-1920000 -1920000 0
-1940000 -1940000 0
-1950000 -1950000 0
-1980000 -1980000 0
-1990000 -1990000 0
-1980000 -1980000 0
-1980000 -1980000 0
-1960000 -1960000 0
-1950000 -1950000 0
-1950000 -1950000 0
-1910000 -1910000 0
-1950000 -1950000 0
-1960000 -1960000 0
-1970000 -1970000 0
-1990000 -1990000 0
-1980000 -1980000 0
-1970000 -1970000 0
-2000000 -2000000 0
-1990000 -1990000 0
-1980000 -1980000 0
-1980000 -1980000 0
-1980000 -1980000 0
-1980000 -1980000 0
-1970000 -1970000 0
-1970000 -1970000 0
-1990000 -1990000 0
-2020000 -2020000 0
-2020000 -2020000 0
-2009999 -2009999 0
-1980000 -1980000 0
-1980000 -1980000 0
-1940000 -1940000 0
-1870000 -1870000 0
-1820000 -1820000 0
-1770000 -1770000 0
-1720000 -1720000 0
-1700000 -1700000 0
-1700000 -1700000 0
-1680000 -1680000 0
-1660000 -1660000 0
-1620000 -1620000 0
-1600000 -1600000 0
-1500000 -1500000 0
-1420000 -1420000 0
-1340000 -1340000 0
-1300000 -1300000 0
-1280000 -1280000 0
-1280000 -1280000 0
-1330000 -1330000 0
-1360000 -1360000 0
-1380000 -1380000 0
-1370000 -1370000 0
-1420000 -1420000 0
-1460000 -1460000 0
-1550000 -1550000 0
-1630000 -1630000 0
-1730000 -1730000 0
-1810000 -1810000 0
-1870000 -1870000 0
-1930000 -1930000 0
-1990000 -1990000 0
-2009999 -2009999 0
-2049999 -2049999 0
-2069999 -2069999 0
-2089999 -2089999 0
-2080000 -2080000 0
-2049999 -2049999 0
-2069999 -2069999 0
-2069999 -2069999 0
-2069999 -2069999 0
-2040000 -2040000 0
-2040000 -2040000 0
-2069999 -2069999 0
-2100000 -2100000 0
-2100000 -2100000 0
-2110000 -2110000 0
-2150000 -2150000 0
-2130000 -2130000 0
-2120000 -2120000 0
-2120000 -2120000 0
-2130000 -2130000 0
-2069999 -2069999 0
-2089999 -2089999 0
-2049999 -2049999 0
-2080000 -2080000 0
-2089999 -2089999 0
-2110000 -2110000 0
-2110000 -2110000 0
-2110000 -2110000 0
-2110000 -2110000 0
-2120000 -2120000 0
-2140000 -2140000 0
-2150000 -2150000 0
-2170000 -2170000 0
-2120000 -2120000 0
-2049999 -2049999 0
-1880000 -1880000 0
-1560000 -1560000 0
-1150000 -1150000 0
-580000 -580000 0
100000 100000 0
820000 820000 0
1480000 1480000 0
1990000 1990000 0
2290000 2290000 0
2380000 2380000 0
2260000 2260000 0
1910000 1910000 0
1260000 1260000 0
380000 380000 0
-680000 -680000 0
-1610000 -1610000 0
-2220000 -2220000 0
-2400000 -2400000 0
-2250000 -2250000 0
-1970000 -1970000 0
-1660000 -1660000 0
-1510000 -1510000 0
-1500000 -1500000 0
-1610000 -1610000 0
-1760000 -1760000 0
-1860000 -1860000 0
-1970000 -1970000 0
-2020000 -2020000 0
-2060000 -2060000 0
-2040000 -2040000 0
-2040000 -2040000 0
-2020000 -2020000 0
-2009999 -2009999 0
-1990000 -1990000 0
-2000000 -2000000 0
-2000000 -2000000 0
-2029999 -2029999 0
-2049999 -2049999 0
-2080000 -2080000 0
-2069999 -2069999 0
-2080000 -2080000 0
-2060000 -2060000 0
-2080000 -2080000 0
-2040000 -2040000 0
-2040000 -2040000 0
-2040000 -2040000 0
-2029999 -2029999 0
-2020000 -2020000 0
-2049999 -2049999 0
-2029999 -2029999 0
-2069999 -2069999 0
-2089999 -2089999 0
-2080000 -2080000 0
-2110000 -2110000 0
-2089999 -2089999 0
-2049999 -2049999 0
-2049999 -2049999 0
-2009999 -2009999 0
-1990000 -1990000 0
-1970000 -1970000 0
-1980000 -1980000 0
-2000000 -2000000 0
-2020000 -2020000 0
-2049999 -2049999 0
-2060000 -2060000 0
-2060000 -2060000 0
-2049999 -2049999 0
-2020000 -2020000 0
-1960000 -1960000 0
-1960000 -1960000 0
-1970000 -1970000 0
-1940000 -1940000 0
-1970000 -1970000 0
-1950000 -1950000 0
-1960000 -1960000 0
-1960000 -1960000 0
-1940000 -1940000 0
-1940000 -1940000 0
-1930000 -1930000 0
-1940000 -1940000 0
-1890000 -1890000 0
-1850000 -1850000 0
-1840000 -1840000 0
-1830000 -1830000 0
-1820000 -1820000 0
-1810000 -1810000 0
-1840000 -1840000 0
-1810000 -1810000 0
-1790000 -1790000 0
-1760000 -1760000 0
-1730000 -1730000 0
-1690000 -1690000 0
-1660000 -1660000 0
-1620000 -1620000 0
-1550000 -1550000 0
-1530000 -1530000 0
-1510000 -1510000 0
-1510000 -1510000 0
-1490000 -1490000 0
-1460000 -1460000 0
-1410000 -1410000 0
-1400000 -1400000 0
-1330000 -1330000 0
-1300000 -1300000 0
-1240000 -1240000 0
-1190000 -1190000 0
-1110000 -1110000 0
-1070000 -1070000 0
-1020000 -1020000 0
-1040000 -1040000 0
-970000 -970000 0
-990000 -990000 0
-970000 -970000 0
-930000 -930000 0
-880000 -880000 0
-850000 -850000 0
-800000 -800000 0
-750000 -750000 0
-720000 -720000 0
-680000 -680000 0
-660000 -660000 0
-690000 -690000 0
-690000 -690000 0
-700000 -700000 0
-720000 -720000 0
-720000 -720000 0
-740000 -740000 0
-770000 -770000 0
-800000 -800000 0
-790000 -790000 0
-820000 -820000 0
-900000 -900000 0
-950000 -950000 0
-1020000 -1020000 0
-1070000 -1070000 0
-1170000 -1170000 0
-1230000 -1230000 0
-1290000 -1290000 0
-1340000 -1340000 0
-1390000 -1390000 0
-1430000 -1430000 0
-1460000 -1460000 0
-1490000 -1490000 0
-1540000 -1540000 0
-1560000 -1560000 0
-1580000 -1580000 0
-1650000 -1650000 0
-1710000 -1710000 0
-1760000 -1760000 0
-1790000 -1790000 0
-1810000 -1810000 0
-1770000 -1770000 0
-1770000 -1770000 0
-1780000 -1780000 0
-1790000 -1790000 0
-1810000 -1810000 0
-1800000 -1800000 0
-1840000 -1840000 0
-1850000 -1850000 0
-1870000 -1870000 0
-1880000 -1880000 0
-1870000 -1870000 0
-1870000 -1870000 0
-1880000 -1880000 0
-1900000 -1900000 0
-1900000 -1900000 0
-1850000 -1850000 0
-1860000 -1860000 0
-1860000 -1860000 0
-1860000 -1860000 0
-1870000 -1870000 0
-1900000 -1900000 0
-1900000 -1900000 0
-1880000 -1880000 0
-1870000 -1870000 0
-1830000 -1830000 0
-1820000 -1820000 0
-1810000 -1810000 0
-1780000 -1780000 0
-1770000 -1770000 0
-1780000 -1780000 0
-1770000 -1770000 0
-1800000 -1800000 0
-1790000 -1790000 0
-1800000 -1800000 0
-1810000 -1810000 0
-1770000 -1770000 0
-1780000 -1780000 0
-1760000 -1760000 0
-1730000 -1730000 0
-1730000 -1730000 0
-1730000 -1730000 0
-1710000 -1710000 0
-1720000 -1720000 0
-1730000 -1730000 0
-1760000 -1760000 0
-1780000 -1780000 0
-1770000 -1770000 0
-1770000 -1770000 0
-1780000 -1780000 0
-1720000 -1720000 0
-1730000 -1730000 0
-1680000 -1680000 0
-1680000 -1680000 0
-1700000 -1700000 0
-1690000 -1690000 0
-1720000 -1720000 0
-1730000 -1730000 0
-1760000 -1760000 0
-1770000 -1770000 0
-1750000 -1750000 0
-1760000 -1760000 0
-1750000 -1750000 0
-1760000 -1760000 0
-1740000 -1740000 0
-1720000 -1720000 0
-1780000 -1780000 0
-1780000 -1780000 0
-1790000 -1790000 0
-1790000 -1790000 0
-1780000 -1780000 0
-1810000 -1810000 0
-1810000 -1810000 0
-1780000 -1780000 0
-1780000 -1780000 0
-1800000 -1800000 0
-1760000 -1760000 0
-1780000 -1780000 0
-1790000 -1790000 0
-1790000 -1790000 0
-1790000 -1790000 0
-1780000 -1780000 0
-1810000 -1810000 0
-1840000 -1840000 0
-1850000 -1850000 0
-1830000 -1830000 0
-1800000 -1800000 0
-1790000 -1790000 0
-1770000 -1770000 0
-1770000 -1770000 0
-1800000 -1800000 0
-1800000 -1800000 0
-1840000 -1840000 0
-1800000 -1800000 0
-1830000 -1830000 0
-1880000 -1880000 0
-1830000 -1830000 0
-1840000 -1840000 0
-1810000 -1810000 0
-1800000 -1800000 0
-1770000 -1770000 0
-1780000 -1780000 0
-1800000 -1800000 0
-1820000 -1820000 0
-1800000 -1800000 0
-1840000 -1840000 0
-1850000 -1850000 0
-1850000 -1850000 0
-1830000 -1830000 0
-1850000 -1850000 0
-1810000 -1810000 0
-1790000 -1790000 0
-1780000 -1780000 0
-1770000 -1770000 0
-1770000 -1770000 0
-1790000 -1790000 0
-1790000 -1790000 0
-1830000 -1830000 0
-1800000 -1800000 0
-1780000 -1780000 0
-1750000 -1750000 0
-1670000 -1670000 0
-1620000 -1620000 0
-1580000 -1580000 0
-1550000 -1550000 0
-1530000 -1530000 0
-1520000 -1520000 0
-1490000 -1490000 0
-1470000 -1470000 0
-1460000 -1460000 0
-1420000 -1420000 0
-1360000 -1360000 0
-1270000 -1270000 0
-1190000 -1190000 0
-1130000 -1130000 0
-1080000 -1080000 0
-1100000 -1100000 0
-1090000 -1090000 0
-1150000 -1150000 0
-1170000 -1170000 0
-1190000 -1190000 0
-1180000 -1180000 0
-1230000 -1230000 0
-1270000 -1270000 0
-1310000 -1310000 0
-1400000 -1400000 0
-1500000 -1500000 0
-1590000 -1590000 0
-1680000 -1680000 0
-1780000 -1780000 0
-1820000 -1820000 0
-1900000 -1900000 0
-1910000 -1910000 0
-1900000 -1900000 0
-1920000 -1920000 0
-1930000 -1930000 0
-1910000 -1910000 0
-1890000 -1890000 0
-1890000 -1890000 0
-1900000 -1900000 0
-1880000 -1880000 0
-1870000 -1870000 0
-1880000 -1880000 0
-1910000 -1910000 0
-1940000 -1940000 0
-1950000 -1950000 0
-1950000 -1950000 0
-1950000 -1950000 0
-1940000 -1940000 0
-1920000 -1920000 0
-1920000 -1920000 0
-1920000 -1920000 0
-1920000 -1920000 0
-1880000 -1880000 0
-1890000 -1890000 0
-1860000 -1860000 0
-1930000 -1930000 0
-1920000 -1920000 0
-1910000 -1910000 0
-1940000 -1940000 0
-1990000 -1990000 0
-2029999 -2029999 0
-1980000 -1980000 0
-1910000 -1910000 0
-1740000 -1740000 0
-1450000 -1450000 0
-990000 -990000 0
-430000 -430000 0
290000 290000 0
1050000 1050000 0
1680000 1680000 0
2190000 2190000 0
2410000 2410000 0
2470000 2470000 0
2290000 2290000 0
1890000 1890000 0
1290000 1290000 0
300000 300000 0
-730000 -730000 0
-1590000 -1590000 0
-2080000 -2080000 0
-2140000 -2140000 0
-1960000 -1960000 0
-1700000 -1700000 0
-1520000 -1520000 0
-1390000 -1390000 0
-1430000 -1430000 0
-1540000 -1540000 0
-1660000 -1660000 0
-1750000 -1750000 0
-1850000 -1850000 0
-1880000 -1880000 0
-1880000 -1880000 0
-1900000 -1900000 0
-1910000 -1910000 0
-1910000 -1910000 0
-1910000 -1910000 0
-1930000 -1930000 0
-1910000 -1910000 0
-1910000 -1910000 0
-1930000 -1930000 0
-1940000 -1940000 0
-1970000 -1970000 0
-1960000 -1960000 0
-1980000 -1980000 0
-1950000 -1950000 0
-1960000 -1960000 0
-1960000 -1960000 0
-1970000 -1970000 0
-1950000 -1950000 0
-1970000 -1970000 0
-1920000 -1920000 0
-1890000 -1890000 0
-1900000 -1900000 0
-1950000 -1950000 0
-1960000 -1960000 0
-1950000 -1950000 0
-1960000 -1960000 0
-1970000 -1970000 0
-1990000 -1990000 0
-1950000 -1950000 0
-1980000 -1980000 0
-1930000 -1930000 0
-1920000 -1920000 0
-1890000 -1890000 0
-1890000 -1890000 0
-1920000 -1920000 0
-1900000 -1900000 0
-1910000 -1910000 0
-1920000 -1920000 0
-1930000 -1930000 0
-1940000 -1940000 0
-1900000 -1900000 0
-1910000 -1910000 0
-1870000 -1870000 0
-1860000 -1860000 0
-1820000 -1820000 0
-1790000 -1790000 0
-1810000 -1810000 0
-1850000 -1850000 0
-1820000 -1820000 0
-1840000 -1840000 0
-1820000 -1820000 0
-1800000 -1800000 0
-1820000 -1820000 0
-1750000 -1750000 0
-1710000 -1710000 0
-1660000 -1660000 0
-1620000 -1620000 0
-1580000 -1580000 0
-1560000 -1560000 0
-1550000 -1550000 0
-1590000 -1590000 0
-1580000 -1580000 0
-1520000 -1520000 0
-1480000 -1480000 0
-1470000 -1470000 0
-1440000 -1440000 0
-1380000 -1380000 0
-1330000 -1330000 0
-1230000 -1230000 0
-1210000 -1210000 0
-1210000 -1210000 0
-1160000 -1160000 0
-1140000 -1140000 0
-1090000 -1090000 0
-1080000 -1080000 0
-1020000 -1020000 0
-1010000 -1010000 0
-940000 -940000 0
-850000 -850000 0
-810000 -810000 0
-730000 -730000 0
-730000 -730000 0
-710000 -710000 0
-690000 -690000 0
-700000 -700000 0
-680000 -680000 0
-650000 -650000 0
-680000 -680000 0
-670000 -670000 0
-630000 -630000 0
-590000 -590000 0
-610000 -610000 0
-620000 -620000 0
-660000 -660000 0
-710000 -710000 0
-780000 -780000 0
-850000 -850000 0
-930000 -930000 0
-960000 -960000 0
-1030000 -1030000 0
-1120000 -1120000 0
-1180000 -1180000 0
-1240000 -1240000 0
-1270000 -1270000 0
-1290000 -1290000 0
-1360000 -1360000 0
-1410000 -1410000 0
-1450000 -1450000 0
-1500000 -1500000 0
-1580000 -1580000 0
-1620000 -1620000 0
-1650000 -1650000 0
-1680000 -1680000 0
-1690000 -1690000 0
-1690000 -1690000 0
-1680000 -1680000 0
-1710000 -1710000 0
-1720000 -1720000 0
-1760000 -1760000 0
-1800000 -1800000 0
-1800000 -1800000 0
-1820000 -1820000 0
-1850000 -1850000 0
-1860000 -1860000 0
-1880000 -1880000 0
-1850000 -1850000 0
-1850000 -1850000 0
-1810000 -1810000 0
-1790000 -1790000 0
-1790000 -1790000 0
-1810000 -1810000 0
-1800000 -1800000 0
-1820000 -1820000 0
-1850000 -1850000 0
-1860000 -1860000 0
-1860000 -1860000 0
-1860000 -1860000 0
-1830000 -1830000 0
-1800000 -1800000 0
-1780000 -1780000 0
-1830000 -1830000 0
-1810000 -1810000 0
-1750000 -1750000 0
-1740000 -1740000 0
-1750000 -1750000 0
-1770000 -1770000 0
-1780000 -1780000 0
-1830000 -1830000 0
-1810000 -1810000 0
-1810000 -1810000 0
-1780000 -1780000 0
-1760000 -1760000 0
-1680000 -1680000 0
-1570000 -1570000 0
-1400000 -1400000 0
-1200000 -1200000 0
-920000 -920000 0
-620000 -620000 0
-310000 -310000 0
20000 20000 0
410000 410000 0
760000 760000 0
1180000 1180000 0
1640000 1640000 0
2080000 2080000 0
2520000 2520000 0
2950000 2950000 0
3270000 3270000 0
3520000 3520000 0
3730000 3730000 0
3820000 3820000 0
3890000 3890000 0
3910000 3910000 0
3890000 3890000 0
3890000 3890000 0
3810000 3810000 0
3690000 3690000 0
3520000 3520000 0
3350000 3350000 0
3250000 3250000 0
3180000 3180000 0
3200000 3200000 0
3180000 3180000 0
3100000 3100000 0
2950000 2950000 0
2760000 2760000 0
2470000 2470000 0
2150000 2150000 0
1760000 1760000 0
1320000 1320000 0
700000 700000 0
-60000 -60000 0
-810000 -810000 0
-1470000 -1470000 0
-1930000 -1930000 0
-2160000 -2160000 0
-2190000 -2190000 0
-2230000 -2230000 0
-2150000 -2150000 0
-2130000 -2130000 0
-2160000 -2160000 0
-2190000 -2190000 0
-2310000 -2310000 0
-2420000 -2420000 0
-2500000 -2500000 0
-2590000 -2590000 0
-2630000 -2630000 0
-2660000 -2660000 0
-2670000 -2670000 0
-2680000 -2680000 0
-2690000 -2690000 0
-2750000 -2750000 0
-2760000 -2760000 0
-2750000 -2750000 0
-2760000 -2760000 0
-2780000 -2780000 0
-2820000 -2820000 0
-2870000 -2870000 0
-2900000 -2900000 0
-2930000 -2930000 0
-2910000 -2910000 0
-2900000 -2900000 0
-2880000 -2880000 0
-2870000 -2870000 0
-2840000 -2840000 0
-2830000 -2830000 0
-2820000 -2820000 0
-2850000 -2850000 0
-2840000 -2840000 0
-2870000 -2870000 0
-2900000 -2900000 0
-2870000 -2870000 0
-2840000 -2840000 0
-2850000 -2850000 0
-2810000 -2810000 0
-2770000 -2770000 0
-2760000 -2760000 0
-2780000 -2780000 0
-2830000 -2830000 0
-2890000 -2890000 0
-2950000 -2950000 0
-3020000 -3020000 0
-3040000 -3040000 0
-3080000 -3080000 0
-3150000 -3150000 0
-3250000 -3250000 0
-3350000 -3350000 0
-3460000 -3460000 0
-3590000 -3590000 0
-3730000 -3730000 0
-3860000 -3860000 0
-3990000 -3990000 0
-4139999 -4139999 0
-4240000 -4240000 0
-4270000 -4270000 0
-4310000 -4310000 0
-4350000 -4350000 0
-4360000 -4360000 0
-4410000 -4410000 0
-4460000 -4460000 0
-4470000 -4470000 0
-4480000 -4480000 0
-4530000 -4530000 0
-4590000 -4590000 0
-4650000 -4650000 0
-4690000 -4690000 0
-4730000 -4730000 0
-4710000 -4710000 0
-4730000 -4730000 0
-4700000 -4700000 0
-4700000 -4700000 0
-4690000 -4690000 0
-4660000 -4660000 0
-4620000 -4620000 0
-4610000 -4610000 0
-4570000 -4570000 0
-4510000 -4510000 0
-4450000 -4450000 0
-4400000 -4400000 0
-4350000 -4350000 0
-4260000 -4260000 0
-4160000 -4160000 0
-4059999 -4059999 0
-3970000 -3970000 0
-3880000 -3880000 0
-3760000 -3760000 0
-3670000 -3670000 0
-3550000 -3550000 0
-3450000 -3450000 0
-3340000 -3340000 0
-3260000 -3260000 0
-3200000 -3200000 0
-3040000 -3040000 0
-2930000 -2930000 0
-2850000 -2850000 0
-2750000 -2750000 0
-2700000 -2700000 0
-2620000 -2620000 0
-2580000 -2580000 0
-2500000 -2500000 0
-2500000 -2500000 0
-2490000 -2490000 0
-2480000 -2480000 0
-2450000 -2450000 0
-2450000 -2450000 0
-2420000 -2420000 0
-2390000 -2390000 0
-2380000 -2380000 0
-2370000 -2370000 0
-2360000 -2360000 0
-2390000 -2390000 0
-2380000 -2380000 0
-2410000 -2410000 0
-2400000 -2400000 0
-2420000 -2420000 0
-2440000 -2440000 0
-2410000 -2410000 0
-2410000 -2410000 0
-2420000 -2420000 0
-2420000 -2420000 0
-2350000 -2350000 0
-2350000 -2350000 0
-2350000 -2350000 0
-2380000 -2380000 0
-2400000 -2400000 0
-2410000 -2410000 0
-2430000 -2430000 0
-2420000 -2420000 0
-2360000 -2360000 0
-2370000 -2370000 0
-2340000 -2340000 0
-2320000 -2320000 0
-2280000 -2280000 0
-2270000 -2270000 0
-2280000 -2280000 0
-2320000 -2320000 0
-2320000 -2320000 0
-2320000 -2320000 0
-2320000 -2320000 0
-2330000 -2330000 0
-2280000 -2280000 0
-2270000 -2270000 0
-2270000 -2270000 0
-2230000 -2230000 0
-2240000 -2240000 0
-2200000 -2200000 0
-2180000 -2180000 0
-2210000 -2210000 0
-2210000 -2210000 0
-2220000 -2220000 0
-2230000 -2230000 0
-2240000 -2240000 0
-2240000 -2240000 0
-2230000 -2230000 0
-2170000 -2170000 0
-2180000 -2180000 0
-2150000 -2150000 0
-2170000 -2170000 0
-2160000 -2160000 0
-2180000 -2180000 0
-2170000 -2170000 0
-2200000 -2200000 0
-2200000 -2200000 0
-2220000 -2220000 0
-2200000 -2200000 0
-2160000 -2160000 0
-2140000 -2140000 0
-2120000 -2120000 0
-2120000 -2120000 0
-2130000 -2130000 0
-2130000 -2130000 0
-2140000 -2140000 0
-2170000 -2170000 0
-2190000 -2190000 0
-2180000 -2180000 0
-2170000 -2170000 0
-2160000 -2160000 0
-2150000 -2150000 0
-2110000 -2110000 0
-2120000 -2120000 0
-2100000 -2100000 0
-2089999 -2089999 0
-2089999 -2089999 0
-2120000 -2120000 0
-2110000 -2110000 0
-2130000 -2130000 0
-2150000 -2150000 0
-2150000 -2150000 0
-2110000 -2110000 0
-2089999 -2089999 0
-2089999 -2089999 0
-2100000 -2100000 0
-2080000 -2080000 0
-2069999 -2069999 0
-2040000 -2040000 0
-2060000 -2060000 0
-2060000 -2060000 0
-2080000 -2080000 0
-2100000 -2100000 0
-2089999 -2089999 0
-2089999 -2089999 0
-2060000 -2060000 0
-2049999 -2049999 0
-2060000 -2060000 0
-2040000 -2040000 0
-2000000 -2000000 0
-2040000 -2040000 0
-2049999 -2049999 0
-2069999 -2069999 0
-2069999 -2069999 0
-2100000 -2100000 0
-2080000 -2080000 0
-2080000 -2080000 0
-2080000 -2080000 0
-2029999 -2029999 0
-2020000 -2020000 0
-1990000 -1990000 0
-1960000 -1960000 0
-1990000 -1990000 0
-2009999 -2009999 0
-2020000 -2020000 0
-2060000 -2060000 0
-2069999 -2069999 0
-2060000 -2060000 0
-2060000 -2060000 0
-2040000 -2040000 0
-2049999 -2049999 0
-1990000 -1990000 0
-1990000 -1990000 0
-1980000 -1980000 0
-1960000 -1960000 0
-1960000 -1960000 0
-2000000 -2000000 0
-2029999 -2029999 0
-2049999 -2049999 0
-2080000 -2080000 0
-2049999 -2049999 0
-2020000 -2020000 0
-2009999 -2009999 0
-2000000 -2000000 0
-1930000 -1930000 0
-1940000 -1940000 0
-1930000 -1930000 0
-1970000 -1970000 0
-2000000 -2000000 0
-2000000 -2000000 0
-1970000 -1970000 0
-1980000 -1980000 0
-1980000 -1980000 0
-1960000 -1960000 0
-1930000 -1930000 0
-1920000 -1920000 0
-1920000 -1920000 0
-1900000 -1900000 0
-1930000 -1930000 0
-1920000 -1920000 0
-1920000 -1920000 0
-1940000 -1940000 0
-1960000 -1960000 0
-1960000 -1960000 0
-1950000 -1950000 0
-1960000 -1960000 0
-1950000 -1950000 0
-1900000 -1900000 0
-1900000 -1900000 0
-1880000 -1880000 0
-1890000 -1890000 0
-1910000 -1910000 0
-1910000 -1910000 0
-1930000 -1930000 0
-1940000 -1940000 0
-1930000 -1930000 0
-1940000 -1940000 0
-1900000 -1900000 0
-1850000 -1850000 0
-1880000 -1880000 0
-1870000 -1870000 0
-1860000 -1860000 0
-1870000 -1870000 0
-1890000 -1890000 0
-1920000 -1920000 0
-1890000 -1890000 0
-1920000 -1920000 0
-1940000 -1940000 0
-1930000 -1930000 0
-1900000 -1900000 0
-1880000 -1880000 0
-1870000 -1870000 0
-1830000 -1830000 0
-1820000 -1820000 0
-1850000 -1850000 0
-1850000 -1850000 0
-1840000 -1840000 0
-1840000 -1840000 0
-1880000 -1880000 0
-1870000 -1870000 0
-1880000 -1880000 0
-1850000 -1850000 0
-1840000 -1840000 0
-1870000 -1870000 0
-1840000 -1840000 0
-1800000 -1800000 0
-1810000 -1810000 0
-1820000 -1820000 0
-1830000 -1830000 0
-1840000 -1840000 0
-1850000 -1850000 0
-1840000 -1840000 0
-1840000 -1840000 0
-1860000 -1860000 0
-1830000 -1830000 0
-1810000 -1810000 0
-1800000 -1800000 0
-1780000 -1780000 0
-1810000 -1810000 0
-1760000 -1760000 0
-1760000 -1760000 0
-1800000 -1800000 0
-1810000 -1810000 0
-1820000 -1820000 0
-1840000 -1840000 0
-1820000 -1820000 0
-1800000 -1800000 0
-1780000 -1780000 0
-1780000 -1780000 0
-1780000 -1780000 0
-1740000 -1740000 0
-1790000 -1790000 0
-1800000 -1800000 0
-1790000 -1790000 0
-1810000 -1810000 0
-1820000 -1820000 0
-1810000 -1810000 0
-1820000 -1820000 0
-1800000 -1800000 0
-1790000 -1790000 0
-1780000 -1780000 0
-1720000 -1720000 0
-1750000 -1750000 0
-1750000 -1750000 0
-1780000 -1780000 0
-1810000 -1810000 0
-1780000 -1780000 0
-1800000 -1800000 0
-1800000 -1800000 0
-1790000 -1790000 0
-1760000 -1760000 0
-1780000 -1780000 0
-1740000 -1740000 0
-1740000 -1740000 0
-1750000 -1750000 0
-1750000 -1750000 0
-1770000 -1770000 0
-1790000 -1790000 0
-1790000 -1790000 0
-1750000 -1750000 0
-1770000 -1770000 0
-1770000 -1770000 0
-1710000 -1710000 0
-1680000 -1680000 0
-1680000 -1680000 0
-1640000 -1640000 0
-1620000 -1620000 0
-1610000 -1610000 0
-1570000 -1570000 0
-1540000 -1540000 0
-1510000 -1510000 0
-1470000 -1470000 0
-1470000 -1470000 0
-1460000 -1460000 0
-1410000 -1410000 0
-1360000 -1360000 0
-1280000 -1280000 0
-1160000 -1160000 0
-1090000 -1090000 0
-1020000 -1020000 0
-1010000 -1010000 0
-1070000 -1070000 0
-1110000 -1110000 0
-1150000 -1150000 0
-1130000 -1130000 0
-1110000 -1110000 0
-1090000 -1090000 0
-1070000 -1070000 0
-1060000 -1060000 0
-1090000 -1090000 0
-1190000 -1190000 0
-1320000 -1320000 0
-1440000 -1440000 0
-1560000 -1560000 0
-1640000 -1640000 0
-1730000 -1730000 0
-1790000 -1790000 0
-1770000 -1770000 0
-1760000 -1760000 0
-1750000 -1750000 0
-1710000 -1710000 0
-1720000 -1720000 0
-1700000 -1700000 0
-1730000 -1730000 0
-1760000 -1760000 0
-1800000 -1800000 0
-1790000 -1790000 0
-1820000 -1820000 0
-1840000 -1840000 0
-1780000 -1780000 0
-1780000 -1780000 0
-1770000 -1770000 0
-1740000 -1740000 0
-1730000 -1730000 0
-1760000 -1760000 0
-1780000 -1780000 0
-1800000 -1800000 0
-1810000 -1810000 0
-1800000 -1800000 0
-1840000 -1840000 0
-1870000 -1870000 0
-1920000 -1920000 0
-1870000 -1870000 0
-1750000 -1750000 0
-1570000 -1570000 0
-1250000 -1250000 0
-820000 -820000 0
-250000 -250000 0
400000 400000 0
1120000 1120000 0
1760000 1760000 0
2330000 2330000 0
2630000 2630000 0
2740000 2740000 0
2660000 2660000 0
2420000 2420000 0
1920000 1920000 0
1210000 1210000 0
250000 250000 0
-770000 -770000 0
-1570000 -1570000 0
-1960000 -1960000 0
-2029999 -2029999 0
-1780000 -1780000 0
-1530000 -1530000 0
-1300000 -1300000 0
-1210000 -1210000 0
-1290000 -1290000 0
-1390000 -1390000 0
-1480000 -1480000 0
-1650000 -1650000 0
-1710000 -1710000 0
-1790000 -1790000 0
-1810000 -1810000 0
-1790000 -1790000 0
-1780000 -1780000 0
-1790000 -1790000 0
-1840000 -1840000 0
-1810000 -1810000 0
-1790000 -1790000 0
-1780000 -1780000 0
-1800000 -1800000 0
-1800000 -1800000 0
-1820000 -1820000 0
-1830000 -1830000 0
-1840000 -1840000 0
-1850000 -1850000 0
-1890000 -1890000 0
-1880000 -1880000 0
-1920000 -1920000 0
-1910000 -1910000 0
-1870000 -1870000 0
-1870000 -1870000 0
-1850000 -1850000 0
-1850000 -1850000 0
-1830000 -1830000 0
-1850000 -1850000 0
-1890000 -1890000 0
-1890000 -1890000 0
-1890000 -1890000 0
-1880000 -1880000 0
-1870000 -1870000 0
-1850000 -1850000 0
-1840000 -1840000 0
-1820000 -1820000 0
-1840000 -1840000 0
-1810000 -1810000 0
-1810000 -1810000 0
-1830000 -1830000 0
-1870000 -1870000 0
-1890000 -1890000 0
-1860000 -1860000 0
-1880000 -1880000 0
-1860000 -1860000 0
-1820000 -1820000 0
-1800000 -1800000 0
-1790000 -1790000 0
-1730000 -1730000 0
-1740000 -1740000 0
-1760000 -1760000 0
-1750000 -1750000 0
-1780000 -1780000 0
-1770000 -1770000 0
-1780000 -1780000 0
-1760000 -1760000 0
-1770000 -1770000 0
-1740000 -1740000 0
-1690000 -1690000 0
-1660000 -1660000 0
-1660000 -1660000 0
-1670000 -1670000 0
-1690000 -1690000 0
-1690000 -1690000 0
-1640000 -1640000 0
-1620000 -1620000 0
-1640000 -1640000 0
-1650000 -1650000 0
-1600000 -1600000 0
-1510000 -1510000 0
-1480000 -1480000 0
-1420000 -1420000 0
-1380000 -1380000 0
-1360000 -1360000 0
-1330000 -1330000 0
-1280000 -1280000 0
-1300000 -1300000 0
-1270000 -1270000 0
-1230000 -1230000 0
-1230000 -1230000 0
-1180000 -1180000 0
-1120000 -1120000 0
-1070000 -1070000 0
-1040000 -1040000 0
-990000 -990000 0
-970000 -970000 0
-910000 -910000 0
-890000 -890000 0
-890000 -890000 0
-870000 -870000 0
-830000 -830000 0
-820000 -820000 0
-780000 -780000 0
-720000 -720000 0
-690000 -690000 0
-670000 -670000 0
-600000 -600000 0
-590000 -590000 0
-560000 -560000 0
-590000 -590000 0
-600000 -600000 0
-600000 -600000 0
-610000 -610000 0
-650000 -650000 0
-650000 -650000 0
-700000 -700000 0
-700000 -700000 0
-760000 -760000 0
-780000 -780000 0
-820000 -820000 0
-910000 -910000 0
-970000 -970000 0
-1020000 -1020000 0
-1080000 -1080000 0
-1140000 -1140000 0
-1210000 -1210000 0
-1230000 -1230000 0
-1280000 -1280000 0
-1280000 -1280000 0
-1350000 -1350000 0
-1320000 -1320000 0
-1360000 -1360000 0
-1430000 -1430000 0
-1440000 -1440000 0
-1490000 -1490000 0
-1510000 -1510000 0
-1530000 -1530000 0
-1570000 -1570000 0
-1550000 -1550000 0
-1570000 -1570000 0
-1590000 -1590000 0
-1570000 -1570000 0
-1560000 -1560000 0
-1570000 -1570000 0
-1580000 -1580000 0
-1580000 -1580000 0
-1580000 -1580000 0
-1560000 -1560000 0
-1590000 -1590000 0
-1610000 -1610000 0
-1590000 -1590000 0
-1580000 -1580000 0
-1570000 -1570000 0
-1540000 -1540000 0
-1530000 -1530000 0
-1550000 -1550000 0
-1540000 -1540000 0
-1560000 -1560000 0
-1570000 -1570000 0
-1560000 -1560000 0
-1570000 -1570000 0
-1560000 -1560000 0
-1570000 -1570000 0
-1550000 -1550000 0
-1510000 -1510000 0
-1480000 -1480000 0
-1490000 -1490000 0
-1480000 -1480000 0
-1500000 -1500000 0
-1500000 -1500000 0
-1520000 -1520000 0
-1540000 -1540000 0
-1570000 -1570000 0
-1550000 -1550000 0
-1550000 -1550000 0
-1490000 -1490000 0
-1480000 -1480000 0
-1460000 -1460000 0
-1450000 -1450000 0
-1440000 -1440000 0
-1440000 -1440000 0
-1480000 -1480000 0
-1550000 -1550000 0
-1540000 -1540000 0
-1530000 -1530000 0
-1560000 -1560000 0
-1580000 -1580000 0
-1550000 -1550000 0
-1530000 -1530000 0
-1520000 -1520000 0
-1510000 -1510000 0
-1520000 -1520000 0
-1550000 -1550000 0
-1550000 -1550000 0
-1600000 -1600000 0
-1600000 -1600000 0
-1570000 -1570000 0
-1620000 -1620000 0
-1610000 -1610000 0
-1600000 -1600000 0
-1600000 -1600000 0
-1580000 -1580000 0
-1570000 -1570000 0
-1570000 -1570000 0
-1590000 -1590000 0
-1620000 -1620000 0
-1640000 -1640000 0
-1650000 -1650000 0
-1670000 -1670000 0
-1700000 -1700000 0
-1720000 -1720000 0
-1670000 -1670000 0
-1650000 -1650000 0
-1620000 -1620000 0
-1620000 -1620000 0
-1610000 -1610000 0
-1660000 -1660000 0
-1680000 -1680000 0
-1690000 -1690000 0
-1690000 -1690000 0
-1710000 -1710000 0
-1730000 -1730000 0
-1710000 -1710000 0
-1690000 -1690000 0
-1680000 -1680000 0
-1670000 -1670000 0
-1650000 -1650000 0
-1660000 -1660000 0
-1660000 -1660000 0
-1670000 -1670000 0
-1680000 -1680000 0
-1680000 -1680000 0
-1700000 -1700000 0
-1700000 -1700000 0
-1720000 -1720000 0
-1680000 -1680000 0
-1700000 -1700000 0
-1660000 -1660000 0
-1650000 -1650000 0
-1680000 -1680000 0
-1670000 -1670000 0
-1700000 -1700000 0
-1710000 -1710000 0
-1730000 -1730000 0
-1730000 -1730000 0
-1720000 -1720000 0
-1720000 -1720000 0
-1690000 -1690000 0
-1670000 -1670000 0
-1680000 -1680000 0
-1680000 -1680000 0
-1670000 -1670000 0
-1670000 -1670000 0
-1680000 -1680000 0
-1700000 -1700000 0
-1690000 -1690000 0
-1680000 -1680000 0
-1660000 -1660000 0
-1580000 -1580000 0
-1550000 -1550000 0
-1490000 -1490000 0
-1450000 -1450000 0
-1420000 -1420000 0
-1380000 -1380000 0
-1360000 -1360000 0
-1350000 -1350000 0
-1340000 -1340000 0
-1270000 -1270000 0
-1170000 -1170000 0
-1110000 -1110000 0
-1040000 -1040000 0
-1000000 -1000000 0
-980000 -980000 0
-1020000 -1020000 0
-1020000 -1020000 0
-1030000 -1030000 0
-1040000 -1040000 0
-1060000 -1060000 0
-1120000 -1120000 0
-1180000 -1180000 0
-1270000 -1270000 0
-1370000 -1370000 0
-1470000 -1470000 0
-1560000 -1560000 0
-1650000 -1650000 0
-1700000 -1700000 0
-1690000 -1690000 0
-1720000 -1720000 0
-1770000 -1770000 0
-1800000 -1800000 0
-1830000 -1830000 0
-1810000 -1810000 0
-1780000 -1780000 0
-1810000 -1810000 0
-1790000 -1790000 0
-1800000 -1800000 0
-1800000 -1800000 0
-1790000 -1790000 0
-1800000 -1800000 0
-1810000 -1810000 0
-1810000 -1810000 0
-1830000 -1830000 0
-1840000 -1840000 0
-1840000 -1840000 0
-1870000 -1870000 0
-1870000 -1870000 0
-1850000 -1850000 0
-1840000 -1840000 0
-1800000 -1800000 0
-1780000 -1780000 0
-1770000 -1770000 0
-1750000 -1750000 0
-1750000 -1750000 0
-1760000 -1760000 0
-1820000 -1820000 0
-1860000 -1860000 0
-1940000 -1940000 0
-1980000 -1980000 0
-1900000 -1900000 0
-1720000 -1720000 0
-1390000 -1390000 0
-930000 -930000 0
-320000 -320000 0
410000 410000 0
1180000 1180000 0
1890000 1890000 0
2350000 2350000 0
2620000 2620000 0
2630000 2630000 0
2390000 2390000 0
1930000 1930000 0
1170000 1170000 0
150000 150000 0
-870000 -870000 0
-1650000 -1650000 0
-2049999 -2049999 0
-2080000 -2080000 0
-1840000 -1840000 0
-1580000 -1580000 0
-1400000 -1400000 0
-1320000 -1320000 0
-1360000 -1360000 0
-1480000 -1480000 0
-1620000 -1620000 0
-1700000 -1700000 0
-1780000 -1780000 0
-1780000 -1780000 0
-1790000 -1790000 0
-1770000 -1770000 0
-1780000 -1780000 0
-1800000 -1800000 0
-1810000 -1810000 0
-1840000 -1840000 0
-1900000 -1900000 0
-1850000 -1850000 0
-1830000 -1830000 0
-1810000 -1810000 0
-1830000 -1830000 0
-1830000 -1830000 0
-1810000 -1810000 0
-1800000 -1800000 0
-1850000 -1850000 0
-1870000 -1870000 0
-1870000 -1870000 0
-1870000 -1870000 0
-1880000 -1880000 0
-1890000 -1890000 0
-1840000 -1840000 0
-1830000 -1830000 0
-1840000 -1840000 0
-1860000 -1860000 0
-1840000 -1840000 0
-1880000 -1880000 0
-1870000 -1870000 0
-1900000 -1900000 0
-1920000 -1920000 0
-1940000 -1940000 0
-1910000 -1910000 0
-1900000 -1900000 0
-1870000 -1870000 0
-1870000 -1870000 0
-1850000 -1850000 0
-1800000 -1800000 0
-1810000 -1810000 0
-1790000 -1790000 0
-1840000 -1840000 0
-1850000 -1850000 0
-1860000 -1860000 0
-1860000 -1860000 0
-1860000 -1860000 0
-1830000 -1830000 0
-1820000 -1820000 0
-1800000 -1800000 0
-1780000 -1780000 0
-1720000 -1720000 0
-1710000 -1710000 0
-1710000 -1710000 0
-1690000 -1690000 0
-1710000 -1710000 0
-1720000 -1720000 0
-1680000 -1680000 0
-1710000 -1710000 0
-1660000 -1660000 0
-1630000 -1630000 0
-1570000 -1570000 0
-1560000 -1560000 0
-1510000 -1510000 0
-1500000 -1500000 0
-1490000 -1490000 0
-1420000 -1420000 0
-1430000 -1430000 0
-1400000 -1400000 0
-1370000 -1370000 0
-1310000 -1310000 0
-1310000 -1310000 0
-1270000 -1270000 0
-1210000 -1210000 0
-1150000 -1150000 0
-1070000 -1070000 0
-990000 -990000 0
-990000 -990000 0
-970000 -970000 0
-930000 -930000 0
-900000 -900000 0
-900000 -900000 0
-900000 -900000 0
-870000 -870000 0
-790000 -790000 0
-750000 -750000 0
-690000 -690000 0
-700000 -700000 0
-700000 -700000 0
-670000 -670000 0
-690000 -690000 0
-660000 -660000 0
-650000 -650000 0
-660000 -660000 0
-670000 -670000 0
-710000 -710000 0
-690000 -690000 0
-700000 -700000 0
-720000 -720000 0
-760000 -760000 0
-790000 -790000 0
-850000 -850000 0
-910000 -910000 0
-990000 -990000 0
-1100000 -1100000 0
-1170000 -1170000 0
-1240000 -1240000 0
-1290000 -1290000 0
-1330000 -1330000 0
-1420000 -1420000 0
-1420000 -1420000 0
-1430000 -1430000 0
-1460000 -1460000 0
-1540000 -1540000 0
-1580000 -1580000 0
-1630000 -1630000 0
-1690000 -1690000 0
-1730000 -1730000 0
-1770000 -1770000 0
-1770000 -1770000 0
-1790000 -1790000 0
-1780000 -1780000 0
-1780000 -1780000 0
-1760000 -1760000 0
-1790000 -1790000 0
-1810000 -1810000 0
-1810000 -1810000 0
-1830000 -1830000 0
-1840000 -1840000 0
-1860000 -1860000 0
-1870000 -1870000 0
-1890000 -1890000 0
-1880000 -1880000 0
-1850000 -1850000 0
-1850000 -1850000 0
-1800000 -1800000 0
-1850000 -1850000 0
-1860000 -1860000 0
-1820000 -1820000 0
-1820000 -1820000 0
-1830000 -1830000 0
-1840000 -1840000 0
-1830000 -1830000 0
-1830000 -1830000 0
-1870000 -1870000 0
-1800000 -1800000 0
-1790000 -1790000 0
-1770000 -1770000 0
-1770000 -1770000 0
-1760000 -1760000 0
-1810000 -1810000 0
-1810000 -1810000 0
-1790000 -1790000 0
-1810000 -1810000 0
-1810000 -1810000 0
-1770000 -1770000 0
-1730000 -1730000 0
-1730000 -1730000 0
-1720000 -1720000 0
-1670000 -1670000 0
-1690000 -1690000 0
-1680000 -1680000 0
-1710000 -1710000 0
-1750000 -1750000 0
-1790000 -1790000 0
-1760000 -1760000 0
-1790000 -1790000 0
-1810000 -1810000 0
-1770000 -1770000 0
-1740000 -1740000 0
-1740000 -1740000 0
-1760000 -1760000 0
-1720000 -1720000 0
-1750000 -1750000 0
-1760000 -1760000 0
-1740000 -1740000 0
-1770000 -1770000 0
-1780000 -1780000 0
-1780000 -1780000 0
-1810000 -1810000 0
-1770000 -1770000 0
-1750000 -1750000 0
-1790000 -1790000 0
-1750000 -1750000 0
-1740000 -1740000 0
-1750000 -1750000 0
-1770000 -1770000 0
-1810000 -1810000 0
-1840000 -1840000 0
-1880000 -1880000 0
-1850000 -1850000 0
-1840000 -1840000 0
-1840000 -1840000 0
-1810000 -1810000 0
-1800000 -1800000 0
-1760000 -1760000 0
-1770000 -1770000 0
-1790000 -1790000 0
-1800000 -1800000 0
-1810000 -1810000 0
-1830000 -1830000 0
-1850000 -1850000 0
-1860000 -1860000 0
-1860000 -1860000 0
-1870000 -1870000 0
-1850000 -1850000 0
-1830000 -1830000 0
-1810000 -1810000 0
-1800000 -1800000 0
-1790000 -1790000 0
-1830000 -1830000 0
-1850000 -1850000 0
-1840000 -1840000 0
-1870000 -1870000 0
-1900000 -1900000 0
-1910000 -1910000 0
-1870000 -1870000 0
-1840000 -1840000 0
-1820000 -1820000 0
-1790000 -1790000 0
-1780000 -1780000 0
-1780000 -1780000 0
-1770000 -1770000 0
-1760000 -1760000 0
-1740000 -1740000 0
-1730000 -1730000 0
-1720000 -1720000 0
-1660000 -1660000 0
-1650000 -1650000 0
-1610000 -1610000 0
-1560000 -1560000 0
-1520000 -1520000 0
-1520000 -1520000 0
-1480000 -1480000 0
-1460000 -1460000 0
-1410000 -1410000 0
-1380000 -1380000 0
-1290000 -1290000 0
-1240000 -1240000 0
-1170000 -1170000 0
-1160000 -1160000 0
-1150000 -1150000 0
-1160000 -1160000 0
-1170000 -1170000 0
-1160000 -1160000 0
-1200000 -1200000 0
-1170000 -1170000 0
-1210000 -1210000 0
-1240000 -1240000 0
-1310000 -1310000 0
-1410000 -1410000 0
-1480000 -1480000 0
-1580000 -1580000 0
-1660000 -1660000 0
-1760000 -1760000 0
-1800000 -1800000 0
-1830000 -1830000 0
-1870000 -1870000 0
-1870000 -1870000 0
-1880000 -1880000 0
-1920000 -1920000 0
-1920000 -1920000 0
-1910000 -1910000 0
-1920000 -1920000 0
-1910000 -1910000 0
-1910000 -1910000 0
-1940000 -1940000 0
-1900000 -1900000 0
-1930000 -1930000 0
-1930000 -1930000 0
-1940000 -1940000 0
-1960000 -1960000 0
-1940000 -1940000 0
-1950000 -1950000 0
-1930000 -1930000 0
-1940000 -1940000 0
-1910000 -1910000 0
-1870000 -1870000 0
-1840000 -1840000 0
-1830000 -1830000 0
-1870000 -1870000 0
-1890000 -1890000 0
-1900000 -1900000 0
-1970000 -1970000 0
-2000000 -2000000 0
-2060000 -2060000 0
-2029999 -2029999 0
-2000000 -2000000 0
-1860000 -1860000 0
-1610000 -1610000 0
-1260000 -1260000 0
-770000 -770000 0
-160000 -160000 0
540000 540000 0
1270000 1270000 0
1870000 1870000 0
2310000 2310000 0
2470000 2470000 0
2460000 2460000 0
2220000 2220000 0
1700000 1700000 0
880000 880000 0
-180000 -180000 0
-1170000 -1170000 0
-1860000 -1860000 0
-2200000 -2200000 0
-2140000 -2140000 0
-1900000 -1900000 0
-1640000 -1640000 0
-1490000 -1490000 0
-1470000 -1470000 0
-1550000 -1550000 0
-1660000 -1660000 0
-1740000 -1740000 0
-1830000 -1830000 0
-1850000 -1850000 0
-1860000 -1860000 0
-1890000 -1890000 0
-1890000 -1890000 0
-1910000 -1910000 0
-1920000 -1920000 0
-1920000 -1920000 0
-1930000 -1930000 0
-1940000 -1940000 0
-1930000 -1930000 0
-1890000 -1890000 0
-1880000 -1880000 0
-1870000 -1870000 0
-1870000 -1870000 0
-1900000 -1900000 0
-1910000 -1910000 0
-1930000 -1930000 0
-1930000 -1930000 0
-1960000 -1960000 0
-2000000 -2000000 0
-1980000 -1980000 0
-1970000 -1970000 0
-1930000 -1930000 0
-1960000 -1960000 0
-1950000 -1950000 0
-1970000 -1970000 0
-1910000 -1910000 0
-1910000 -1910000 0
-1920000 -1920000 0
-1920000 -1920000 0
-1950000 -1950000 0
-1920000 -1920000 0
-1920000 -1920000 0
-1940000 -1940000 0
-1870000 -1870000 0
-1890000 -1890000 0
-1850000 -1850000 0
-1840000 -1840000 0
-1850000 -1850000 0
-1830000 -1830000 0
-1840000 -1840000 0
-1860000 -1860000 0
-1880000 -1880000 0
-1910000 -1910000 0
-1870000 -1870000 0
-1890000 -1890000 0
-1810000 -1810000 0
-1780000 -1780000 0
-1730000 -1730000 0
-1710000 -1710000 0
-1770000 -1770000 0
-1770000 -1770000 0
-1790000 -1790000 0
-1730000 -1730000 0
-1740000 -1740000 0
-1720000 -1720000 0
-1700000 -1700000 0
-1660000 -1660000 0
-1640000 -1640000 0
-1580000 -1580000 0
-1560000 -1560000 0
-1530000 -1530000 0
-1520000 -1520000 0
-1510000 -1510000 0
-1490000 -1490000 0
-1510000 -1510000 0
-1490000 -1490000 0
-1450000 -1450000 0
-1430000 -1430000 0
-1380000 -1380000 0
-1310000 -1310000 0
-1280000 -1280000 0
-1240000 -1240000 0
-1170000 -1170000 0
-1150000 -1150000 0
-1130000 -1130000 0
-1080000 -1080000 0
-1070000 -1070000 0
-1020000 -1020000 0
-1010000 -1010000 0
-980000 -980000 0
-940000 -940000 0
-850000 -850000 0
-840000 -840000 0
-790000 -790000 0
-760000 -760000 0
-750000 -750000 0
-740000 -740000 0
-760000 -760000 0
-720000 -720000 0
-710000 -710000 0
-690000 -690000 0
-690000 -690000 0
-660000 -660000 0
-630000 -630000 0
-630000 -630000 0
-630000 -630000 0
-650000 -650000 0
-710000 -710000 0
-800000 -800000 0
-850000 -850000 0
-950000 -950000 0
-960000 -960000 0
-1040000 -1040000 0
-1100000 -1100000 0
-1160000 -1160000 0
-1220000 -1220000 0
-1250000 -1250000 0
-1310000 -1310000 0
-1350000 -1350000 0
-1390000 -1390000 0
-1490000 -1490000 0
-1530000 -1530000 0
-1570000 -1570000 0
-1600000 -1600000 0
-1650000 -1650000 0
-1670000 -1670000 0
-1680000 -1680000 0
-1720000 -1720000 0
-1720000 -1720000 0
-1680000 -1680000 0
-1690000 -1690000 0
-1710000 -1710000 0
-1760000 -1760000 0
-1780000 -1780000 0
-1800000 -1800000 0
-1810000 -1810000 0
-1790000 -1790000 0
-1820000 -1820000 0
-1850000 -1850000 0
-1810000 -1810000 0
-1810000 -1810000 0
-1790000 -1790000 0
-1790000 -1790000 0
-1800000 -1800000 0
-1810000 -1810000 0
-1810000 -1810000 0
-1870000 -1870000 0
-1900000 -1900000 0
-1880000 -1880000 0
-1870000 -1870000 0
-1880000 -1880000 0
-1840000 -1840000 0
-1790000 -1790000 0
-1790000 -1790000 0
-1770000 -1770000 0
-1760000 -1760000 0
-1770000 -1770000 0
-1790000 -1790000 0
-1800000 -1800000 0
-1800000 -1800000 0
-1780000 -1780000 0
-1790000 -1790000 0
-1790000 -1790000 0
-1760000 -1760000 0
-1750000 -1750000 0
-1730000 -1730000 0
-1700000 -1700000 0
-1690000 -1690000 0
-1680000 -1680000 0
-1710000 -1710000 0
-1730000 -1730000 0
-1720000 -1720000 0
-1710000 -1710000 0
-1710000 -1710000 0
-1710000 -1710000 0
-1680000 -1680000 0
-1670000 -1670000 0
-1640000 -1640000 0
-1650000 -1650000 0
-1660000 -1660000 0
-1660000 -1660000 0
-1690000 -1690000 0
-1690000 -1690000 0
-1730000 -1730000 0
-1720000 -1720000 0
-1710000 -1710000 0
-1730000 -1730000 0
-1690000 -1690000 0
-1690000 -1690000 0
-1680000 -1680000 0
-1690000 -1690000 0
-1700000 -1700000 0
-1730000 -1730000 0
-1750000 -1750000 0
-1760000 -1760000 0
-1780000 -1780000 0
-1820000 -1820000 0
-1800000 -1800000 0
-1760000 -1760000 0
-1760000 -1760000 0
-1780000 -1780000 0
-1760000 -1760000 0
-1720000 -1720000 0
-1740000 -1740000 0
-1760000 -1760000 0
-1770000 -1770000 0
-1800000 -1800000 0
-1810000 -1810000 0
-1830000 -1830000 0
-1830000 -1830000 0
-1840000 -1840000 0
-1810000 -1810000 0
-1780000 -1780000 0
-1800000 -1800000 0
-1800000 -1800000 0
-1790000 -1790000 0
-1810000 -1810000 0
-1800000 -1800000 0
-1830000 -1830000 0
-1850000 -1850000 0
-1870000 -1870000 0
-1840000 -1840000 0
-1830000 -1830000 0
-1820000 -1820000 0
-1820000 -1820000 0
-1790000 -1790000 0
-1790000 -1790000 0
-1800000 -1800000 0
-1810000 -1810000 0
-1810000 -1810000 0
-1860000 -1860000 0
-1900000 -1900000 0
-1920000 -1920000 0
-1890000 -1890000 0
-1850000 -1850000 0
-1840000 -1840000 0
-1830000 -1830000 0
-1800000 -1800000 0
-1790000 -1790000 0
-1800000 -1800000 0
-1800000 -1800000 0
-1830000 -1830000 0
-1860000 -1860000 0
-1860000 -1860000 0
-1800000 -1800000 0
-1830000 -1830000 0
-1800000 -1800000 0
-1730000 -1730000 0
-1630000 -1630000 0
-1570000 -1570000 0
-1560000 -1560000 0
-1510000 -1510000 0
-1490000 -1490000 0
-1490000 -1490000 0
-1480000 -1480000 0
-1460000 -1460000 0
-1430000 -1430000 0
-1370000 -1370000 0
-1310000 -1310000 0
-1200000 -1200000 0
-1110000 -1110000 0
-1050000 -1050000 0
-1070000 -1070000 0
-1110000 -1110000 0
-1150000 -1150000 0
-1170000 -1170000 0
-1200000 -1200000 0
-1210000 -1210000 0
-1210000 -1210000 0
-1240000 -1240000 0
-1240000 -1240000 0
-1290000 -1290000 0
-1360000 -1360000 0
-1450000 -1450000 0
-1590000 -1590000 0
-1710000 -1710000 0
-1830000 -1830000 0
-1820000 -1820000 0
-1840000 -1840000 0
-1870000 -1870000 0
-1910000 -1910000 0
-1900000 -1900000 0
-1900000 -1900000 0
-1870000 -1870000 0
-1900000 -1900000 0
-1890000 -1890000 0
-1880000 -1880000 0
-1890000 -1890000 0
-1910000 -1910000 0
-1940000 -1940000 0
-1950000 -1950000 0
-1940000 -1940000 0
-1970000 -1970000 0
-1950000 -1950000 0
-1960000 -1960000 0
-1930000 -1930000 0
-1910000 -1910000 0
-1930000 -1930000 0
-1940000 -1940000 0
-1940000 -1940000 0
-1930000 -1930000 0
-1940000 -1940000 0
-1950000 -1950000 0
-1930000 -1930000 0
-1920000 -1920000 0
-1940000 -1940000 0
-1930000 -1930000 0
-1900000 -1900000 0
-1970000 -1970000 0
-2000000 -2000000 0
-2009999 -2009999 0
-1990000 -1990000 0
-1860000 -1860000 0
-1590000 -1590000 0
-1230000 -1230000 0
-740000 -740000 0
-60000 -60000 0
680000 680000 0
1450000 1450000 0
2100000 2100000 0
2530000 2530000 0
2700000 2700000 0
2680000 2680000 0
2380000 2380000 0
1840000 1840000 0
960000 960000 0
-60000 -60000 0
-1110000 -1110000 0
-1860000 -1860000 0
-2170000 -2170000 0
-2120000 -2120000 0
-1850000 -1850000 0
-1550000 -1550000 0
-1410000 -1410000 0
-1360000 -1360000 0
-1420000 -1420000 0
-1550000 -1550000 0
-1710000 -1710000 0
-1840000 -1840000 0
-1900000 -1900000 0
-1920000 -1920000 0
-1940000 -1940000 0
-1930000 -1930000 0
-1900000 -1900000 0
-1890000 -1890000 0
-1860000 -1860000 0
-1890000 -1890000 0
-1900000 -1900000 0
-1900000 -1900000 0
-1910000 -1910000 0
-1930000 -1930000 0
-1970000 -1970000 0
-1970000 -1970000 0
-1970000 -1970000 0
-1950000 -1950000 0
-1930000 -1930000 0
-1910000 -1910000 0
-1910000 -1910000 0
-1880000 -1880000 0
-1890000 -1890000 0
-1900000 -1900000 0
-1940000 -1940000 0
-1930000 -1930000 0
-1950000 -1950000 0
-1980000 -1980000 0
-1970000 -1970000 0
-1930000 -1930000 0
-1930000 -1930000 0
-1920000 -1920000 0
-1910000 -1910000 0
-1880000 -1880000 0
-1880000 -1880000 0
-1900000 -1900000 0
-1910000 -1910000 0
-1910000 -1910000 0
-1920000 -1920000 0
-1920000 -1920000 0
-1900000 -1900000 0
-1910000 -1910000 0
-1890000 -1890000 0
-1880000 -1880000 0
-1860000 -1860000 0
-1870000 -1870000 0
-1860000 -1860000 0
-1850000 -1850000 0
-1840000 -1840000 0
-1840000 -1840000 0
-1850000 -1850000 0
-1830000 -1830000 0
-1800000 -1800000 0
-1780000 -1780000 0
-1770000 -1770000 0
-1710000 -1710000 0
-1680000 -1680000 0
-1690000 -1690000 0
-1650000 -1650000 0
-1630000 -1630000 0
-1680000 -1680000 0
-1670000 -1670000 0
-1670000 -1670000 0
-1660000 -1660000 0
-1570000 -1570000 0
-1550000 -1550000 0
-1500000 -1500000 0
-1460000 -1460000 0
-1420000 -1420000 0
-1360000 -1360000 0
-1320000 -1320000 0
-1270000 -1270000 0
-1250000 -1250000 0
-1240000 -1240000 0
-1230000 -1230000 0
-1180000 -1180000 0
-1120000 -1120000 0
-1100000 -1100000 0
-1010000 -1010000 0
-990000 -990000 0
-930000 -930000 0
-840000 -840000 0
-820000 -820000 0
-790000 -790000 0
-770000 -770000 0
-750000 -750000 0
-720000 -720000 0
-720000 -720000 0
-670000 -670000 0
-640000 -640000 0
-590000 -590000 0
-560000 -560000 0
-540000 -540000 0
-540000 -540000 0
-550000 -550000 0
-520000 -520000 0
-560000 -560000 0
-620000 -620000 0
-660000 -660000 0
-700000 -700000 0
-740000 -740000 0
-760000 -760000 0
-820000 -820000 0
-870000 -870000 0
-940000 -940000 0
-970000 -970000 0
-1050000 -1050000 0
-1100000 -1100000 0
-1180000 -1180000 0
-1250000 -1250000 0
-1310000 -1310000 0
-1390000 -1390000 0
-1440000 -1440000 0
-1460000 -1460000 0
-1490000 -1490000 0
-1510000 -1510000 0
-1550000 -1550000 0
-1550000 -1550000 0
-1590000 -1590000 0
-1610000 -1610000 0
-1640000 -1640000 0
-1670000 -1670000 0
-1710000 -1710000 0
-1740000 -1740000 0
-1760000 -1760000 0
-1750000 -1750000 0
-1730000 -1730000 0
-1720000 -1720000 0
-1730000 -1730000 0
-1720000 -1720000 0
-1730000 -1730000 0
-1750000 -1750000 0
-1750000 -1750000 0
-1780000 -1780000 0
-1790000 -1790000 0
-1780000 -1780000 0
-1790000 -1790000 0
-1820000 -1820000 0
-1760000 -1760000 0
-1760000 -1760000 0
-1710000 -1710000 0
-1720000 -1720000 0
-1710000 -1710000 0
-1710000 -1710000 0
-1740000 -1740000 0
-1760000 -1760000 0
-1790000 -1790000 0
-1780000 -1780000 0
-1760000 -1760000 0
-1750000 -1750000 0
-1730000 -1730000 0
-1690000 -1690000 0
-1670000 -1670000 0
-1660000 -1660000 0
-1670000 -1670000 0
-1670000 -1670000 0
-1670000 -1670000 0
-1670000 -1670000 0
-1710000 -1710000 0
-1760000 -1760000 0
-1750000 -1750000 0
-1720000 -1720000 0
-1700000 -1700000 0
-1670000 -1670000 0
-1670000 -1670000 0
-1640000 -1640000 0
-1650000 -1650000 0
-1650000 -1650000 0
-1680000 -1680000 0
-1690000 -1690000 0
-1680000 -1680000 0
-1710000 -1710000 0
-1750000 -1750000 0
-1760000 -1760000 0
-1730000 -1730000 0
-1740000 -1740000 0
-1690000 -1690000 0
-1680000 -1680000 0
-1720000 -1720000 0
-1680000 -1680000 0
-1710000 -1710000 0
-1730000 -1730000 0
-1730000 -1730000 0
-1750000 -1750000 0
-1770000 -1770000 0
-1750000 -1750000 0
-1740000 -1740000 0
-1780000 -1780000 0
-1680000 -1680000 0
-1710000 -1710000 0
-1740000 -1740000 0
-1710000 -1710000 0
-1740000 -1740000 0
-1760000 -1760000 0
-1770000 -1770000 0
-1770000 -1770000 0
-1770000 -1770000 0
-1760000 -1760000 0
-1750000 -1750000 0
-1750000 -1750000 0
-1750000 -1750000 0
-1740000 -1740000 0
-1760000 -1760000 0
-1800000 -1800000 0
-1790000 -1790000 0
-1780000 -1780000 0
-1820000 -1820000 0
-1810000 -1810000 0
-1830000 -1830000 0
-1800000 -1800000 0
-1790000 -1790000 0
-1780000 -1780000 0
-1740000 -1740000 0
-1750000 -1750000 0
-1750000 -1750000 0
-1780000 -1780000 0
-1770000 -1770000 0
-1800000 -1800000 0
-1810000 -1810000 0
-1840000 -1840000 0
-1850000 -1850000 0
-1850000 -1850000 0
-1800000 -1800000 0
-1770000 -1770000 0
-1790000 -1790000 0
-1750000 -1750000 0
-1760000 -1760000 0
-1760000 -1760000 0
-1770000 -1770000 0
-1790000 -1790000 0
-1810000 -1810000 0
-1810000 -1810000 0
-1800000 -1800000 0
-1790000 -1790000 0
-1760000 -1760000 0
-1700000 -1700000 0
-1720000 -1720000 0
-1690000 -1690000 0
-1700000 -1700000 0
-1650000 -1650000 0
-1640000 -1640000 0
-1630000 -1630000 0
-1620000 -1620000 0
-1560000 -1560000 0
-1570000 -1570000 0
-1520000 -1520000 0
-1470000 -1470000 0
-1420000 -1420000 0
-1380000 -1380000 0
-1320000 -1320000 0
-1270000 -1270000 0
-1190000 -1190000 0
-1150000 -1150000 0
-1150000 -1150000 0
-1090000 -1090000 0
-1120000 -1120000 0
-1140000 -1140000 0
-1160000 -1160000 0
-1150000 -1150000 0
-1120000 -1120000 0
-1120000 -1120000 0
-1130000 -1130000 0
-1200000 -1200000 0
-1280000 -1280000 0
-1380000 -1380000 0
-1530000 -1530000 0
-1670000 -1670000 0
-1750000 -1750000 0
-1820000 -1820000 0
-1850000 -1850000 0
-1850000 -1850000 0
-1820000 -1820000 0
-1810000 -1810000 0
-1790000 -1790000 0
-1830000 -1830000 0
-1850000 -1850000 0
-1860000 -1860000 0
-1860000 -1860000 0
-1900000 -1900000 0
-1900000 -1900000 0
-1920000 -1920000 0
-1910000 -1910000 0
-1900000 -1900000 0
-1890000 -1890000 0
-1890000 -1890000 0
-1850000 -1850000 0
-1850000 -1850000 0
-1900000 -1900000 0
-1910000 -1910000 0
-1920000 -1920000 0
-1930000 -1930000 0
-1940000 -1940000 0
-1950000 -1950000 0
-1940000 -1940000 0
-1880000 -1880000 0
-1860000 -1860000 0
-1830000 -1830000 0
-1850000 -1850000 0
-1860000 -1860000 0
-1930000 -1930000 0
-1980000 -1980000 0
-2040000 -2040000 0
-2040000 -2040000 0
-1880000 -1880000 0
-1670000 -1670000 0
-1290000 -1290000 0
-760000 -760000 0
-90000 -90000 0
660000 660000 0
1380000 1380000 0
1970000 1970000 0
2380000 2380000 0
2540000 2540000 0
2450000 2450000 0
2140000 2140000 0
1580000 1580000 0
670000 670000 0
-380000 -380000 0
-1400000 -1400000 0
-2060000 -2060000 0
-2260000 -2260000 0
-2170000 -2170000 0
-1880000 -1880000 0
-1600000 -1600000 0
-1450000 -1450000 0
-1420000 -1420000 0
-1510000 -1510000 0
-1690000 -1690000 0
-1780000 -1780000 0
-1850000 -1850000 0
-1900000 -1900000 0
-1890000 -1890000 0
-1860000 -1860000 0
-1850000 -1850000 0
-1850000 -1850000 0
-1900000 -1900000 0
-1880000 -1880000 0
-1940000 -1940000 0
-1960000 -1960000 0
-1980000 -1980000 0
-1980000 -1980000 0
-1990000 -1990000 0
-1950000 -1950000 0
-1940000 -1940000 0
-1930000 -1930000 0
-1910000 -1910000 0
-1960000 -1960000 0
-1980000 -1980000 0
-1980000 -1980000 0
-2020000 -2020000 0
-2020000 -2020000 0
-2009999 -2009999 0
-2000000 -2000000 0
-1980000 -1980000 0
-1970000 -1970000 0
-1970000 -1970000 0
-1950000 -1950000 0
-1900000 -1900000 0
-1940000 -1940000 0
-1940000 -1940000 0
-1960000 -1960000 0
-1980000 -1980000 0
-2040000 -2040000 0
-2000000 -2000000 0
-1990000 -1990000 0
-1970000 -1970000 0
-1970000 -1970000 0
-1920000 -1920000 0
-1900000 -1900000 0
-1870000 -1870000 0
-1880000 -1880000 0
-1900000 -1900000 0
-1880000 -1880000 0
-1930000 -1930000 0
-1930000 -1930000 0
-1920000 -1920000 0
-1900000 -1900000 0
-1890000 -1890000 0
-1830000 -1830000 0
-1830000 -1830000 0
-1760000 -1760000 0
-1730000 -1730000 0
-1720000 -1720000 0
-1690000 -1690000 0
-1730000 -1730000 0
-1750000 -1750000 0
-1750000 -1750000 0
-1710000 -1710000 0
-1690000 -1690000 0
-1660000 -1660000 0
-1640000 -1640000 0
-1580000 -1580000 0
-1570000 -1570000 0
-1500000 -1500000 0
-1460000 -1460000 0
-1430000 -1430000 0
-1420000 -1420000 0
-1360000 -1360000 0
-1360000 -1360000 0
-1320000 -1320000 0
-1310000 -1310000 0
-1220000 -1220000 0
-1150000 -1150000 0
-1110000 -1110000 0
-1020000 -1020000 0
-980000 -980000 0
-940000 -940000 0
-930000 -930000 0
-930000 -930000 0
-890000 -890000 0
-880000 -880000 0
-830000 -830000 0
-810000 -810000 0
-810000 -810000 0
-750000 -750000 0
-710000 -710000 0
-670000 -670000 0
-630000 -630000 0
-620000 -620000 0
-640000 -640000 0
-650000 -650000 0
-660000 -660000 0
-710000 -710000 0
-710000 -710000 0
-770000 -770000 0
-810000 -810000 0
-840000 -840000 0
-870000 -870000 0
-940000 -940000 0
-980000 -980000 0
-1070000 -1070000 0
-1140000 -1140000 0
-1240000 -1240000 0
-1290000 -1290000 0
-1350000 -1350000 0
-1450000 -1450000 0
-1500000 -1500000 0
-1550000 -1550000 0
-1550000 -1550000 0
-1620000 -1620000 0
-1640000 -1640000 0
-1660000 -1660000 0
-1700000 -1700000 0
-1730000 -1730000 0
-1760000 -1760000 0
-1800000 -1800000 0
-1820000 -1820000 0
-1860000 -1860000 0
-1850000 -1850000 0
-1850000 -1850000 0
-1860000 -1860000 0
-1840000 -1840000 0
-1820000 -1820000 0
-1820000 -1820000 0
-1850000 -1850000 0
-1870000 -1870000 0
-1880000 -1880000 0
-1910000 -1910000 0
-1910000 -1910000 0
-1940000 -1940000 0
-1950000 -1950000 0
-1940000 -1940000 0
-1910000 -1910000 0
-1890000 -1890000 0
-1890000 -1890000 0
-1880000 -1880000 0
-1870000 -1870000 0
-1870000 -1870000 0
-1890000 -1890000 0
-1950000 -1950000 0
-1950000 -1950000 0
-1930000 -1930000 0
-1920000 -1920000 0
-1910000 -1910000 0
-1870000 -1870000 0
-1870000 -1870000 0
-1890000 -1890000 0
-1890000 -1890000 0
-1870000 -1870000 0
-1890000 -1890000 0
-1890000 -1890000 0
-1900000 -1900000 0
-1880000 -1880000 0
-1820000 -1820000 0
-1830000 -1830000 0
-1850000 -1850000 0
-1840000 -1840000 0
-1790000 -1790000 0
-1800000 -1800000 0
-1790000 -1790000 0
-1780000 -1780000 0
-1770000 -1770000 0
-1780000 -1780000 0
-1840000 -1840000 0
-1820000 -1820000 0
-1840000 -1840000 0
-1870000 -1870000 0
-1860000 -1860000 0
-1810000 -1810000 0
-1780000 -1780000 0
-1790000 -1790000 0
-1750000 -1750000 0
-1780000 -1780000 0
-1800000 -1800000 0
-1790000 -1790000 0
-1820000 -1820000 0
-1850000 -1850000 0
-1850000 -1850000 0
-1870000 -1870000 0
-1870000 -1870000 0
-1850000 -1850000 0
-1850000 -1850000 0
-1850000 -1850000 0
-1820000 -1820000 0
-1810000 -1810000 0
-1850000 -1850000 0
-1870000 -1870000 0
-1890000 -1890000 0
-1910000 -1910000 0
-1920000 -1920000 0
-1930000 -1930000 0
-1950000 -1950000 0
-1920000 -1920000 0
-1900000 -1900000 0
-1840000 -1840000 0
-1820000 -1820000 0
-1830000 -1830000 0
-1850000 -1850000 0
-1850000 -1850000 0
-1890000 -1890000 0
-1890000 -1890000 0
-1880000 -1880000 0
-1930000 -1930000 0
-1920000 -1920000 0
-1930000 -1930000 0
-1930000 -1930000 0
-1930000 -1930000 0
-1880000 -1880000 0
-1890000 -1890000 0
-1890000 -1890000 0
-1920000 -1920000 0
-1940000 -1940000 0
-1970000 -1970000 0
-1950000 -1950000 0
-1930000 -1930000 0
-1930000 -1930000 0
-1890000 -1890000 0
-1870000 -1870000 0
-1830000 -1830000 0
-1790000 -1790000 0
-1760000 -1760000 0
-1770000 -1770000 0
-1720000 -1720000 0
-1720000 -1720000 0
-1710000 -1710000 0
-1690000 -1690000 0
-1690000 -1690000 0
-1630000 -1630000 0
-1600000 -1600000 0
-1550000 -1550000 0
-1480000 -1480000 0
-1380000 -1380000 0
-1310000 -1310000 0
-1250000 -1250000 0
-1210000 -1210000 0
-1220000 -1220000 0
-1240000 -1240000 0
-1240000 -1240000 0
-1290000 -1290000 0
-1290000 -1290000 0
-1310000 -1310000 0
-1310000 -1310000 0
-1310000 -1310000 0
-1350000 -1350000 0
-1470000 -1470000 0
-1550000 -1550000 0
-1660000 -1660000 0
-1760000 -1760000 0
-1880000 -1880000 0
-1910000 -1910000 0
-1980000 -1980000 0
-1960000 -1960000 0
-1960000 -1960000 0
-1950000 -1950000 0
-1940000 -1940000 0
-1930000 -1930000 0
-1970000 -1970000 0
-1980000 -1980000 0
-2009999 -2009999 0
-2009999 -2009999 0
-2040000 -2040000 0
-2060000 -2060000 0
-2069999 -2069999 0
-2040000 -2040000 0
-2020000 -2020000 0
-1990000 -1990000 0
-1990000 -1990000 0
-1960000 -1960000 0
-1990000 -1990000 0
-1980000 -1980000 0
-2040000 -2040000 0
-2029999 -2029999 0
-2020000 -2020000 0
-2009999 -2009999 0
-2040000 -2040000 0
-2029999 -2029999 0
-2020000 -2020000 0
-2000000 -2000000 0
-1960000 -1960000 0
-1990000 -1990000 0
-2060000 -2060000 0
-2069999 -2069999 0
-2040000 -2040000 0
-2000000 -2000000 0
-1860000 -1860000 0
-1590000 -1590000 0
-1190000 -1190000 0
-710000 -710000 0
-50000 -50000 0
700000 700000 0
1400000 1400000 0
1950000 1950000 0
2280000 2280000 0
2400000 2400000 0
2360000 2360000 0
2089999 2089999 0
1550000 1550000 0
770000 770000 0
-220000 -220000 0
-1240000 -1240000 0
-1980000 -1980000 0
-2320000 -2320000 0
-2290000 -2290000 0
-2040000 -2040000 0
-1750000 -1750000 0
-1570000 -1570000 0
-1480000 -1480000 0
-1580000 -1580000 0
-1680000 -1680000 0
-1820000 -1820000 0
-1960000 -1960000 0
-2000000 -2000000 0
-2040000 -2040000 0
-2049999 -2049999 0
-2049999 -2049999 0
-2020000 -2020000 0
-2000000 -2000000 0
-2020000 -2020000 0
-2040000 -2040000 0
-2069999 -2069999 0
-2069999 -2069999 0
-2100000 -2100000 0
-2160000 -2160000 0
-2110000 -2110000 0
-2110000 -2110000 0
-2069999 -2069999 0
-2040000 -2040000 0
-2060000 -2060000 0
-2060000 -2060000 0
-2040000 -2040000 0
-2069999 -2069999 0
-2060000 -2060000 0
-2080000 -2080000 0
-2100000 -2100000 0
-2120000 -2120000 0
-2089999 -2089999 0
-2080000 -2080000 0
-2040000 -2040000 0
-2060000 -2060000 0
-1990000 -1990000 0
-2000000 -2000000 0
-1990000 -1990000 0
-2029999 -2029999 0
-2029999 -2029999 0
-2060000 -2060000 0
-2080000 -2080000 0
-2040000 -2040000 0
-2080000 -2080000 0
-2080000 -2080000 0
-2020000 -2020000 0
-2000000 -2000000 0
-1950000 -1950000 0
-1980000 -1980000 0
-1960000 -1960000 0
-1970000 -1970000 0
-1970000 -1970000 0
-2020000 -2020000 0
-1990000 -1990000 0
-1990000 -1990000 0
-1970000 -1970000 0
-1950000 -1950000 0
-1920000 -1920000 0
-1880000 -1880000 0
-1850000 -1850000 0
-1830000 -1830000 0
-1810000 -1810000 0
-1810000 -1810000 0
-1820000 -1820000 0
-1820000 -1820000 0
-1810000 -1810000 0
-1810000 -1810000 0
-1780000 -1780000 0
-1730000 -1730000 0
-1710000 -1710000 0
-1660000 -1660000 0
-1620000 -1620000 0
-1600000 -1600000 0
-1590000 -1590000 0
-1570000 -1570000 0
-1560000 -1560000 0
-1540000 -1540000 0
-1540000 -1540000 0
-1490000 -1490000 0
-1450000 -1450000 0
-1410000 -1410000 0
-1320000 -1320000 0
-1280000 -1280000 0
-1250000 -1250000 0
-1190000 -1190000 0
-1160000 -1160000 0
-1150000 -1150000 0
-1130000 -1130000 0
-1080000 -1080000 0
-1040000 -1040000 0
-1010000 -1010000 0
-970000 -970000 0
-890000 -890000 0
-850000 -850000 0
-790000 -790000 0
-760000 -760000 0
-760000 -760000 0
-740000 -740000 0
-750000 -750000 0
-690000 -690000 0
-690000 -690000 0
-710000 -710000 0
-710000 -710000 0
-690000 -690000 0
-680000 -680000 0
-670000 -670000 0
-680000 -680000 0
-720000 -720000 0
-750000 -750000 0
-810000 -810000 0
-880000 -880000 0
-970000 -970000 0
-1040000 -1040000 0
-1090000 -1090000 0
-1160000 -1160000 0
-1230000 -1230000 0
-1290000 -1290000 0
-1300000 -1300000 0
-1410000 -1410000 0
-1420000 -1420000 0
-1470000 -1470000 0
-1510000 -1510000 0
-1590000 -1590000 0
-1670000 -1670000 0
-1690000 -1690000 0
-1740000 -1740000 0
-1740000 -1740000 0
-1810000 -1810000 0
-1800000 -1800000 0
-1790000 -1790000 0
-1790000 -1790000 0
-1780000 -1780000 0
-1810000 -1810000 0
-1830000 -1830000 0
-1840000 -1840000 0
-1890000 -1890000 0
-1910000 -1910000 0
-1940000 -1940000 0
-1950000 -1950000 0
-1940000 -1940000 0
-1940000 -1940000 0
-1900000 -1900000 0
-1880000 -1880000 0
-1890000 -1890000 0
-1890000 -1890000 0
-1910000 -1910000 0
-1930000 -1930000 0
-1950000 -1950000 0
-1930000 -1930000 0
-1950000 -1950000 0
-1940000 -1940000 0
-1970000 -1970000 0
-1970000 -1970000 0
-1920000 -1920000 0
-1870000 -1870000 0
-1850000 -1850000 0
-1850000 -1850000 0
-1860000 -1860000 0
-1880000 -1880000 0
-1870000 -1870000 0
-1900000 -1900000 0
-1930000 -1930000 0
-1920000 -1920000 0
-1890000 -1890000 0
-1860000 -1860000 0
-1840000 -1840000 0
-1850000 -1850000 0
-1830000 -1830000 0
-1810000 -1810000 0
-1820000 -1820000 0
-1850000 -1850000 0
-1860000 -1860000 0
-1860000 -1860000 0
-1820000 -1820000 0
-1820000 -1820000 0
-1820000 -1820000 0
-1810000 -1810000 0
-1780000 -1780000 0
-1760000 -1760000 0
-1800000 -1800000 0
-1770000 -1770000 0
-1740000 -1740000 0
-1760000 -1760000 0
-1770000 -1770000 0
-1780000 -1780000 0
-1810000 -1810000 0
-1790000 -1790000 0
-1830000 -1830000 0
-1770000 -1770000 0
-1780000 -1780000 0
-1770000 -1770000 0
-1780000 -1780000 0
-1780000 -1780000 0
-1790000 -1790000 0
-1800000 -1800000 0
-1840000 -1840000 0
-1870000 -1870000 0
-1860000 -1860000 0
-1850000 -1850000 0
-1840000 -1840000 0
-1840000 -1840000 0
-1830000 -1830000 0
-1800000 -1800000 0
-1780000 -1780000 0
-1770000 -1770000 0
-1790000 -1790000 0
-1810000 -1810000 0
-1850000 -1850000 0
-1860000 -1860000 0
-1890000 -1890000 0
-1900000 -1900000 0
-1870000 -1870000 0
-1870000 -1870000 0
-1880000 -1880000 0
-1860000 -1860000 0
-1850000 -1850000 0
-1830000 -1830000 0
-1840000 -1840000 0
-1840000 -1840000 0
-1870000 -1870000 0
-1890000 -1890000 0
-1920000 -1920000 0
-1910000 -1910000 0
-1850000 -1850000 0
-1870000 -1870000 0
-1850000 -1850000 0
-1830000 -1830000 0
-1860000 -1860000 0
-1870000 -1870000 0
-1880000 -1880000 0
-1890000 -1890000 0
-1900000 -1900000 0
-1920000 -1920000 0
-1920000 -1920000 0
-1900000 -1900000 0
-1890000 -1890000 0
-1950000 -1950000 0
-1900000 -1900000 0
-1900000 -1900000 0
-1870000 -1870000 0
-1850000 -1850000 0
-1850000 -1850000 0
-1850000 -1850000 0
-1840000 -1840000 0
-1880000 -1880000 0
-1910000 -1910000 0
-1910000 -1910000 0
-1900000 -1900000 0
-1870000 -1870000 0
-1850000 -1850000 0
-1840000 -1840000 0
-1820000 -1820000 0
-1810000 -1810000 0
-1810000 -1810000 0
-1830000 -1830000 0
-1850000 -1850000 0
-1850000 -1850000 0
-1850000 -1850000 0
-1840000 -1840000 0
-1790000 -1790000 0
-1780000 -1780000 0
-1720000 -1720000 0
-1640000 -1640000 0
-1590000 -1590000 0
-1550000 -1550000 0
-1540000 -1540000 0
-1550000 -1550000 0
-1570000 -1570000 0
-1510000 -1510000 0
-1480000 -1480000 0
-1460000 -1460000 0
-1360000 -1360000 0
-1280000 -1280000 0
-1210000 -1210000 0
-1160000 -1160000 0
-1080000 -1080000 0
-1060000 -1060000 0
-1110000 -1110000 0
-1150000 -1150000 0
-1180000 -1180000 0
-1230000 -1230000 0
-1220000 -1220000 0
-1270000 -1270000 0
-1290000 -1290000 0
-1340000 -1340000 0
-1410000 -1410000 0
-1510000 -1510000 0
-1620000 -1620000 0
-1720000 -1720000 0
-1760000 -1760000 0
-1840000 -1840000 0
-1870000 -1870000 0
-1910000 -1910000 0
-1940000 -1940000 0
-1920000 -1920000 0
-1920000 -1920000 0
-1900000 -1900000 0
-1910000 -1910000 0
-1920000 -1920000 0
-1900000 -1900000 0
-1880000 -1880000 0
-1870000 -1870000 0
-1890000 -1890000 0
-1900000 -1900000 0
-1920000 -1920000 0
-1940000 -1940000 0
-1930000 -1930000 0
-1940000 -1940000 0
-1920000 -1920000 0
-1890000 -1890000 0
-1880000 -1880000 0
-1890000 -1890000 0
-1850000 -1850000 0
-1900000 -1900000 0
-1900000 -1900000 0
-1900000 -1900000 0
-1900000 -1900000 0
-1890000 -1890000 0
-1910000 -1910000 0
-1940000 -1940000 0
-1990000 -1990000 0
-2000000 -2000000 0
-1990000 -1990000 0
-1880000 -1880000 0
-1660000 -1660000 0
-1290000 -1290000 0
-750000 -750000 0
-80000 -80000 0
700000 700000 0
1460000 1460000 0
2060000 2060000 0
2460000 2460000 0
2590000 2590000 0
2520000 2520000 0
2210000 2210000 0
1620000 1620000 0
780000 780000 0
-250000 -250000 0
-1260000 -1260000 0
-1900000 -1900000 0
-2140000 -2140000 0
-2080000 -2080000 0
-1780000 -1780000 0
-1550000 -1550000 0
-1390000 -1390000 0
-1350000 -1350000 0
-1420000 -1420000 0
-1540000 -1540000 0
-1650000 -1650000 0
-1750000 -1750000 0
-1840000 -1840000 0
-1860000 -1860000 0
-1860000 -1860000 0
-1880000 -1880000 0
-1880000 -1880000 0
-1860000 -1860000 0
-1890000 -1890000 0
-1850000 -1850000 0
-1820000 -1820000 0
-1870000 -1870000 0
-1840000 -1840000 0
-1890000 -1890000 0
-1880000 -1880000 0
-1890000 -1890000 0
-1920000 -1920000 0
-1920000 -1920000 0
-1920000 -1920000 0
-1950000 -1950000 0
-1940000 -1940000 0
-1890000 -1890000 0
-1890000 -1890000 0
-1860000 -1860000 0
-1890000 -1890000 0
-1910000 -1910000 0
-1910000 -1910000 0
-1910000 -1910000 0
-1920000 -1920000 0
-1940000 -1940000 0
-1970000 -1970000 0
-1950000 -1950000 0
-1900000 -1900000 0
-1930000 -1930000 0
-1890000 -1890000 0
-1860000 -1860000 0
-1850000 -1850000 0
-1860000 -1860000 0
-1850000 -1850000 0
-1900000 -1900000 0
-1890000 -1890000 0
-1920000 -1920000 0
-1950000 -1950000 0
-1930000 -1930000 0
-1890000 -1890000 0
-1880000 -1880000 0
-1830000 -1830000 0
-1820000 -1820000 0
-1780000 -1780000 0
-1780000 -1780000 0
-1770000 -1770000 0
-1780000 -1780000 0
-1760000 -1760000 0
-1780000 -1780000 0
-1750000 -1750000 0
-1770000 -1770000 0
-1720000 -1720000 0
-1700000 -1700000 0
-1630000 -1630000 0
-1620000 -1620000 0
-1600000 -1600000 0
-1580000 -1580000 0
-1540000 -1540000 0
-1550000 -1550000 0
-1560000 -1560000 0
-1520000 -1520000 0
-1490000 -1490000 0
-1430000 -1430000 0
-1380000 -1380000 0
-1350000 -1350000 0
-1310000 -1310000 0
-1240000 -1240000 0
-1190000 -1190000 0
-1140000 -1140000 0
-1110000 -1110000 0
-1090000 -1090000 0
-1100000 -1100000 0
-1050000 -1050000 0
-1030000 -1030000 0
-960000 -960000 0
-910000 -910000 0
-850000 -850000 0
-790000 -790000 0
-740000 -740000 0
-710000 -710000 0
-710000 -710000 0
-670000 -670000 0
-680000 -680000 0
-620000 -620000 0
-640000 -640000 0
-590000 -590000 0
-580000 -580000 0
-540000 -540000 0
-540000 -540000 0
-490000 -490000 0
-470000 -470000 0
-480000 -480000 0
-550000 -550000 0
-610000 -610000 0
-620000 -620000 0
-660000 -660000 0
-750000 -750000 0
-810000 -810000 0
-870000 -870000 0
-880000 -880000 0
-950000 -950000 0
-970000 -970000 0
-1040000 -1040000 0
-1080000 -1080000 0
-1170000 -1170000 0
-1230000 -1230000 0
-1290000 -1290000 0
-1380000 -1380000 0
-1430000 -1430000 0
-1490000 -1490000 0
-1510000 -1510000 0
-1510000 -1510000 0
-1540000 -1540000 0
-1550000 -1550000 0
-1570000 -1570000 0
-1600000 -1600000 0
-1590000 -1590000 0
-1630000 -1630000 0
-1700000 -1700000 0
-1690000 -1690000 0
-1740000 -1740000 0
-1720000 -1720000 0
-1770000 -1770000 0
-1760000 -1760000 0
-1720000 -1720000 0
-1710000 -1710000 0
-1720000 -1720000 0
-1700000 -1700000 0
-1700000 -1700000 0
-1730000 -1730000 0
-1760000 -1760000 0
-1730000 -1730000 0
-1730000 -1730000 0
-1750000 -1750000 0
-1740000 -1740000 0
-1730000 -1730000 0
-1720000 -1720000 0
-1690000 -1690000 0
-1680000 -1680000 0
-1660000 -1660000 0
-1670000 -1670000 0
-1680000 -1680000 0
-1690000 -1690000 0
-1700000 -1700000 0
-1710000 -1710000 0
-1710000 -1710000 0
-1690000 -1690000 0
-1710000 -1710000 0
-1670000 -1670000 0
-1640000 -1640000 0
-1640000 -1640000 0
-1620000 -1620000 0
-1610000 -1610000 0
-1630000 -1630000 0
-1630000 -1630000 0
-1650000 -1650000 0
-1660000 -1660000 0
-1660000 -1660000 0
-1640000 -1640000 0
-1630000 -1630000 0
-1590000 -1590000 0
-1610000 -1610000 0
-1550000 -1550000 0
-1580000 -1580000 0
-1560000 -1560000 0
-1580000 -1580000 0
-1600000 -1600000 0
-1610000 -1610000 0
-1650000 -1650000 0
-1660000 -1660000 0
-1660000 -1660000 0
-1670000 -1670000 0
-1630000 -1630000 0
-1610000 -1610000 0
-1630000 -1630000 0
-1590000 -1590000 0
-1610000 -1610000 0
-1660000 -1660000 0
-1710000 -1710000 0
-1680000 -1680000 0
-1700000 -1700000 0
-1710000 -1710000 0
-1730000 -1730000 0
-1700000 -1700000 0
-1720000 -1720000 0
-1710000 -1710000 0
-1680000 -1680000 0
-1690000 -1690000 0
-1710000 -1710000 0
-1720000 -1720000 0
-1720000 -1720000 0
-1730000 -1730000 0
-1770000 -1770000 0
-1740000 -1740000 0
-1730000 -1730000 0
-1760000 -1760000 0
-1750000 -1750000 0
-1740000 -1740000 0
-1720000 -1720000 0
-1700000 -1700000 0
-1710000 -1710000 0
-1710000 -1710000 0
-1750000 -1750000 0
-1760000 -1760000 0
-1780000 -1780000 0
-1770000 -1770000 0
-1780000 -1780000 0
-1770000 -1770000 0
-1740000 -1740000 0
-1750000 -1750000 0
-1720000 -1720000 0
-1710000 -1710000 0
-1720000 -1720000 0
-1730000 -1730000 0
-1720000 -1720000 0
-1770000 -1770000 0
-1770000 -1770000 0
-1810000 -1810000 0
-1800000 -1800000 0
-1800000 -1800000 0
-1810000 -1810000 0
-1800000 -1800000 0
-1750000 -1750000 0
-1740000 -1740000 0
-1730000 -1730000 0
-1730000 -1730000 0
-1790000 -1790000 0
-1770000 -1770000 0
-1800000 -1800000 0
-1800000 -1800000 0
-1790000 -1790000 0
-1800000 -1800000 0
-1800000 -1800000 0
-1800000 -1800000 0
-1770000 -1770000 0
-1720000 -1720000 0
-1720000 -1720000 0
-1720000 -1720000 0
-1710000 -1710000 0
-1710000 -1710000 0
-1700000 -1700000 0
-1700000 -1700000 0
-1670000 -1670000 0
-1640000 -1640000 0
-1570000 -1570000 0
-1490000 -1490000 0
-1460000 -1460000 0
-1470000 -1470000 0
-1450000 -1450000 0
-1400000 -1400000 0
-1370000 -1370000 0
-1310000 -1310000 0
-1220000 -1220000 0
-1160000 -1160000 0
-1090000 -1090000 0
-1050000 -1050000 0
-1040000 -1040000 0
-1050000 -1050000 0
-1060000 -1060000 0
-1080000 -1080000 0
-1090000 -1090000 0
-1090000 -1090000 0
-1130000 -1130000 0
-1190000 -1190000 0
-1260000 -1260000 0
-1360000 -1360000 0
-1460000 -1460000 0
-1550000 -1550000 0
-1620000 -1620000 0
-1740000 -1740000 0
-1750000 -1750000 0
-1770000 -1770000 0
-1790000 -1790000 0
-1800000 -1800000 0
-1800000 -1800000 0
-1800000 -1800000 0
-1850000 -1850000 0
-1860000 -1860000 0
-1880000 -1880000 0
-1870000 -1870000 0
-1870000 -1870000 0
-1880000 -1880000 0
-1860000 -1860000 0
-1850000 -1850000 0
-1890000 -1890000 0
-1870000 -1870000 0
-1870000 -1870000 0
-1880000 -1880000 0
-1890000 -1890000 0
-1910000 -1910000 0
-1890000 -1890000 0
-1880000 -1880000 0
-1850000 -1850000 0
-1840000 -1840000 0
-1860000 -1860000 0
-1840000 -1840000 0
-1860000 -1860000 0
-1850000 -1850000 0
-1850000 -1850000 0
-1870000 -1870000 0
-1880000 -1880000 0
-1890000 -1890000 0
-1950000 -1950000 0
-2009999 -2009999 0
-2020000 -2020000 0
-1980000 -1980000 0
-1850000 -1850000 0
-1560000 -1560000 0
-1210000 -1210000 0
-710000 -710000 0
-40000 -40000 0
750000 750000 0
1480000 1480000 0
2040000 2040000 0
2430000 2430000 0
2570000 2570000 0
2470000 2470000 0
2040000 2040000 0
1350000 1350000 0
330000 330000 0
-780000 -780000 0
-1680000 -1680000 0
-2150000 -2150000 0
-2220000 -2220000 0
-2020000 -2020000 0
-1740000 -1740000 0
-1510000 -1510000 0
-1410000 -1410000 0
-1420000 -1420000 0
-1560000 -1560000 0
-1640000 -1640000 0
-1740000 -1740000 0
-1840000 -1840000 0
-1880000 -1880000 0
-1920000 -1920000 0
-1910000 -1910000 0
-1930000 -1930000 0
-1950000 -1950000 0
-1940000 -1940000 0
-1910000 -1910000 0
-1920000 -1920000 0
-1910000 -1910000 0
-1920000 -1920000 0
-1910000 -1910000 0
-1910000 -1910000 0
-1950000 -1950000 0
-1940000 -1940000 0
-1940000 -1940000 0
-1940000 -1940000 0
-1990000 -1990000 0
-1980000 -1980000 0
-1940000 -1940000 0
-1930000 -1930000 0
-1940000 -1940000 0
-1940000 -1940000 0
-1900000 -1900000 0
-1920000 -1920000 0
-1940000 -1940000 0
-1930000 -1930000 0
-1950000 -1950000 0
-1970000 -1970000 0
-1980000 -1980000 0
-1970000 -1970000 0
-1970000 -1970000 0
-1910000 -1910000 0
-1910000 -1910000 0
-1900000 -1900000 0
-1900000 -1900000 0
-1880000 -1880000 0
-1890000 -1890000 0
-1870000 -1870000 0
-1890000 -1890000 0
-1920000 -1920000 0
-1910000 -1910000 0
-1890000 -1890000 0
-1890000 -1890000 0
-1830000 -1830000 0
-1830000 -1830000 0
-1820000 -1820000 0
-1820000 -1820000 0
-1820000 -1820000 0
-1820000 -1820000 0
-1800000 -1800000 0
-1800000 -1800000 0
-1810000 -1810000 0
-1780000 -1780000 0
-1770000 -1770000 0
-1740000 -1740000 0
-1720000 -1720000 0
-1650000 -1650000 0
-1610000 -1610000 0
-1580000 -1580000 0
-1580000 -1580000 0
-1570000 -1570000 0
-1580000 -1580000 0
-1570000 -1570000 0
-1550000 -1550000 0
-1530000 -1530000 0
-1460000 -1460000 0
-1400000 -1400000 0
-1330000 -1330000 0
-1300000 -1300000 0
-1240000 -1240000 0
-1180000 -1180000 0
-1160000 -1160000 0
-1130000 -1130000 0
-1100000 -1100000 0
-1080000 -1080000 0
-1050000 -1050000 0
-1020000 -1020000 0
-960000 -960000 0
-920000 -920000 0
-860000 -860000 0
-800000 -800000 0
-740000 -740000 0
-690000 -690000 0
-660000 -660000 0
-660000 -660000 0
-660000 -660000 0
-700000 -700000 0
-680000 -680000 0
-660000 -660000 0
-660000 -660000 0
-650000 -650000 0
-670000 -670000 0
-700000 -700000 0
-730000 -730000 0
-740000 -740000 0
-810000 -810000 0
-890000 -890000 0
-980000 -980000 0
-1050000 -1050000 0
-1130000 -1130000 0
-1210000 -1210000 0
-1300000 -1300000 0
-1360000 -1360000 0
-1360000 -1360000 0
-1410000 -1410000 0
-1460000 -1460000 0
-1470000 -1470000 0
-1520000 -1520000 0
-1590000 -1590000 0
-1620000 -1620000 0
-1680000 -1680000 0
-1710000 -1710000 0
-1740000 -1740000 0
-1760000 -1760000 0
-1750000 -1750000 0
-1780000 -1780000 0
-1770000 -1770000 0
-1810000 -1810000 0
-1780000 -1780000 0
-1810000 -1810000 0
-1830000 -1830000 0
-1860000 -1860000 0
-1870000 -1870000 0
-1910000 -1910000 0
-1910000 -1910000 0
-1900000 -1900000 0
-1890000 -1890000 0
-1860000 -1860000 0
-1830000 -1830000 0
-1830000 -1830000 0
-1830000 -1830000 0
-1850000 -1850000 0
-1820000 -1820000 0
-1840000 -1840000 0
-1880000 -1880000 0
-1890000 -1890000 0
-1870000 -1870000 0
-1810000 -1810000 0
-1830000 -1830000 0
-1820000 -1820000 0
-1820000 -1820000 0
-1780000 -1780000 0
-1770000 -1770000 0
-1770000 -1770000 0
-1800000 -1800000 0
-1810000 -1810000 0
-1810000 -1810000 0
-1810000 -1810000 0
-1800000 -1800000 0
-1800000 -1800000 0
-1800000 -1800000 0
-1780000 -1780000 0
-1740000 -1740000 0
-1750000 -1750000 0
-1750000 -1750000 0
-1740000 -1740000 0
-1710000 -1710000 0
-1750000 -1750000 0
-1750000 -1750000 0
-1760000 -1760000 0
-1770000 -1770000 0
-1760000 -1760000 0
-1780000 -1780000 0
-1760000 -1760000 0
-1750000 -1750000 0
-1760000 -1760000 0
-1760000 -1760000 0
-1750000 -1750000 0
-1770000 -1770000 0
-1800000 -1800000 0
-1780000 -1780000 0
-1780000 -1780000 0
-1790000 -1790000 0
-1830000 -1830000 0
-1810000 -1810000 0
-1810000 -1810000 0
-1790000 -1790000 0
-1760000 -1760000 0
-1730000 -1730000 0
-1760000 -1760000 0
-1800000 -1800000 0
-1810000 -1810000 0
-1850000 -1850000 0
-1870000 -1870000 0
-1870000 -1870000 0
-1870000 -1870000 0
-1850000 -1850000 0
-1840000 -1840000 0
-1840000 -1840000 0
-1820000 -1820000 0
-1790000 -1790000 0
-1790000 -1790000 0
-1850000 -1850000 0
-1820000 -1820000 0
-1840000 -1840000 0
-1840000 -1840000 0
-1880000 -1880000 0
-1890000 -1890000 0
-1860000 -1860000 0
-1870000 -1870000 0
-1810000 -1810000 0
-1820000 -1820000 0
-1840000 -1840000 0
-1800000 -1800000 0
-1830000 -1830000 0
-1850000 -1850000 0
-1850000 -1850000 0
-1840000 -1840000 0
-1890000 -1890000 0
-1860000 -1860000 0
-1890000 -1890000 0
-1860000 -1860000 0
-1870000 -1870000 0
-1840000 -1840000 0
-1820000 -1820000 0
-1820000 -1820000 0
-1800000 -1800000 0
-1790000 -1790000 0
-1710000 -1710000 0
-1710000 -1710000 0
-1710000 -1710000 0
-1650000 -1650000 0
-1590000 -1590000 0
-1590000 -1590000 0
-1530000 -1530000 0
-1500000 -1500000 0
-1460000 -1460000 0
-1410000 -1410000 0
-1360000 -1360000 0
-1300000 -1300000 0
-1240000 -1240000 0
-1210000 -1210000 0
-1120000 -1120000 0
-1100000 -1100000 0
-1110000 -1110000 0
-1140000 -1140000 0
-1110000 -1110000 0
-1110000 -1110000 0
-1090000 -1090000 0
-1090000 -1090000 0
-1110000 -1110000 0
-1180000 -1180000 0
-1250000 -1250000 0
-1350000 -1350000 0
-1410000 -1410000 0
-1530000 -1530000 0
-1620000 -1620000 0
-1690000 -1690000 0
-1770000 -1770000 0
-1790000 -1790000 0
-1780000 -1780000 0
-1810000 -1810000 0
-1800000 -1800000 0
-1810000 -1810000 0
-1830000 -1830000 0
-1820000 -1820000 0
-1860000 -1860000 0
-1870000 -1870000 0
-1850000 -1850000 0
-1850000 -1850000 0
-1820000 -1820000 0
-1830000 -1830000 0
-1820000 -1820000 0
-1830000 -1830000 0
-1830000 -1830000 0
-1850000 -1850000 0
-1870000 -1870000 0
-1910000 -1910000 0
-1890000 -1890000 0
-1880000 -1880000 0
-1860000 -1860000 0
-1850000 -1850000 0
-1870000 -1870000 0
-1840000 -1840000 0
-1810000 -1810000 0
-1830000 -1830000 0
-1830000 -1830000 0
-1810000 -1810000 0
-1840000 -1840000 0
-1860000 -1860000 0
-1890000 -1890000 0
-1910000 -1910000 0
-2000000 -2000000 0
-1960000 -1960000 0
-1940000 -1940000 0
-1850000 -1850000 0
-1600000 -1600000 0
-1320000 -1320000 0
-920000 -920000 0
-360000 -360000 0
350000 350000 0
1070000 1070000 0
1740000 1740000 0
2270000 2270000 0
2590000 2590000 0
2720000 2720000 0
2640000 2640000 0
2330000 2330000 0
1730000 1730000 0
820000 820000 0
-300000 -300000 0
-1270000 -1270000 0
-1940000 -1940000 0
-2150000 -2150000 0
-2020000 -2020000 0
-1730000 -1730000 0
-1450000 -1450000 0
-1310000 -1310000 0
-1290000 -1290000 0
-1350000 -1350000 0
-1460000 -1460000 0
-1600000 -1600000 0
-1720000 -1720000 0
-1750000 -1750000 0
-1840000 -1840000 0
-1800000 -1800000 0
-1800000 -1800000 0
-1790000 -1790000 0
-1800000 -1800000 0
-1820000 -1820000 0
-1810000 -1810000 0
-1780000 -1780000 0
-1770000 -1770000 0
-1780000 -1780000 0
-1790000 -1790000 0
-1820000 -1820000 0
-1820000 -1820000 0
-1840000 -1840000 0
-1830000 -1830000 0
-1830000 -1830000 0
-1840000 -1840000 0
-1820000 -1820000 0
-1790000 -1790000 0
-1790000 -1790000 0
-1790000 -1790000 0
-1810000 -1810000 0
-1800000 -1800000 0
-1790000 -1790000 0
-1810000 -1810000 0
-1840000 -1840000 0
-1840000 -1840000 0
-1890000 -1890000 0
-1850000 -1850000 0
-1810000 -1810000 0
-1790000 -1790000 0
-1780000 -1780000 0
-1750000 -1750000 0
-1770000 -1770000 0
-1760000 -1760000 0
-1780000 -1780000 0
-1780000 -1780000 0
-1810000 -1810000 0
-1820000 -1820000 0
-1820000 -1820000 0
-1760000 -1760000 0
-1770000 -1770000 0
-1710000 -1710000 0
-1710000 -1710000 0
-1640000 -1640000 0
-1670000 -1670000 0
-1670000 -1670000 0
-1690000 -1690000 0
-1670000 -1670000 0
-1680000 -1680000 0
-1660000 -1660000 0
-1670000 -1670000 0
-1630000 -1630000 0
-1580000 -1580000 0
-1540000 -1540000 0
-1500000 -1500000 0
-1470000 -1470000 0
-1460000 -1460000 0
-1450000 -1450000 0
-1460000 -1460000 0
-1430000 -1430000 0
-1450000 -1450000 0
-1420000 -1420000 0
-1410000 -1410000 0
-1370000 -1370000 0
-1320000 -1320000 0
-1270000 -1270000 0
-1240000 -1240000 0
-1200000 -1200000 0
-1150000 -1150000 0
-1130000 -1130000 0
-1090000 -1090000 0
-1080000 -1080000 0
-1040000 -1040000 0
-1010000 -1010000 0
-990000 -990000 0
-920000 -920000 0
-850000 -850000 0
-830000 -830000 0
-800000 -800000 0
-750000 -750000 0
-680000 -680000 0
-650000 -650000 0
-630000 -630000 0
-620000 -620000 0
-600000 -600000 0
-620000 -620000 0
-600000 -600000 0
-550000 -550000 0
-530000 -530000 0
-490000 -490000 0
-430000 -430000 0
-410000 -410000 0
-400000 -400000 0
-400000 -400000 0
-460000 -460000 0
-460000 -460000 0
-500000 -500000 0
-550000 -550000 0
-590000 -590000 0
-660000 -660000 0
-670000 -670000 0
-710000 -710000 0
-760000 -760000 0
-820000 -820000 0
-860000 -860000 0
-930000 -930000 0
-1000000 -1000000 0
-1090000 -1090000 0
-1140000 -1140000 0
-1220000 -1220000 0
-1260000 -1260000 0
-1300000 -1300000 0
-1330000 -1330000 0
-1350000 -1350000 0
-1380000 -1380000 0
-1410000 -1410000 0
-1450000 -1450000 0
-1460000 -1460000 0
-1500000 -1500000 0
-1560000 -1560000 0
-1580000 -1580000 0
-1640000 -1640000 0
-1650000 -1650000 0
-1620000 -1620000 0
-1610000 -1610000 0
-1610000 -1610000 0
-1580000 -1580000 0
-1640000 -1640000 0
-1650000 -1650000 0
-1640000 -1640000 0
-1630000 -1630000 0
-1650000 -1650000 0
-1650000 -1650000 0
-1660000 -1660000 0
-1660000 -1660000 0
-1650000 -1650000 0
-1640000 -1640000 0
-1650000 -1650000 0
-1650000 -1650000 0
-1610000 -1610000 0
-1610000 -1610000 0
-1620000 -1620000 0
-1620000 -1620000 0
-1640000 -1640000 0
-1630000 -1630000 0
-1620000 -1620000 0
-1590000 -1590000 0
-1580000 -1580000 0
-1580000 -1580000 0
-1560000 -1560000 0
-1530000 -1530000 0
-1520000 -1520000 0
-1550000 -1550000 0
-1540000 -1540000 0
-1540000 -1540000 0
-1530000 -1530000 0
-1540000 -1540000 0
-1530000 -1530000 0
-1450000 -1450000 0
-1330000 -1330000 0
-1130000 -1130000 0
-830000 -830000 0
-540000 -540000 0
-220000 -220000 0
120000 120000 0
480000 480000 0
850000 850000 0
1240000 1240000 0
1690000 1690000 0
2170000 2170000 0
2610000 2610000 0
3070000 3070000 0
3460000 3460000 0
3770000 3770000 0
4050000 4050000 0
4230000 4230000 0
4280000 4280000 0
4310000 4310000 0
4260000 4260000 0
4170000 4170000 0
4030000 4030000 0
3900000 3900000 0
3730000 3730000 0
3580000 3580000 0
3560000 3560000 0
3570000 3570000 0
3620000 3620000 0
3650000 3650000 0
3620000 3620000 0
3430000 3430000 0
3180000 3180000 0
2870000 2870000 0
2490000 2490000 0
2020000 2020000 0
1410000 1410000 0
730000 730000 0
-30000 -30000 0
-820000 -820000 0
-1460000 -1460000 0
-1780000 -1780000 0
-1980000 -1980000 0
-1970000 -1970000 0
-1940000 -1940000 0
-1960000 -1960000 0
-1960000 -1960000 0
-2009999 -2009999 0
-2150000 -2150000 0
-2250000 -2250000 0
-2330000 -2330000 0
-2410000 -2410000 0
-2440000 -2440000 0
-2410000 -2410000 0
-2440000 -2440000 0
-2460000 -2460000 0
-2530000 -2530000 0
-2560000 -2560000 0
-2640000 -2640000 0
-2630000 -2630000 0
-2670000 -2670000 0
-2680000 -2680000 0
-2700000 -2700000 0
-2680000 -2680000 0
-2720000 -2720000 0
-2720000 -2720000 0
-2730000 -2730000 0
-2770000 -2770000 0
-2780000 -2780000 0
-2850000 -2850000 0
-2860000 -2860000 0
-2920000 -2920000 0
-2920000 -2920000 0
-2940000 -2940000 0
-2960000 -2960000 0
-2960000 -2960000 0
-2970000 -2970000 0
-2990000 -2990000 0
-2990000 -2990000 0
-3020000 -3020000 0
-3020000 -3020000 0
-3060000 -3060000 0
-3070000 -3070000 0
-3070000 -3070000 0
-3090000 -3090000 0
-3120000 -3120000 0
-3100000 -3100000 0
-3100000 -3100000 0
-3060000 -3060000 0
-3040000 -3040000 0
-3050000 -3050000 0
-3050000 -3050000 0
-3020000 -3020000 0
-3060000 -3060000 0
-3120000 -3120000 0
-3200000 -3200000 0
-3260000 -3260000 0
-3330000 -3330000 0
-3370000 -3370000 0
-3410000 -3410000 0
-3460000 -3460000 0
-3500000 -3500000 0
-3640000 -3640000 0
-3750000 -3750000 0
-3900000 -3900000 0
-4040000 -4040000 0
-4190000 -4190000 0
-4320000 -4320000 0
-4390000 -4390000 0
-4480000 -4480000 0
-4510000 -4510000 0
-4520000 -4520000 0
-4540000 -4540000 0
-4510000 -4510000 0
-4510000 -4510000 0
-4530000 -4530000 0
-4540000 -4540000 0
-4540000 -4540000 0
-4520000 -4520000 0
-4470000 -4470000 0
-4440000 -4440000 0
-4370000 -4370000 0
-4300000 -4300000 0
-4190000 -4190000 0
-4090000 -4090000 0
-3950000 -3950000 0
-3870000 -3870000 0
-3780000 -3780000 0
-3680000 -3680000 0
-3570000 -3570000 0
-3420000 -3420000 0
-3320000 -3320000 0
-3230000 -3230000 0
-3120000 -3120000 0
-2970000 -2970000 0
-2900000 -2900000 0
-2790000 -2790000 0
-2640000 -2640000 0
-2580000 -2580000 0
-2510000 -2510000 0
-2450000 -2450000 0
-2450000 -2450000 0
-2410000 -2410000 0
-2390000 -2390000 0
-2340000 -2340000 0
-2290000 -2290000 0
-2260000 -2260000 0
-2220000 -2220000 0
-2210000 -2210000 0
-2190000 -2190000 0
-2200000 -2200000 0
-2190000 -2190000 0
-2210000 -2210000 0
-2210000 -2210000 0
-2220000 -2220000 0
-2240000 -2240000 0
-2230000 -2230000 0
-2240000 -2240000 0
-2220000 -2220000 0
-2200000 -2200000 0
-2180000 -2180000 0
-2150000 -2150000 0
-2180000 -2180000 0
-2170000 -2170000 0
-2180000 -2180000 0
-2220000 -2220000 0
-2220000 -2220000 0
-2250000 -2250000 0
-2250000 -2250000 0
-2270000 -2270000 0
-2250000 -2250000 0
-2220000 -2220000 0
-2170000 -2170000 0
-2150000 -2150000 0
-2150000 -2150000 0
-2160000 -2160000 0
-2190000 -2190000 0
-2190000 -2190000 0
-2210000 -2210000 0
-2190000 -2190000 0
-2210000 -2210000 0
-2160000 -2160000 0
-2120000 -2120000 0
-2120000 -2120000 0
-2089999 -2089999 0
-2069999 -2069999 0
-2069999 -2069999 0
-2100000 -2100000 0
-2130000 -2130000 0
-2089999 -2089999 0
-2140000 -2140000 0
-2160000 -2160000 0
-2140000 -2140000 0
-2110000 -2110000 0
-2110000 -2110000 0
-2100000 -2100000 0
-2089999 -2089999 0
-2089999 -2089999 0
-2089999 -2089999 0
-2060000 -2060000 0
-2100000 -2100000 0
-2120000 -2120000 0
-2130000 -2130000 0
-2140000 -2140000 0
-2130000 -2130000 0
-2140000 -2140000 0
-2120000 -2120000 0
-2100000 -2100000 0
-2100000 -2100000 0
-2060000 -2060000 0
-2060000 -2060000 0
-2049999 -2049999 0
-2089999 -2089999 0
-2100000 -2100000 0
-2120000 -2120000 0
-2089999 -2089999 0
-2080000 -2080000 0
-2080000 -2080000 0
-2080000 -2080000 0
-2020000 -2020000 0
-2040000 -2040000 0
-2029999 -2029999 0
-2049999 -2049999 0
-2029999 -2029999 0
-2080000 -2080000 0
-2089999 -2089999 0
-2089999 -2089999 0
-2080000 -2080000 0
-2110000 -2110000 0
-2100000 -2100000 0
-2080000 -2080000 0
-2040000 -2040000 0
-2040000 -2040000 0
-2029999 -2029999 0
-2029999 -2029999 0
-2009999 -2009999 0
-2029999 -2029999 0
-2049999 -2049999 0
-2080000 -2080000 0
-2080000 -2080000 0
-2080000 -2080000 0
-2069999 -2069999 0
-2080000 -2080000 0
-2029999 -2029999 0
-2029999 -2029999 0
-2000000 -2000000 0
-1960000 -1960000 0
-2020000 -2020000 0
-2020000 -2020000 0
-2040000 -2040000 0
-2060000 -2060000 0
-2049999 -2049999 0
-2060000 -2060000 0
-2040000 -2040000 0
-2049999 -2049999 0
-2020000 -2020000 0
-2029999 -2029999 0
-2000000 -2000000 0
-1990000 -1990000 0
-2020000 -2020000 0
-2049999 -2049999 0
-2069999 -2069999 0
-2040000 -2040000 0
-2049999 -2049999 0
-2069999 -2069999 0
-2040000 -2040000 0
-2040000 -2040000 0
-1960000 -1960000 0
-1980000 -1980000 0
-1950000 -1950000 0
-1980000 -1980000 0
-2000000 -2000000 0
-2029999 -2029999 0
-2069999 -2069999 0
-2060000 -2060000 0
-2060000 -2060000 0
-2049999 -2049999 0
-2049999 -2049999 0
-2009999 -2009999 0
-2009999 -2009999 0
-2000000 -2000000 0
-2009999 -2009999 0
-1980000 -1980000 0
-1960000 -1960000 0
-1970000 -1970000 0
-2000000 -2000000 0
-2020000 -2020000 0
-2009999 -2009999 0
-2029999 -2029999 0
-2029999 -2029999 0
-2000000 -2000000 0
-2000000 -2000000 0
-1970000 -1970000 0
-1960000 -1960000 0
-1950000 -1950000 0
-1990000 -1990000 0
-1980000 -1980000 0
-1970000 -1970000 0
-1960000 -1960000 0
-1960000 -1960000 0
-2009999 -2009999 0
-1970000 -1970000 0
-2009999 -2009999 0
-1970000 -1970000 0
-1960000 -1960000 0
-1930000 -1930000 0
-1940000 -1940000 0
-1950000 -1950000 0
-1960000 -1960000 0
-1960000 -1960000 0
-2000000 -2000000 0
-2000000 -2000000 0
-1990000 -1990000 0
-2009999 -2009999 0
-1980000 -1980000 0
-1940000 -1940000 0
-1950000 -1950000 0
-1910000 -1910000 0
-1910000 -1910000 0
-1900000 -1900000 0
-1930000 -1930000 0
-1970000 -1970000 0
-1970000 -1970000 0
-1970000 -1970000 0
-2000000 -2000000 0
-1950000 -1950000 0
-1950000 -1950000 0
-1920000 -1920000 0
-1910000 -1910000 0
-1890000 -1890000 0
-1930000 -1930000 0
-1930000 -1930000 0
-1950000 -1950000 0
-1990000 -1990000 0
-1990000 -1990000 0
-1970000 -1970000 0
-1980000 -1980000 0
-1950000 -1950000 0
-1950000 -1950000 0
-1940000 -1940000 0
-1920000 -1920000 0
-1890000 -1890000 0
-1890000 -1890000 0
-1920000 -1920000 0
-1930000 -1930000 0
-1950000 -1950000 0
-1970000 -1970000 0
-1960000 -1960000 0
-1940000 -1940000 0
-1930000 -1930000 0
-1890000 -1890000 0
-1890000 -1890000 0
-1890000 -1890000 0
-1910000 -1910000 0
-1890000 -1890000 0
-1890000 -1890000 0
-1940000 -1940000 0
-1930000 -1930000 0
-1930000 -1930000 0
-1950000 -1950000 0
-1930000 -1930000 0
-1970000 -1970000 0
-1950000 -1950000 0
-1930000 -1930000 0
-1920000 -1920000 0
-1880000 -1880000 0
-1870000 -1870000 0
-1870000 -1870000 0
-1870000 -1870000 0
-1900000 -1900000 0
-1970000 -1970000 0
-1960000 -1960000 0
-1960000 -1960000 0
-1920000 -1920000 0
-1910000 -1910000 0
-1830000 -1830000 0
-1840000 -1840000 0
-1840000 -1840000 0
-1840000 -1840000 0
-1830000 -1830000 0
-1860000 -1860000 0
-1880000 -1880000 0
-1880000 -1880000 0
-1920000 -1920000 0
-1920000 -1920000 0
-1910000 -1910000 0
-1900000 -1900000 0
-1870000 -1870000 0
-1860000 -1860000 0
-1850000 -1850000 0
-1840000 -1840000 0
-1840000 -1840000 0
-1840000 -1840000 0
-1860000 -1860000 0
-1860000 -1860000 0
-1880000 -1880000 0
-1870000 -1870000 0
-1850000 -1850000 0
-1860000 -1860000 0
-1840000 -1840000 0
-1810000 -1810000 0
-1790000 -1790000 0
-1780000 -1780000 0
-1800000 -1800000 0
-1800000 -1800000 0
-1830000 -1830000 0
-1850000 -1850000 0
-1890000 -1890000 0
-1920000 -1920000 0
-1900000 -1900000 0
-1890000 -1890000 0
-1850000 -1850000 0
-1820000 -1820000 0
-1840000 -1840000 0
-1820000 -1820000 0
-1840000 -1840000 0
-1840000 -1840000 0
-1850000 -1850000 0
-1830000 -1830000 0
-1840000 -1840000 0
-1820000 -1820000 0
-1770000 -1770000 0
-1730000 -1730000 0
-1650000 -1650000 0
-1630000 -1630000 0
-1570000 -1570000 0
-1570000 -1570000 0
-1550000 -1550000 0
-1540000 -1540000 0
-1560000 -1560000 0
-1530000 -1530000 0
-1500000 -1500000 0
-1460000 -1460000 0
-1410000 -1410000 0
-1330000 -1330000 0
-1230000 -1230000 0
-1170000 -1170000 0
-1140000 -1140000 0
-1110000 -1110000 0
-1130000 -1130000 0
-1150000 -1150000 0
-1240000 -1240000 0
-1190000 -1190000 0
-1190000 -1190000 0
-1220000 -1220000 0
-1200000 -1200000 0
-1210000 -1210000 0
-1270000 -1270000 0
-1340000 -1340000 0
-1410000 -1410000 0
-1530000 -1530000 0
-1680000 -1680000 0
-1770000 -1770000 0
-1840000 -1840000 0
-1900000 -1900000 0
-1900000 -1900000 0
-1910000 -1910000 0
-1940000 -1940000 0
-1890000 -1890000 0
-1890000 -1890000 0
-1850000 -1850000 0
-1830000 -1830000 0
-1860000 -1860000 0
-1870000 -1870000 0
-1890000 -1890000 0
-1920000 -1920000 0
-1900000 -1900000 0
-1900000 -1900000 0
-1910000 -1910000 0
-1920000 -1920000 0
-1880000 -1880000 0
-1880000 -1880000 0
-1870000 -1870000 0
-1870000 -1870000 0
-1910000 -1910000 0
-1940000 -1940000 0
-2009999 -2009999 0
-2040000 -2040000 0
-1960000 -1960000 0
-1800000 -1800000 0
-1440000 -1440000 0
-970000 -970000 0
-300000 -300000 0
490000 490000 0
1240000 1240000 0
1940000 1940000 0
2390000 2390000 0
2610000 2610000 0
2620000 2620000 0
2410000 2410000 0
1950000 1950000 0
1270000 1270000 0
300000 300000 0
-750000 -750000 0
-1620000 -1620000 0
-2089999 -2089999 0
-2160000 -2160000 0
-1930000 -1930000 0
-1680000 -1680000 0
-1440000 -1440000 0
-1340000 -1340000 0
-1390000 -1390000 0
-1540000 -1540000 0
-1680000 -1680000 0
-1800000 -1800000 0
-1880000 -1880000 0
-1930000 -1930000 0
-1900000 -1900000 0
-1890000 -1890000 0
-1840000 -1840000 0
-1880000 -1880000 0
-1860000 -1860000 0
-1880000 -1880000 0
-1910000 -1910000 0
-1940000 -1940000 0
-1970000 -1970000 0
-1970000 -1970000 0
-1990000 -1990000 0
-2009999 -2009999 0
-2000000 -2000000 0
-1980000 -1980000 0
-1960000 -1960000 0
-1960000 -1960000 0
-1970000 -1970000 0
-1990000 -1990000 0
-1980000 -1980000 0
-2009999 -2009999 0
-2020000 -2020000 0
-2029999 -2029999 0
-2009999 -2009999 0
-2000000 -2000000 0
-1970000 -1970000 0
-1970000 -1970000 0
-1970000 -1970000 0
-1950000 -1950000 0
-1960000 -1960000 0
-1980000 -1980000 0
-1990000 -1990000 0
-2020000 -2020000 0
-2060000 -2060000 0
-2049999 -2049999 0
-2049999 -2049999 0
-2020000 -2020000 0
-1980000 -1980000 0
-1970000 -1970000 0
-1980000 -1980000 0
-1980000 -1980000 0
-2029999 -2029999 0
-2029999 -2029999 0
-2029999 -2029999 0
-1990000 -1990000 0
-2029999 -2029999 0
-2029999 -2029999 0
-1990000 -1990000 0
-1980000 -1980000 0
-1920000 -1920000 0
-1900000 -1900000 0
-1870000 -1870000 0
-1880000 -1880000 0
-1870000 -1870000 0
-1870000 -1870000 0
-1870000 -1870000 0
-1850000 -1850000 0
-1870000 -1870000 0
-1830000 -1830000 0
-1810000 -1810000 0
-1770000 -1770000 0
-1730000 -1730000 0
-1710000 -1710000 0
-1660000 -1660000 0
-1650000 -1650000 0
-1610000 -1610000 0
-1600000 -1600000 0
-1590000 -1590000 0
-1590000 -1590000 0
-1570000 -1570000 0
-1580000 -1580000 0
-1530000 -1530000 0
-1510000 -1510000 0
-1440000 -1440000 0
-1420000 -1420000 0
-1340000 -1340000 0
-1330000 -1330000 0
-1300000 -1300000 0
-1260000 -1260000 0
-1270000 -1270000 0
-1250000 -1250000 0
-1220000 -1220000 0
-1160000 -1160000 0
-1150000 -1150000 0
-1090000 -1090000 0
-1040000 -1040000 0
-1010000 -1010000 0
-980000 -980000 0
-950000 -950000 0
-910000 -910000 0
-900000 -900000 0
-910000 -910000 0
-900000 -900000 0
-910000 -910000 0
-870000 -870000 0
-810000 -810000 0
-780000 -780000 0
-750000 -750000 0
-720000 -720000 0
-720000 -720000 0
-720000 -720000 0
-760000 -760000 0
-800000 -800000 0
-810000 -810000 0
-850000 -850000 0
-930000 -930000 0
-980000 -980000 0
-1010000 -1010000 0
-1050000 -1050000 0
-1080000 -1080000 0
-1120000 -1120000 0
-1150000 -1150000 0
-1240000 -1240000 0
-1280000 -1280000 0
-1340000 -1340000 0
-1360000 -1360000 0
-1420000 -1420000 0
-1480000 -1480000 0
-1480000 -1480000 0
-1500000 -1500000 0
-1530000 -1530000 0
-1550000 -1550000 0
-1530000 -1530000 0
-1530000 -1530000 0
-1570000 -1570000 0
-1570000 -1570000 0
-1610000 -1610000 0
-1660000 -1660000 0
-1630000 -1630000 0
-1650000 -1650000 0
-1690000 -1690000 0
-1680000 -1680000 0
-1650000 -1650000 0
-1650000 -1650000 0
-1610000 -1610000 0
-1600000 -1600000 0
-1580000 -1580000 0
-1580000 -1580000 0
-1620000 -1620000 0
-1610000 -1610000 0
-1600000 -1600000 0
-1630000 -1630000 0
-1660000 -1660000 0
-1630000 -1630000 0
-1590000 -1590000 0
-1610000 -1610000 0
-1570000 -1570000 0
-1550000 -1550000 0
-1550000 -1550000 0
-1530000 -1530000 0
-1540000 -1540000 0
-1540000 -1540000 0
-1540000 -1540000 0
-1590000 -1590000 0
-1590000 -1590000 0
-1580000 -1580000 0
-1590000 -1590000 0
-1580000 -1580000 0
-1560000 -1560000 0
-1510000 -1510000 0
-1520000 -1520000 0
-1470000 -1470000 0
-1420000 -1420000 0
-1230000 -1230000 0
-1080000 -1080000 0
-850000 -850000 0
-580000 -580000 0
-220000 -220000 0
90000 90000 0
490000 490000 0
900000 900000 0
1340000 1340000 0
1780000 1780000 0
2220000 2220000 0
2640000 2640000 0
3040000 3040000 0
3410000 3410000 0
3690000 3690000 0
3950000 3950000 0
4160000 4160000 0
4310000 4310000 0
4380000 4380000 0
4400000 4400000 0
4360000 4360000 0
4240000 4240000 0
4070000 4070000 0
3890000 3890000 0
3720000 3720000 0
3570000 3570000 0
3500000 3500000 0
3490000 3490000 0
3550000 3550000 0
3620000 3620000 0
3640000 3640000 0
3540000 3540000 0
3380000 3380000 0
3100000 3100000 0
2720000 2720000 0
2340000 2340000 0
1890000 1890000 0
1380000 1380000 0
740000 740000 0
30000 30000 0
-700000 -700000 0
-1380000 -1380000 0
-1820000 -1820000 0
-2040000 -2040000 0
-2100000 -2100000 0
-2060000 -2060000 0
-2080000 -2080000 0
-2060000 -2060000 0
-2120000 -2120000 0
-2200000 -2200000 0
-2320000 -2320000 0
-2440000 -2440000 0
-2530000 -2530000 0
-2520000 -2520000 0
-2560000 -2560000 0
-2580000 -2580000 0
-2590000 -2590000 0
-2610000 -2610000 0
-2650000 -2650000 0
-2680000 -2680000 0
-2730000 -2730000 0
-2750000 -2750000 0
-2780000 -2780000 0
-2800000 -2800000 0
-2850000 -2850000 0
-2870000 -2870000 0
-2850000 -2850000 0
-2890000 -2890000 0
-2900000 -2900000 0
-2910000 -2910000 0
-2940000 -2940000 0
-2950000 -2950000 0
-3010000 -3010000 0
-3040000 -3040000 0
-3080000 -3080000 0
-3090000 -3090000 0
-3100000 -3100000 0
-3150000 -3150000 0
-3130000 -3130000 0
-3180000 -3180000 0
-3160000 -3160000 0
-3210000 -3210000 0
-3250000 -3250000 0
-3270000 -3270000 0
-3350000 -3350000 0
-3360000 -3360000 0
-3410000 -3410000 0
-3410000 -3410000 0
-3440000 -3440000 0
-3430000 -3430000 0
-3410000 -3410000 0
-3390000 -3390000 0
-3420000 -3420000 0
-3410000 -3410000 0
-3460000 -3460000 0
-3490000 -3490000 0
-3530000 -3530000 0
-3550000 -3550000 0
-3540000 -3540000 0
-3570000 -3570000 0
-3530000 -3530000 0
-3530000 -3530000 0
-3510000 -3510000 0
-3510000 -3510000 0
-3580000 -3580000 0
-3630000 -3630000 0
-3740000 -3740000 0
-3800000 -3800000 0
-3870000 -3870000 0
-3910000 -3910000 0
-3950000 -3950000 0
-4019999 -4019999 0
-4090000 -4090000 0
-4160000 -4160000 0
-4220000 -4220000 0
-4320000 -4320000 0
-4390000 -4390000 0
-4470000 -4470000 0
-4550000 -4550000 0
-4600000 -4600000 0
-4660000 -4660000 0
-4660000 -4660000 0
-4690000 -4690000 0
-4650000 -4650000 0
-4660000 -4660000 0
-4570000 -4570000 0
-4530000 -4530000 0
-4470000 -4470000 0
-4420000 -4420000 0
-4370000 -4370000 0
-4270000 -4270000 0
-4220000 -4220000 0
-4139999 -4139999 0
-4050000 -4050000 0
-3980000 -3980000 0
-3880000 -3880000 0
-3780000 -3780000 0
-3640000 -3640000 0
-3530000 -3530000 0
-3410000 -3410000 0
-3310000 -3310000 0
-3160000 -3160000 0
-3080000 -3080000 0
-2960000 -2960000 0
-2920000 -2920000 0
-2820000 -2820000 0
-2770000 -2770000 0
-2700000 -2700000 0
-2640000 -2640000 0
-2570000 -2570000 0
-2490000 -2490000 0
-2450000 -2450000 0
-2390000 -2390000 0
-2340000 -2340000 0
-2360000 -2360000 0
-2360000 -2360000 0
-2360000 -2360000 0
-2360000 -2360000 0
-2370000 -2370000 0
-2370000 -2370000 0
-2360000 -2360000 0
-2350000 -2350000 0
-2320000 -2320000 0
-2320000 -2320000 0
-2300000 -2300000 0
-2300000 -2300000 0
-2290000 -2290000 0
-2290000 -2290000 0
-2300000 -2300000 0
-2310000 -2310000 0
-2330000 -2330000 0
-2300000 -2300000 0
-2310000 -2310000 0
-2300000 -2300000 0
-2290000 -2290000 0
-2290000 -2290000 0
-2290000 -2290000 0
-2270000 -2270000 0
-2240000 -2240000 0
-2220000 -2220000 0
-2250000 -2250000 0
-2260000 -2260000 0
-2250000 -2250000 0
-2280000 -2280000 0
-2240000 -2240000 0
-2240000 -2240000 0
-2230000 -2230000 0
-2200000 -2200000 0
-2200000 -2200000 0
-2180000 -2180000 0
-2200000 -2200000 0
-2180000 -2180000 0
-2210000 -2210000 0
-2200000 -2200000 0
-2210000 -2210000 0
-2230000 -2230000 0
-2240000 -2240000 0
-2180000 -2180000 0
-2180000 -2180000 0
-2180000 -2180000 0
-2200000 -2200000 0
-2140000 -2140000 0
-2140000 -2140000 0
-2150000 -2150000 0
-2170000 -2170000 0
-2180000 -2180000 0
-2210000 -2210000 0
-2200000 -2200000 0
-2190000 -2190000 0
-2230000 -2230000 0
-2160000 -2160000 0
-2150000 -2150000 0
-2120000 -2120000 0
-2110000 -2110000 0
-2120000 -2120000 0
-2130000 -2130000 0
-2130000 -2130000 0
-2150000 -2150000 0
-2150000 -2150000 0
-2160000 -2160000 0
-2190000 -2190000 0
-2180000 -2180000 0
-2130000 -2130000 0
-2140000 -2140000 0
-2080000 -2080000 0
-2089999 -2089999 0
-2080000 -2080000 0
-2100000 -2100000 0
-2130000 -2130000 0
-2140000 -2140000 0
-2160000 -2160000 0
-2170000 -2170000 0
-2130000 -2130000 0
-2120000 -2120000 0
-2120000 -2120000 0
-2100000 -2100000 0
-2069999 -2069999 0
-2049999 -2049999 0
-2089999 -2089999 0
-2080000 -2080000 0
-2080000 -2080000 0
-2089999 -2089999 0
-2110000 -2110000 0
-2130000 -2130000 0
-2110000 -2110000 0
-2100000 -2100000 0
-2100000 -2100000 0
-2069999 -2069999 0
-2060000 -2060000 0
-2049999 -2049999 0
-2040000 -2040000 0
-2060000 -2060000 0
-2069999 -2069999 0
-2089999 -2089999 0
-2110000 -2110000 0
-2089999 -2089999 0
-2100000 -2100000 0
-2080000 -2080000 0
-2100000 -2100000 0
-2040000 -2040000 0
-2040000 -2040000 0
-2040000 -2040000 0
-2029999 -2029999 0
-2049999 -2049999 0
-2060000 -2060000 0
-2080000 -2080000 0
-2100000 -2100000 0
-2069999 -2069999 0
-2089999 -2089999 0
-2080000 -2080000 0
-2040000 -2040000 0
-2029999 -2029999 0
-2000000 -2000000 0
-2000000 -2000000 0
-2009999 -2009999 0
-1990000 -1990000 0
-2000000 -2000000 0
-2060000 -2060000 0
-2049999 -2049999 0
-2060000 -2060000 0
-2040000 -2040000 0
-2040000 -2040000 0
-2029999 -2029999 0
-2020000 -2020000 0
-1990000 -1990000 0
-1990000 -1990000 0
-2029999 -2029999 0
-2009999 -2009999 0
-1980000 -1980000 0
-1990000 -1990000 0
-2029999 -2029999 0
-2009999 -2009999 0
-2009999 -2009999 0
-2000000 -2000000 0
-1970000 -1970000 0
-1960000 -1960000 0
-1940000 -1940000 0
-1940000 -1940000 0
-1930000 -1930000 0
-1960000 -1960000 0
-2000000 -2000000 0
-2000000 -2000000 0
-2029999 -2029999 0
-2009999 -2009999 0
-1970000 -1970000 0
-1990000 -1990000 0
-1950000 -1950000 0
-1930000 -1930000 0
-1960000 -1960000 0
-1910000 -1910000 0
-1900000 -1900000 0
-1910000 -1910000 0
-1930000 -1930000 0
-1930000 -1930000 0
-1950000 -1950000 0
-1970000 -1970000 0
-1940000 -1940000 0
-1930000 -1930000 0
-1900000 -1900000 0
-1880000 -1880000 0
-1910000 -1910000 0
-1860000 -1860000 0
-1880000 -1880000 0
-1880000 -1880000 0
-1890000 -1890000 0
-1930000 -1930000 0
-1930000 -1930000 0
-1920000 -1920000 0
-1930000 -1930000 0
-1900000 -1900000 0
-1930000 -1930000 0
-1880000 -1880000 0
-1900000 -1900000 0
-1870000 -1870000 0
-1880000 -1880000 0
-1860000 -1860000 0
-1870000 -1870000 0
-1900000 -1900000 0
-1880000 -1880000 0
-1900000 -1900000 0
-1900000 -1900000 0
-1890000 -1890000 0
-1870000 -1870000 0
-1860000 -1860000 0
-1840000 -1840000 0
-1870000 -1870000 0
-1820000 -1820000 0
-1830000 -1830000 0
-1880000 -1880000 0
-1880000 -1880000 0
-1900000 -1900000 0
-1900000 -1900000 0
-1870000 -1870000 0
-1890000 -1890000 0
-1840000 -1840000 0
-1840000 -1840000 0
-1830000 -1830000 0
-1800000 -1800000 0
-1830000 -1830000 0
-1830000 -1830000 0
-1850000 -1850000 0
-1840000 -1840000 0
-1860000 -1860000 0
-1850000 -1850000 0
-1840000 -1840000 0
-1840000 -1840000 0
-1830000 -1830000 0
-1800000 -1800000 0
-1760000 -1760000 0
-1760000 -1760000 0
-1770000 -1770000 0
-1790000 -1790000 0
-1810000 -1810000 0
-1830000 -1830000 0
-1830000 -1830000 0
-1870000 -1870000 0
-1830000 -1830000 0
-1810000 -1810000 0
-1810000 -1810000 0
-1810000 -1810000 0
-1780000 -1780000 0
-1780000 -1780000 0
-1800000 -1800000 0
-1790000 -1790000 0
-1810000 -1810000 0
-1830000 -1830000 0
-1800000 -1800000 0
-1850000 -1850000 0
-1850000 -1850000 0
-1850000 -1850000 0
-1800000 -1800000 0
-1810000 -1810000 0
-1830000 -1830000 0
-1750000 -1750000 0
-1780000 -1780000 0
-1790000 -1790000 0
-1800000 -1800000 0
-1790000 -1790000 0
-1800000 -1800000 0
-1800000 -1800000 0
-1800000 -1800000 0
-1800000 -1800000 0
-1790000 -1790000 0
-1760000 -1760000 0
-1750000 -1750000 0
-1770000 -1770000 0
-1770000 -1770000 0
-1740000 -1740000 0
-1780000 -1780000 0
-1760000 -1760000 0
-1750000 -1750000 0
-1800000 -1800000 0
-1770000 -1770000 0
-1780000 -1780000 0
-1780000 -1780000 0
-1760000 -1760000 0
-1750000 -1750000 0
-1710000 -1710000 0
-1730000 -1730000 0
-1720000 -1720000 0
-1720000 -1720000 0
-1730000 -1730000 0
-1730000 -1730000 0
-1740000 -1740000 0
-1720000 -1720000 0
-1700000 -1700000 0
-1720000 -1720000 0
-1700000 -1700000 0
-1680000 -1680000 0
-1720000 -1720000 0
-1690000 -1690000 0
-1680000 -1680000 0
-1660000 -1660000 0
-1660000 -1660000 0
-1640000 -1640000 0
-1650000 -1650000 0
-1590000 -1590000 0
-1560000 -1560000 0
-1480000 -1480000 0
-1410000 -1410000 0
-1390000 -1390000 0
-1370000 -1370000 0
-1350000 -1350000 0
-1320000 -1320000 0
-1300000 -1300000 0
-1260000 -1260000 0
-1240000 -1240000 0
-1140000 -1140000 0
-1050000 -1050000 0
-1020000 -1020000 0
-930000 -930000 0
-940000 -940000 0
-950000 -950000 0
-970000 -970000 0
-1010000 -1010000 0
-1050000 -1050000 0
-1030000 -1030000 0
-1050000 -1050000 0
-1070000 -1070000 0
-1170000 -1170000 0
-1250000 -1250000 0
-1360000 -1360000 0
-1470000 -1470000 0
-1560000 -1560000 0
-1630000 -1630000 0
-1680000 -1680000 0
-1690000 -1690000 0
-1710000 -1710000 0
-1710000 -1710000 0
-1730000 -1730000 0
-1760000 -1760000 0
-1780000 -1780000 0
-1770000 -1770000 0
-1790000 -1790000 0
-1780000 -1780000 0
-1770000 -1770000 0
-1730000 -1730000 0
-1710000 -1710000 0
-1720000 -1720000 0
-1730000 -1730000 0
-1750000 -1750000 0
-1770000 -1770000 0
-1770000 -1770000 0
-1760000 -1760000 0
-1770000 -1770000 0
-1760000 -1760000 0
-1750000 -1750000 0
-1780000 -1780000 0
-1820000 -1820000 0
-1870000 -1870000 0
-1870000 -1870000 0
-1770000 -1770000 0
-1530000 -1530000 0
-1170000 -1170000 0
-650000 -650000 0
-30000 -30000 0
730000 730000 0
1510000 1510000 0
2130000 2130000 0
2570000 2570000 0
2730000 2730000 0
2650000 2650000 0
2320000 2320000 0
1680000 1680000 0
810000 810000 0
-230000 -230000 0
-1200000 -1200000 0
-1800000 -1800000 0
-1980000 -1980000 0
-1870000 -1870000 0
-1610000 -1610000 0
-1340000 -1340000 0
-1210000 -1210000 0
-1220000 -1220000 0
-1340000 -1340000 0
-1450000 -1450000 0
-1610000 -1610000 0
-1740000 -1740000 0
-1780000 -1780000 0
-1830000 -1830000 0
-1840000 -1840000 0
-1800000 -1800000 0
-1810000 -1810000 0
-1770000 -1770000 0
-1720000 -1720000 0
-1740000 -1740000 0
-1740000 -1740000 0
-1750000 -1750000 0
-1800000 -1800000 0
-1830000 -1830000 0
-1840000 -1840000 0
-1860000 -1860000 0
-1820000 -1820000 0
-1830000 -1830000 0
-1790000 -1790000 0
-1790000 -1790000 0
-1810000 -1810000 0
-1800000 -1800000 0
-1790000 -1790000 0
-1800000 -1800000 0
-1820000 -1820000 0
-1830000 -1830000 0
-1850000 -1850000 0
-1860000 -1860000 0
-1860000 -1860000 0
-1840000 -1840000 0
-1810000 -1810000 0
-1780000 -1780000 0
-1780000 -1780000 0
-1780000 -1780000 0
-1780000 -1780000 0
-1770000 -1770000 0
-1790000 -1790000 0
-1830000 -1830000 0
-1820000 -1820000 0
-1830000 -1830000 0
-1840000 -1840000 0
-1820000 -1820000 0
-1790000 -1790000 0
-1770000 -1770000 0
-1750000 -1750000 0
-1760000 -1760000 0
-1760000 -1760000 0
-1740000 -1740000 0
-1780000 -1780000 0
-1780000 -1780000 0
-1790000 -1790000 0
-1790000 -1790000 0
-1780000 -1780000 0
-1760000 -1760000 0
-1750000 -1750000 0
-1690000 -1690000 0
-1660000 -1660000 0
-1640000 -1640000 0
-1640000 -1640000 0
-1610000 -1610000 0
-1640000 -1640000 0
-1650000 -1650000 0
-1640000 -1640000 0
-1610000 -1610000 0
-1590000 -1590000 0
-1540000 -1540000 0
-1500000 -1500000 0
-1440000 -1440000 0
-1400000 -1400000 0
-1380000 -1380000 0
-1370000 -1370000 0
-1340000 -1340000 0
-1330000 -1330000 0
-1340000 -1340000 0
-1300000 -1300000 0
-1300000 -1300000 0
-1250000 -1250000 0
-1240000 -1240000 0
-1200000 -1200000 0
-1150000 -1150000 0
-1100000 -1100000 0
-1030000 -1030000 0
-1000000 -1000000 0
-1020000 -1020000 0
-980000 -980000 0
-950000 -950000 0
-940000 -940000 0
-940000 -940000 0
-900000 -900000 0
-850000 -850000 0
-830000 -830000 0
-760000 -760000 0
-720000 -720000 0
-660000 -660000 0
-660000 -660000 0
-650000 -650000 0
-620000 -620000 0
-600000 -600000 0
-620000 -620000 0
-590000 -590000 0
-620000 -620000 0
-600000 -600000 0
-600000 -600000 0
-590000 -590000 0
-590000 -590000 0
-640000 -640000 0
-690000 -690000 0
-780000 -780000 0
-790000 -790000 0
-860000 -860000 0
-890000 -890000 0
-950000 -950000 0
-1030000 -1030000 0
-1080000 -1080000 0
-1080000 -1080000 0
-1130000 -1130000 0
-1140000 -1140000 0
-1170000 -1170000 0
-1210000 -1210000 0
-1270000 -1270000 0
-1310000 -1310000 0
-1360000 -1360000 0
-1400000 -1400000 0
-1410000 -1410000 0
-1450000 -1450000 0
-1430000 -1430000 0
-1450000 -1450000 0
-1440000 -1440000 0
-1460000 -1460000 0
-1470000 -1470000 0
-1470000 -1470000 0
-1490000 -1490000 0
-1480000 -1480000 0
-1510000 -1510000 0
-1540000 -1540000 0
-1570000 -1570000 0
-1580000 -1580000 0
-1500000 -1500000 0
-1500000 -1500000 0
-1490000 -1490000 0
-1460000 -1460000 0
-1460000 -1460000 0
-1450000 -1450000 0
-1430000 -1430000 0
-1470000 -1470000 0
-1490000 -1490000 0
-1520000 -1520000 0
-1470000 -1470000 0
-1460000 -1460000 0
-1440000 -1440000 0
-1400000 -1400000 0
-1400000 -1400000 0
-1420000 -1420000 0
-1410000 -1410000 0
-1470000 -1470000 0
-1440000 -1440000 0
-1500000 -1500000 0
-1480000 -1480000 0
-1420000 -1420000 0
-1240000 -1240000 0
-1100000 -1100000 0
-830000 -830000 0
-470000 -470000 0
-140000 -140000 0
190000 190000 0
570000 570000 0
990000 990000 0
1400000 1400000 0
1880000 1880000 0
2380000 2380000 0
2820000 2820000 0
3240000 3240000 0
3610000 3610000 0
3920000 3920000 0
4160000 4160000 0
4330000 4330000 0
4440000 4440000 0
4470000 4470000 0
4470000 4470000 0
4410000 4410000 0
4250000 4250000 0
4090000 4090000 0
3860000 3860000 0
3700000 3700000 0
3610000 3610000 0
3620000 3620000 0
3650000 3650000 0
3680000 3680000 0
3620000 3620000 0
3410000 3410000 0
3160000 3160000 0
2780000 2780000 0
2430000 2430000 0
2009999 2009999 0
1570000 1570000 0
1030000 1030000 0
320000 320000 0
-360000 -360000 0
-1060000 -1060000 0
-1580000 -1580000 0
-1860000 -1860000 0
-1950000 -1950000 0
-1940000 -1940000 0
-1890000 -1890000 0
-1910000 -1910000 0
-1950000 -1950000 0
-2060000 -2060000 0
-2140000 -2140000 0
-2220000 -2220000 0
-2310000 -2310000 0
-2350000 -2350000 0
-2400000 -2400000 0
-2450000 -2450000 0
-2470000 -2470000 0
-2480000 -2480000 0
-2550000 -2550000 0
-2580000 -2580000 0
-2620000 -2620000 0
-2650000 -2650000 0
-2710000 -2710000 0
-2710000 -2710000 0
-2750000 -2750000 0
-2770000 -2770000 0
-2780000 -2780000 0
-2780000 -2780000 0
-2780000 -2780000 0
-2830000 -2830000 0
-2840000 -2840000 0
-2900000 -2900000 0
-2920000 -2920000 0
-2950000 -2950000 0
-2960000 -2960000 0
-3000000 -3000000 0
-2970000 -2970000 0
-2980000 -2980000 0
-2950000 -2950000 0
-2930000 -2930000 0
-2930000 -2930000 0
-2930000 -2930000 0
-2940000 -2940000 0
-2980000 -2980000 0
-3010000 -3010000 0
-3050000 -3050000 0
-3030000 -3030000 0
-3020000 -3020000 0
-2970000 -2970000 0
-2940000 -2940000 0
-2960000 -2960000 0
-2970000 -2970000 0
-3030000 -3030000 0
-3100000 -3100000 0
-3190000 -3190000 0
-3280000 -3280000 0
-3350000 -3350000 0
-3400000 -3400000 0
-3510000 -3510000 0
-3590000 -3590000 0
-3730000 -3730000 0
-3890000 -3890000 0
-4010000 -4010000 0
-4139999 -4139999 0
-4250000 -4250000 0
-4370000 -4370000 0
-4450000 -4450000 0
-4530000 -4530000 0
-4590000 -4590000 0
-4610000 -4610000 0
-4650000 -4650000 0
-4670000 -4670000 0
-4680000 -4680000 0
-4680000 -4680000 0
-4650000 -4650000 0
-4630000 -4630000 0
-4610000 -4610000 0
-4580000 -4580000 0
-4600000 -4600000 0
-4550000 -4550000 0
-4530000 -4530000 0
-4470000 -4470000 0
-4420000 -4420000 0
-4380000 -4380000 0
-4270000 -4270000 0
-4139999 -4139999 0
-4050000 -4050000 0
-3960000 -3960000 0
-3820000 -3820000 0
-3760000 -3760000 0
-3650000 -3650000 0
-3550000 -3550000 0
-3460000 -3460000 0
-3360000 -3360000 0
-3250000 -3250000 0
-3150000 -3150000 0
-3070000 -3070000 0
-2930000 -2930000 0
-2810000 -2810000 0
-2710000 -2710000 0
-2620000 -2620000 0
-2570000 -2570000 0
-2530000 -2530000 0
-2500000 -2500000 0
-2470000 -2470000 0
-2440000 -2440000 0
-2420000 -2420000 0
-2420000 -2420000 0
-2400000 -2400000 0
-2310000 -2310000 0
-2300000 -2300000 0
-2270000 -2270000 0
-2280000 -2280000 0
-2290000 -2290000 0
-2270000 -2270000 0
-2310000 -2310000 0
-2300000 -2300000 0
-2330000 -2330000 0
-2300000 -2300000 0
-2340000 -2340000 0
-2350000 -2350000 0
-2310000 -2310000 0
-2290000 -2290000 0
-2280000 -2280000 0
-2260000 -2260000 0
-2250000 -2250000 0
-2260000 -2260000 0
-2250000 -2250000 0
-2270000 -2270000 0
-2270000 -2270000 0
-2300000 -2300000 0
-2300000 -2300000 0
-2270000 -2270000 0
-2240000 -2240000 0
-2210000 -2210000 0
-2200000 -2200000 0
-2180000 -2180000 0
-2170000 -2170000 0
-2170000 -2170000 0
-2200000 -2200000 0
-2230000 -2230000 0
-2250000 -2250000 0
-2260000 -2260000 0
-2240000 -2240000 0
-2230000 -2230000 0
-2180000 -2180000 0
-2160000 -2160000 0
-2140000 -2140000 0
-2130000 -2130000 0
-2130000 -2130000 0
-2150000 -2150000 0
-2180000 -2180000 0
-2200000 -2200000 0
-2170000 -2170000 0
-2190000 -2190000 0
-2180000 -2180000 0
-2170000 -2170000 0
-2210000 -2210000 0
-2170000 -2170000 0
-2160000 -2160000 0
-2130000 -2130000 0
-2140000 -2140000 0
-2130000 -2130000 0
-2130000 -2130000 0
-2150000 -2150000 0
-2210000 -2210000 0
-2200000 -2200000 0
-2210000 -2210000 0
-2190000 -2190000 0
-2160000 -2160000 0
-2150000 -2150000 0
-2120000 -2120000 0
-2120000 -2120000 0
-2110000 -2110000 0
-2120000 -2120000 0
-2130000 -2130000 0
-2140000 -2140000 0
-2130000 -2130000 0
-2120000 -2120000 0
-2150000 -2150000 0
-2120000 -2120000 0
-2130000 -2130000 0
-2120000 -2120000 0
-2089999 -2089999 0
-2080000 -2080000 0
-2080000 -2080000 0
-2089999 -2089999 0
-2089999 -2089999 0
-2100000 -2100000 0
-2140000 -2140000 0
-2120000 -2120000 0
-2120000 -2120000 0
-2140000 -2140000 0
-2140000 -2140000 0
-2080000 -2080000 0
-2080000 -2080000 0
-2040000 -2040000 0
-2060000 -2060000 0
-2040000 -2040000 0
-2040000 -2040000 0
-2130000 -2130000 0
-2140000 -2140000 0
-2150000 -2150000 0
-2160000 -2160000 0
-2150000 -2150000 0
-2150000 -2150000 0
-2110000 -2110000 0
-2080000 -2080000 0
-2049999 -2049999 0
-2040000 -2040000 0
-2040000 -2040000 0
-2060000 -2060000 0
-2080000 -2080000 0
-2060000 -2060000 0
-2110000 -2110000 0
-2110000 -2110000 0
-2110000 -2110000 0
-2080000 -2080000 0
-2040000 -2040000 0
-2029999 -2029999 0
-1990000 -1990000 0
-2009999 -2009999 0
-2040000 -2040000 0
-2049999 -2049999 0
-2060000 -2060000 0
-2040000 -2040000 0
-2049999 -2049999 0
-2069999 -2069999 0
-2049999 -2049999 0
-2029999 -2029999 0
-2029999 -2029999 0
-2020000 -2020000 0
-2040000 -2040000 0
-2029999 -2029999 0
-2020000 -2020000 0
-2009999 -2009999 0
-2020000 -2020000 0
-2020000 -2020000 0
-2000000 -2000000 0
-2049999 -2049999 0
-2029999 -2029999 0
-2020000 -2020000 0
-2000000 -2000000 0
-2000000 -2000000 0
-1970000 -1970000 0
-1980000 -1980000 0
-1990000 -1990000 0
-2000000 -2000000 0
-2000000 -2000000 0
-2009999 -2009999 0
-2000000 -2000000 0
-2009999 -2009999 0
-2000000 -2000000 0
-1970000 -1970000 0
-1950000 -1950000 0
-1940000 -1940000 0
-1930000 -1930000 0
-1950000 -1950000 0
-1970000 -1970000 0
-1950000 -1950000 0
-1980000 -1980000 0
-2009999 -2009999 0
-1990000 -1990000 0
-2020000 -2020000 0
-2000000 -2000000 0
-1960000 -1960000 0
-1940000 -1940000 0
-1940000 -1940000 0
-1890000 -1890000 0
-1930000 -1930000 0
-1920000 -1920000 0
-1980000 -1980000 0
-1980000 -1980000 0
-1990000 -1990000 0
-1970000 -1970000 0
-1980000 -1980000 0
-1970000 -1970000 0
-1950000 -1950000 0
-1950000 -1950000 0
-1950000 -1950000 0
-1940000 -1940000 0
-1950000 -1950000 0
-1920000 -1920000 0
-1930000 -1930000 0
-1950000 -1950000 0
-1950000 -1950000 0
-1980000 -1980000 0
-1990000 -1990000 0
-1980000 -1980000 0
-1980000 -1980000 0
-1930000 -1930000 0
-1920000 -1920000 0
-1900000 -1900000 0
-1940000 -1940000 0
-1920000 -1920000 0
-1910000 -1910000 0
-1940000 -1940000 0
-1940000 -1940000 0
-1960000 -1960000 0
-1960000 -1960000 0
-1950000 -1950000 0
-1920000 -1920000 0
-1920000 -1920000 0
-1870000 -1870000 0
-1870000 -1870000 0
-1870000 -1870000 0
-1880000 -1880000 0
-1880000 -1880000 0
-1900000 -1900000 0
-1920000 -1920000 0
-1910000 -1910000 0
-1900000 -1900000 0
-1920000 -1920000 0
-1900000 -1900000 0
-1900000 -1900000 0
-1860000 -1860000 0
-1860000 -1860000 0
-1890000 -1890000 0
-1940000 -1940000 0
-1950000 -1950000 0
-1950000 -1950000 0
-1940000 -1940000 0
-1930000 -1930000 0
-1920000 -1920000 0
-1910000 -1910000 0
-1900000 -1900000 0
-1860000 -1860000 0
-1850000 -1850000 0
-1830000 -1830000 0
-1830000 -1830000 0
-1860000 -1860000 0
-1860000 -1860000 0
-1890000 -1890000 0
-1890000 -1890000 0
-1880000 -1880000 0
-1890000 -1890000 0
-1920000 -1920000 0
-1870000 -1870000 0
-1870000 -1870000 0
-1850000 -1850000 0
-1860000 -1860000 0
-1850000 -1850000 0
-1850000 -1850000 0
-1880000 -1880000 0
-1880000 -1880000 0
-1880000 -1880000 0
-1890000 -1890000 0
-1890000 -1890000 0
-1890000 -1890000 0
-1860000 -1860000 0
-1830000 -1830000 0
-1860000 -1860000 0
-1820000 -1820000 0
-1870000 -1870000 0
-1870000 -1870000 0
-1860000 -1860000 0
-1860000 -1860000 0
-1890000 -1890000 0
-1890000 -1890000 0
-1890000 -1890000 0
-1850000 -1850000 0
-1850000 -1850000 0
-1840000 -1840000 0
-1860000 -1860000 0
-1810000 -1810000 0
-1790000 -1790000 0
-1790000 -1790000 0
-1840000 -1840000 0
-1830000 -1830000 0
-1860000 -1860000 0
-1850000 -1850000 0
-1800000 -1800000 0
-1780000 -1780000 0
-1800000 -1800000 0
-1790000 -1790000 0
-1740000 -1740000 0
-1730000 -1730000 0
-1750000 -1750000 0
-1770000 -1770000 0
-1760000 -1760000 0
-1780000 -1780000 0
-1770000 -1770000 0
-1760000 -1760000 0
-1800000 -1800000 0
-1790000 -1790000 0
-1750000 -1750000 0
-1730000 -1730000 0
-1670000 -1670000 0
-1680000 -1680000 0
-1680000 -1680000 0
-1630000 -1630000 0
-1610000 -1610000 0
-1590000 -1590000 0
-1590000 -1590000 0
-1550000 -1550000 0
-1520000 -1520000 0
-1490000 -1490000 0
-1460000 -1460000 0
-1440000 -1440000 0
-1410000 -1410000 0
-1330000 -1330000 0
-1290000 -1290000 0
-1240000 -1240000 0
-1150000 -1150000 0
-1110000 -1110000 0
-1040000 -1040000 0
-1000000 -1000000 0
-1020000 -1020000 0
-1020000 -1020000 0
-1030000 -1030000 0
-1030000 -1030000 0
-1020000 -1020000 0
-1010000 -1010000 0
-1020000 -1020000 0
-1070000 -1070000 0
-1110000 -1110000 0
-1270000 -1270000 0
-1380000 -1380000 0
-1480000 -1480000 0
-1550000 -1550000 0
-1650000 -1650000 0
-1690000 -1690000 0
-1700000 -1700000 0
-1710000 -1710000 0
-1700000 -1700000 0
-1680000 -1680000 0
-1700000 -1700000 0
-1710000 -1710000 0
-1740000 -1740000 0
-1760000 -1760000 0
-1770000 -1770000 0
-1760000 -1760000 0
-1800000 -1800000 0
-1740000 -1740000 0
-1740000 -1740000 0
-1730000 -1730000 0
-1690000 -1690000 0
-1670000 -1670000 0
-1670000 -1670000 0
-1710000 -1710000 0
-1710000 -1710000 0
-1740000 -1740000 0
-1740000 -1740000 0
-1770000 -1770000 0
-1790000 -1790000 0
-1830000 -1830000 0
-1850000 -1850000 0
-1860000 -1860000 0
-1770000 -1770000 0
-1610000 -1610000 0
-1300000 -1300000 0
-880000 -880000 0
-330000 -330000 0
350000 350000 0
1050000 1050000 0
1790000 1790000 0
2370000 2370000 0
2740000 2740000 0
2850000 2850000 0
2810000 2810000 0
2450000 2450000 0
1820000 1820000 0
860000 860000 0
-260000 -260000 0
-1220000 -1220000 0
-1820000 -1820000 0
-1950000 -1950000 0
-1790000 -1790000 0
-1530000 -1530000 0
-1270000 -1270000 0
-1190000 -1190000 0
-1170000 -1170000 0
-1270000 -1270000 0
-1410000 -1410000 0
-1550000 -1550000 0
-1630000 -1630000 0
-1730000 -1730000 0
-1730000 -1730000 0
-1730000 -1730000 0
-1750000 -1750000 0
-1750000 -1750000 0
-1720000 -1720000 0
-1740000 -1740000 0
-1680000 -1680000 0
-1710000 -1710000 0
-1740000 -1740000 0
-1770000 -1770000 0
-1760000 -1760000 0
-1800000 -1800000 0
-1790000 -1790000 0
-1800000 -1800000 0
-1800000 -1800000 0
-1760000 -1760000 0
-1730000 -1730000 0
-1740000 -1740000 0
-1770000 -1770000 0
-1710000 -1710000 0
-1720000 -1720000 0
-1740000 -1740000 0
-1750000 -1750000 0
-1770000 -1770000 0
-1760000 -1760000 0
-1760000 -1760000 0
-1780000 -1780000 0
-1750000 -1750000 0
-1740000 -1740000 0
-1730000 -1730000 0
-1710000 -1710000 0
-1690000 -1690000 0
-1690000 -1690000 0
-1710000 -1710000 0
-1740000 -1740000 0
-1750000 -1750000 0
-1750000 -1750000 0
-1710000 -1710000 0
-1730000 -1730000 0
-1710000 -1710000 0
-1670000 -1670000 0
-1680000 -1680000 0
-1670000 -1670000 0
-1630000 -1630000 0
-1640000 -1640000 0
-1620000 -1620000 0
-1630000 -1630000 0
-1610000 -1610000 0
-1620000 -1620000 0
-1640000 -1640000 0
-1650000 -1650000 0
-1600000 -1600000 0
-1590000 -1590000 0
-1570000 -1570000 0
-1520000 -1520000 0
-1480000 -1480000 0
-1450000 -1450000 0
-1470000 -1470000 0
-1450000 -1450000 0
-1420000 -1420000 0
-1450000 -1450000 0
-1430000 -1430000 0
-1400000 -1400000 0
-1360000 -1360000 0
-1320000 -1320000 0
-1300000 -1300000 0
-1260000 -1260000 0
-1210000 -1210000 0
-1150000 -1150000 0
-1170000 -1170000 0
-1110000 -1110000 0
-1100000 -1100000 0
-1070000 -1070000 0
-1050000 -1050000 0
-1030000 -1030000 0
-990000 -990000 0
-920000 -920000 0
-890000 -890000 0
-830000 -830000 0
-770000 -770000 0
-760000 -760000 0
-750000 -750000 0
-760000 -760000 0
-750000 -750000 0
-710000 -710000 0
-710000 -710000 0
-630000 -630000 0
-600000 -600000 0
-540000 -540000 0
-530000 -530000 0
-490000 -490000 0
-440000 -440000 0
-470000 -470000 0
-480000 -480000 0
-490000 -490000 0
-520000 -520000 0
-550000 -550000 0
-530000 -530000 0
-580000 -580000 0
-620000 -620000 0
-640000 -640000 0
-650000 -650000 0
-670000 -670000 0
-680000 -680000 0
-730000 -730000 0
-800000 -800000 0
-890000 -890000 0
-930000 -930000 0
-960000 -960000 0
-1000000 -1000000 0
-1020000 -1020000 0
-1080000 -1080000 0
-1120000 -1120000 0
-1130000 -1130000 0
-1130000 -1130000 0
-1130000 -1130000 0
-1180000 -1180000 0
-1200000 -1200000 0
-1240000 -1240000 0
-1270000 -1270000 0
-1300000 -1300000 0
-1320000 -1320000 0
-1340000 -1340000 0
-1330000 -1330000 0
-1330000 -1330000 0
-1340000 -1340000 0
-1340000 -1340000 0
-1330000 -1330000 0
-1330000 -1330000 0
-1360000 -1360000 0
-1330000 -1330000 0
-1360000 -1360000 0
-1370000 -1370000 0
-1390000 -1390000 0
-1380000 -1380000 0
-1390000 -1390000 0
-1380000 -1380000 0
-1350000 -1350000 0
-1330000 -1330000 0
-1340000 -1340000 0
-1340000 -1340000 0
-1320000 -1320000 0
-1350000 -1350000 0
-1360000 -1360000 0
-1320000 -1320000 0
-1370000 -1370000 0
-1370000 -1370000 0
-1340000 -1340000 0
-1340000 -1340000 0
-1320000 -1320000 0
-1320000 -1320000 0
-1310000 -1310000 0
-1320000 -1320000 0
-1290000 -1290000 0
-1290000 -1290000 0
-1290000 -1290000 0
-1310000 -1310000 0
-1290000 -1290000 0
-1300000 -1300000 0
-1300000 -1300000 0
-1300000 -1300000 0
-1320000 -1320000 0
-1310000 -1310000 0
-1300000 -1300000 0
-1320000 -1320000 0
-1340000 -1340000 0
-1370000 -1370000 0
-1350000 -1350000 0
-1290000 -1290000 0
-1150000 -1150000 0
-970000 -970000 0
-730000 -730000 0
-400000 -400000 0
-80000 -80000 0
250000 250000 0
680000 680000 0
1080000 1080000 0
1510000 1510000 0
1920000 1920000 0
2340000 2340000 0
2800000 2800000 0
3200000 3200000 0
3560000 3560000 0
3860000 3860000 0
4139999 4139999 0
4330000 4330000 0
4450000 4450000 0
4480000 4480000 0
4460000 4460000 0
4370000 4370000 0
4260000 4260000 0
4090000 4090000 0
3920000 3920000 0
3830000 3830000 0
3760000 3760000 0
3800000 3800000 0
3800000 3800000 0
3810000 3810000 0
3740000 3740000 0
3650000 3650000 0
3410000 3410000 0
3120000 3120000 0
2730000 2730000 0
2320000 2320000 0
1870000 1870000 0
1320000 1320000 0
660000 660000 0
-90000 -90000 0
-820000 -820000 0
-1380000 -1380000 0
-1720000 -1720000 0
-1860000 -1860000 0
-1820000 -1820000 0
-1810000 -1810000 0
-1790000 -1790000 0
-1820000 -1820000 0
-1930000 -1930000 0
-2049999 -2049999 0
-2170000 -2170000 0
-2260000 -2260000 0
-2300000 -2300000 0
-2310000 -2310000 0
-2310000 -2310000 0
-2360000 -2360000 0
-2350000 -2350000 0
-2370000 -2370000 0
-2450000 -2450000 0
-2460000 -2460000 0
-2520000 -2520000 0
-2530000 -2530000 0
-2560000 -2560000 0
-2570000 -2570000 0
-2580000 -2580000 0
-2560000 -2560000 0
-2570000 -2570000 0
-2570000 -2570000 0
-2560000 -2560000 0
-2590000 -2590000 0
-2590000 -2590000 0
-2590000 -2590000 0
-2580000 -2580000 0
-2600000 -2600000 0
-2630000 -2630000 0
-2650000 -2650000 0
-2640000 -2640000 0
-2610000 -2610000 0
-2600000 -2600000 0
-2570000 -2570000 0
-2510000 -2510000 0
-2500000 -2500000 0
-2470000 -2470000 0
-2490000 -2490000 0
-2510000 -2510000 0
-2560000 -2560000 0
-2650000 -2650000 0
-2690000 -2690000 0
-2750000 -2750000 0
-2760000 -2760000 0
-2780000 -2780000 0
-2810000 -2810000 0
-2880000 -2880000 0
-3020000 -3020000 0
-3170000 -3170000 0
-3320000 -3320000 0
-3450000 -3450000 0
-3600000 -3600000 0
-3710000 -3710000 0
-3860000 -3860000 0
-3950000 -3950000 0
-4000000 -4000000 0
-4080000 -4080000 0
-4110000 -4110000 0
-4160000 -4160000 0
-4210000 -4210000 0
-4280000 -4280000 0
-4350000 -4350000 0
-4440000 -4440000 0
-4430000 -4430000 0
-4490000 -4490000 0
-4520000 -4520000 0
-4520000 -4520000 0
-4560000 -4560000 0
-4570000 -4570000 0
-4580000 -4580000 0
-4600000 -4600000 0
-4580000 -4580000 0
-4570000 -4570000 0
-4560000 -4560000 0
-4540000 -4540000 0
-4520000 -4520000 0
-4470000 -4470000 0
-4410000 -4410000 0
-4340000 -4340000 0
-4270000 -4270000 0
-4190000 -4190000 0
-4090000 -4090000 0
-4030000 -4030000 0
-3930000 -3930000 0
-3860000 -3860000 0
-3760000 -3760000 0
-3670000 -3670000 0
-3530000 -3530000 0
-3430000 -3430000 0
-3290000 -3290000 0
-3160000 -3160000 0
-3050000 -3050000 0
-2910000 -2910000 0
-2810000 -2810000 0
-2720000 -2720000 0
-2650000 -2650000 0
-2580000 -2580000 0
-2520000 -2520000 0
-2460000 -2460000 0
-2440000 -2440000 0
-2400000 -2400000 0
-2370000 -2370000 0
-2300000 -2300000 0
-2270000 -2270000 0
-2210000 -2210000 0
-2150000 -2150000 0
-2170000 -2170000 0
-2140000 -2140000 0
-2160000 -2160000 0
-2180000 -2180000 0
-2230000 -2230000 0
-2210000 -2210000 0
-2260000 -2260000 0
-2230000 -2230000 0
-2220000 -2220000 0
-2190000 -2190000 0
-2150000 -2150000 0
-2140000 -2140000 0
-2140000 -2140000 0
-2130000 -2130000 0
-2140000 -2140000 0
-2170000 -2170000 0
-2160000 -2160000 0
-2180000 -2180000 0
-2180000 -2180000 0
-2170000 -2170000 0
-2160000 -2160000 0
-2130000 -2130000 0
-2140000 -2140000 0
-2100000 -2100000 0
-2089999 -2089999 0
-2100000 -2100000 0
-2049999 -2049999 0
-2110000 -2110000 0
-2110000 -2110000 0
-2130000 -2130000 0
-2150000 -2150000 0
-2140000 -2140000 0
-2080000 -2080000 0
-2049999 -2049999 0
-2040000 -2040000 0
-2020000 -2020000 0
-2000000 -2000000 0
-2060000 -2060000 0
-2049999 -2049999 0
-2080000 -2080000 0
-2069999 -2069999 0
-2080000 -2080000 0
-2069999 -2069999 0
-2069999 -2069999 0
-2020000 -2020000 0
-2020000 -2020000 0
-2020000 -2020000 0
-2009999 -2009999 0
-1990000 -1990000 0
-1980000 -1980000 0
-2020000 -2020000 0
-2060000 -2060000 0
-2040000 -2040000 0
-2049999 -2049999 0
-2049999 -2049999 0
-2000000 -2000000 0
-2029999 -2029999 0
-2000000 -2000000 0
-2020000 -2020000 0
-1970000 -1970000 0
-1990000 -1990000 0
-1970000 -1970000 0
-1980000 -1980000 0
-1980000 -1980000 0
-1990000 -1990000 0
-2000000 -2000000 0
-2020000 -2020000 0
-1990000 -1990000 0
-2000000 -2000000 0
-2000000 -2000000 0
-2009999 -2009999 0
-1970000 -1970000 0
-1960000 -1960000 0
-1990000 -1990000 0
-1950000 -1950000 0
-1980000 -1980000 0
-2000000 -2000000 0
-1990000 -1990000 0
-1980000 -1980000 0
-1970000 -1970000 0
-1990000 -1990000 0
-1980000 -1980000 0
-1970000 -1970000 0
-1920000 -1920000 0
-1940000 -1940000 0
-1940000 -1940000 0
-1970000 -1970000 0
-1990000 -1990000 0
-1990000 -1990000 0
-2000000 -2000000 0
-2000000 -2000000 0
-1980000 -1980000 0
-2009999 -2009999 0
-1940000 -1940000 0
-1940000 -1940000 0
-1900000 -1900000 0
-1880000 -1880000 0
-1900000 -1900000 0
-1910000 -1910000 0
-1930000 -1930000 0
-1940000 -1940000 0
-1920000 -1920000 0
-1950000 -1950000 0
-1940000 -1940000 0
-1910000 -1910000 0
-1930000 -1930000 0
-1920000 -1920000 0
-1890000 -1890000 0
-1900000 -1900000 0
-1910000 -1910000 0
-1920000 -1920000 0
-1930000 -1930000 0
-1920000 -1920000 0
-1940000 -1940000 0
-1940000 -1940000 0
-1950000 -1950000 0
-1910000 -1910000 0
-1900000 -1900000 0
-1870000 -1870000 0
-1850000 -1850000 0
-1850000 -1850000 0
-1850000 -1850000 0
-1850000 -1850000 0
-1900000 -1900000 0
-1910000 -1910000 0
-1950000 -1950000 0
-1930000 -1930000 0
-1910000 -1910000 0
-1880000 -1880000 0
-1900000 -1900000 0
